[15:01:59.982] Detected cameras: ['Camera 0 (dshow)']
[15:01:59.987] Detected serial ports: ['COM1', 'COM4', 'COM3', 'COM5']
[15:01:59.987] Loaded profile from E:\PROGRAM\ProbeCAM-CNC\.git\ProbeCAM-CNC\data\probe_cam_profile.json
[15:01:59.987] Application initialized. Load a profile or start scanning cameras.
[15:01:59.987] Unable to connect to COM5: could not open port 'COM5': PermissionError(13, 'Access is denied.', None, 5)
[15:02:00.989] Unable to connect to COM5: could not open port 'COM5': PermissionError(13, 'Access is denied.', None, 5)
[15:02:00.999] Saved profile to E:\PROGRAM\ProbeCAM-CNC\.git\ProbeCAM-CNC\data\probe_cam_profile.json
[15:02:40.878] Detected cameras: ['Camera 0 (dshow)']
[15:02:40.884] Detected serial ports: ['COM1', 'COM4', 'COM3', 'COM5']
[15:02:40.885] Loaded profile from E:\PROGRAM\ProbeCAM-CNC\.git\ProbeCAM-CNC\data\probe_cam_profile.json
[15:02:40.885] Application initialized. Load a profile or start scanning cameras.
[15:02:43.619] Connected to COM5 at 115200 baud; status polling started
[15:02:43.727] GRBL coordinates updated: X=62.836 Y=45.488 Z=-1.000
[15:02:57.026] BUTTON command sent: 'G91\nG0 X1 F600\nG90'
[15:02:58.122] BUTTON command sent: 'G91\nG0 X1 F600\nG90'
[15:02:59.106] BUTTON command sent: 'G91\nG0 X1 F600\nG90'
[15:03:00.466] BUTTON command sent: 'G91\nG0 X1 F600\nG90'
[15:03:01.311] BUTTON command sent: 'G91\nG0 X1 F600\nG90'
[15:03:01.533] BUTTON command sent: 'G91\nG0 X1 F600\nG90'
[15:03:01.734] BUTTON command sent: 'G91\nG0 X1 F600\nG90'
[15:03:01.893] BUTTON command sent: 'G91\nG0 X1 F600\nG90'
[15:03:02.370] BUTTON command sent: 'G91\nG0 X-1 F600\nG90'
[15:03:02.558] BUTTON command sent: 'G91\nG0 X-1 F600\nG90'
[15:03:02.731] BUTTON command sent: 'G91\nG0 X-1 F600\nG90'
[15:03:02.894] BUTTON command sent: 'G91\nG0 X-1 F600\nG90'
[15:03:03.045] BUTTON command sent: 'G91\nG0 X-1 F600\nG90'
[15:03:07.275] BUTTON command sent: '$H'
[15:03:07.537] GRBL coordinates updated: X=62.836 Y=45.488 Z=0.000
[15:03:07.756] GRBL coordinates updated: X=62.836 Y=45.488 Z=-0.052
[15:03:07.866] GRBL coordinates updated: X=62.836 Y=45.488 Z=-0.220
[15:03:07.974] GRBL coordinates updated: X=62.836 Y=45.488 Z=-0.512
[15:03:08.083] GRBL coordinates updated: X=62.836 Y=45.488 Z=-0.792
[15:03:08.193] GRBL coordinates updated: X=62.836 Y=45.488 Z=-0.956
[15:03:08.303] GRBL coordinates updated: X=62.836 Y=45.488 Z=-1.000
[15:03:09.595] BUTTON command sent: '$H'
[15:03:09.952] GRBL coordinates updated: X=62.836 Y=45.488 Z=0.000
[15:03:10.062] GRBL coordinates updated: X=62.836 Y=45.488 Z=-0.036
[15:03:10.170] GRBL coordinates updated: X=62.836 Y=45.488 Z=-0.192
[15:03:10.280] GRBL coordinates updated: X=62.836 Y=45.488 Z=-0.464
[15:03:10.388] GRBL coordinates updated: X=62.836 Y=45.488 Z=-0.764
[15:03:10.496] GRBL coordinates updated: X=62.836 Y=45.488 Z=-0.940
[15:03:10.606] GRBL coordinates updated: X=62.836 Y=45.488 Z=-1.000
[15:03:11.364] BUTTON command sent: '$H'
[15:03:11.701] GRBL coordinates updated: X=62.836 Y=45.488 Z=0.000
[15:03:11.804] GRBL coordinates updated: X=62.836 Y=45.488 Z=-0.024
[15:03:11.921] GRBL coordinates updated: X=62.836 Y=45.488 Z=-0.144
[15:03:12.029] GRBL coordinates updated: X=62.836 Y=45.488 Z=-0.412
[15:03:12.133] GRBL coordinates updated: X=62.836 Y=45.488 Z=-0.720
[15:03:12.238] GRBL coordinates updated: X=62.836 Y=45.488 Z=-0.912
[15:03:12.346] GRBL coordinates updated: X=62.836 Y=45.488 Z=-0.996
[15:03:12.473] GRBL coordinates updated: X=62.836 Y=45.488 Z=-1.000
[15:03:12.615] BUTTON command sent: 'G91\nG0 X1 F600\nG90'
[15:03:12.907] BUTTON command sent: 'G91\nG0 X1 F600\nG90'
[15:03:13.069] BUTTON command sent: 'G91\nG0 X1 F600\nG90'
[15:03:13.270] BUTTON command sent: 'G91\nG0 X1 F600\nG90'
[15:03:13.462] BUTTON command sent: 'G91\nG0 X1 F600\nG90'
[15:03:14.937] BUTTON command sent: 'G91\nG0 X-1 F600\nG90'
[15:03:15.120] BUTTON command sent: 'G91\nG0 X-1 F600\nG90'
[15:04:09.547] BUTTON command sent: '$H'
[15:04:09.802] GRBL coordinates updated: X=62.836 Y=45.488 Z=0.000
[15:04:10.019] GRBL coordinates updated: X=62.836 Y=45.488 Z=-0.044
[15:04:10.130] GRBL coordinates updated: X=62.836 Y=45.488 Z=-0.200
[15:04:10.239] GRBL coordinates updated: X=62.836 Y=45.488 Z=-0.484
[15:04:10.347] GRBL coordinates updated: X=62.836 Y=45.488 Z=-0.776
[15:04:10.469] GRBL coordinates updated: X=62.836 Y=45.488 Z=-0.948
[15:04:10.578] GRBL coordinates updated: X=62.836 Y=45.488 Z=-1.000
[15:04:12.595] BUTTON command sent: 'G10 L20 P1 Z0'
[15:04:13.477] BUTTON command sent: 'G10 L20 P1 Z0'
[15:04:14.395] BUTTON command sent: 'G10 L20 P1 Y0'
[15:04:14.820] BUTTON command sent: 'G10 L20 P1 X0'
[15:04:16.055] BUTTON command sent: 'G91\nG0 X1 F600\nG90'
[15:04:16.955] BUTTON command sent: '$H'
[15:04:17.260] GRBL coordinates updated: X=62.836 Y=45.488 Z=0.000
[15:04:17.371] GRBL coordinates updated: X=62.836 Y=45.488 Z=-0.008
[15:04:17.477] GRBL coordinates updated: X=62.836 Y=45.488 Z=-0.104
[15:04:17.590] GRBL coordinates updated: X=62.836 Y=45.488 Z=-0.312
[15:04:17.699] GRBL coordinates updated: X=62.836 Y=45.488 Z=-0.636
[15:04:17.806] GRBL coordinates updated: X=62.836 Y=45.488 Z=-0.872
[15:04:17.917] GRBL coordinates updated: X=62.836 Y=45.488 Z=-0.984
[15:04:18.028] GRBL coordinates updated: X=62.836 Y=45.488 Z=-1.000
[15:04:21.043] Saved profile to E:\PROGRAM\ProbeCAM-CNC\.git\ProbeCAM-CNC\data\probe_cam_profile.json
[15:04:29.378] Detected cameras: ['Camera 0 (dshow)']
[15:04:29.383] Detected serial ports: ['COM1', 'COM4', 'COM3', 'COM5']
[15:04:29.384] Loaded profile from E:\PROGRAM\ProbeCAM-CNC\.git\ProbeCAM-CNC\data\probe_cam_profile.json
[15:04:29.385] Application initialized. Load a profile or start scanning cameras.
[15:04:29.385] Connected to COM5 at 115200 baud; status polling started
[15:04:29.744] GRBL coordinates updated: X=1.000 Y=2.000 Z=3.000
[15:04:29.747] Saved profile to E:\PROGRAM\ProbeCAM-CNC\.git\ProbeCAM-CNC\data\probe_cam_profile.json
[15:04:55.184] Detected cameras: ['Camera 0 (dshow)']
[15:04:55.191] Detected serial ports: ['COM1', 'COM4', 'COM3', 'COM5']
[15:04:55.192] Loaded profile from E:\PROGRAM\ProbeCAM-CNC\.git\ProbeCAM-CNC\data\probe_cam_profile.json
[15:04:55.192] Application initialized. Load a profile or start scanning cameras.
[15:05:00.754] Connected to COM5 at 115200 baud; status polling started
[15:05:00.865] GRBL coordinates updated: X=62.836 Y=45.488 Z=-1.000
[15:05:05.305] BUTTON command sent: 'G91\nG0 X0.01 F600\nG90'
[15:05:05.786] BUTTON command sent: 'G91\nG0 X0.01 F600\nG90'
[15:05:05.973] BUTTON command sent: 'G91\nG0 X0.01 F600\nG90'
[15:05:06.364] BUTTON command sent: 'G91\nG0 X0.01 F600\nG90'
[15:05:06.838] BUTTON command sent: 'G91\nG0 X0.01 F600\nG90'
[15:05:20.403] BUTTON command sent: '$H'
[15:05:20.719] GRBL coordinates updated: X=62.836 Y=45.488 Z=0.000
[15:05:20.829] GRBL coordinates updated: X=62.836 Y=45.488 Z=-0.012
[15:05:20.939] GRBL coordinates updated: X=62.836 Y=45.488 Z=-0.120
[15:05:21.044] GRBL coordinates updated: X=62.836 Y=45.488 Z=-0.348
[15:05:21.157] GRBL coordinates updated: X=62.836 Y=45.488 Z=-0.656
[15:05:21.267] GRBL coordinates updated: X=62.836 Y=45.488 Z=-0.888
[15:05:21.377] GRBL coordinates updated: X=62.836 Y=45.488 Z=-0.992
[15:05:21.485] GRBL coordinates updated: X=62.836 Y=45.488 Z=-1.000
[15:05:23.236] BUTTON command sent: '$H'
[15:05:23.579] GRBL coordinates updated: X=62.836 Y=45.488 Z=0.000
[15:05:23.687] GRBL coordinates updated: X=62.836 Y=45.488 Z=-0.028
[15:05:23.787] GRBL coordinates updated: X=62.836 Y=45.488 Z=-0.160
[15:05:23.904] GRBL coordinates updated: X=62.836 Y=45.488 Z=-0.392
[15:05:24.013] GRBL coordinates updated: X=62.836 Y=45.488 Z=-0.724
[15:05:24.120] GRBL coordinates updated: X=62.836 Y=45.488 Z=-0.920
[15:05:24.232] GRBL coordinates updated: X=62.836 Y=45.488 Z=-0.996
[15:05:24.341] GRBL coordinates updated: X=62.836 Y=45.488 Z=-1.000
[15:05:25.030] BUTTON command sent: '$H'
[15:05:25.322] GRBL coordinates updated: X=62.836 Y=45.488 Z=0.000
[15:05:25.432] GRBL coordinates updated: X=62.836 Y=45.488 Z=-0.004
[15:05:25.540] GRBL coordinates updated: X=62.836 Y=45.488 Z=-0.088
[15:05:25.651] GRBL coordinates updated: X=62.836 Y=45.488 Z=-0.288
[15:05:25.760] GRBL coordinates updated: X=62.836 Y=45.488 Z=-0.604
[15:05:25.867] GRBL coordinates updated: X=62.836 Y=45.488 Z=-0.852
[15:05:25.975] GRBL coordinates updated: X=62.836 Y=45.488 Z=-0.980
[15:05:26.084] GRBL coordinates updated: X=62.836 Y=45.488 Z=-1.000
[15:05:26.706] BUTTON command sent: '$H'
[15:05:27.068] GRBL coordinates updated: X=62.836 Y=45.488 Z=0.000
[15:05:27.178] GRBL coordinates updated: X=62.836 Y=45.488 Z=-0.040
[15:05:27.288] GRBL coordinates updated: X=62.836 Y=45.488 Z=-0.204
[15:05:27.398] GRBL coordinates updated: X=62.836 Y=45.488 Z=-0.484
[15:05:27.506] GRBL coordinates updated: X=62.836 Y=45.488 Z=-0.776
[15:05:27.616] GRBL coordinates updated: X=62.836 Y=45.488 Z=-0.948
[15:05:27.724] GRBL coordinates updated: X=62.836 Y=45.488 Z=-1.000
[15:05:28.508] BUTTON command sent: '$H'
[15:05:28.821] GRBL coordinates updated: X=62.836 Y=45.488 Z=0.000
[15:05:28.926] GRBL coordinates updated: X=62.836 Y=45.488 Z=-0.008
[15:05:29.037] GRBL coordinates updated: X=62.836 Y=45.488 Z=-0.112
[15:05:29.148] GRBL coordinates updated: X=62.836 Y=45.488 Z=-0.332
[15:05:29.253] GRBL coordinates updated: X=62.836 Y=45.488 Z=-0.656
[15:05:29.366] GRBL coordinates updated: X=62.836 Y=45.488 Z=-0.876
[15:05:29.474] GRBL coordinates updated: X=62.836 Y=45.488 Z=-0.988
[15:05:29.582] GRBL coordinates updated: X=62.836 Y=45.488 Z=-1.000
[15:07:06.199] Detected cameras: ['Camera 0 (dshow)']
[15:07:06.204] Detected serial ports: ['COM1', 'COM4', 'COM3', 'COM5']
[15:07:06.205] Loaded profile from E:\PROGRAM\ProbeCAM-CNC\.git\ProbeCAM-CNC\data\probe_cam_profile.json
[15:07:06.205] Application initialized. Load a profile or start scanning cameras.
[15:07:06.205] Connected to COM5 at 115200 baud; status polling started
[15:07:06.354] GRBL coordinates updated: X=12.345 Y=6.789 Z=1.111
[15:07:06.600] Motion controller disconnected
[15:07:06.601] Saved profile to E:\PROGRAM\ProbeCAM-CNC\.git\ProbeCAM-CNC\data\probe_cam_profile.json
[15:07:12.373] Saved profile to E:\PROGRAM\ProbeCAM-CNC\.git\ProbeCAM-CNC\data\probe_cam_profile.json
[15:08:07.226] Detected cameras: ['Camera 0 (dshow)']
[15:08:07.231] Detected serial ports: ['COM1', 'COM4', 'COM3', 'COM5']
[15:08:07.232] Loaded profile from E:\PROGRAM\ProbeCAM-CNC\.git\ProbeCAM-CNC\data\probe_cam_profile.json
[15:08:07.233] Application initialized. Load a profile or start scanning cameras.
[15:08:12.507] Connected to COM5 at 115200 baud; status polling started
[15:08:12.622] GRBL coordinates updated: X=62.836 Y=45.488 Z=-1.000
[15:08:15.124] BUTTON command sent: 'G91\nG0 X0.01 F600\nG90'
[15:08:16.061] BUTTON command sent: 'G91\nG0 X0.01 F600\nG90'
[15:08:16.726] BUTTON command sent: 'G91\nG0 X0.01 F600\nG90'
[15:08:17.195] BUTTON command sent: 'G91\nG0 X0.01 F600\nG90'
[15:08:17.405] BUTTON command sent: 'G91\nG0 X0.01 F600\nG90'
[15:08:17.598] BUTTON command sent: 'G91\nG0 X0.01 F600\nG90'
[15:08:17.763] BUTTON command sent: 'G91\nG0 X0.01 F600\nG90'
[15:08:17.866] GRBL reply without MPos: error:9\r\nerror:9\r\nerror:9\r\n
[15:08:17.939] BUTTON command sent: 'G91\nG0 X0.01 F600\nG90'
[15:08:18.102] BUTTON command sent: 'G91\nG0 X0.01 F600\nG90'
[15:08:18.188] GRBL reply without MPos: error:9\r\nerror:9\r\nerror:9\r\n
[15:08:18.270] BUTTON command sent: 'G91\nG0 X0.01 F600\nG90'
[15:08:18.436] BUTTON command sent: 'G91\nG0 X0.01 F600\nG90'
[15:08:18.822] BUTTON command sent: 'G91\nG0 X0.01 F600\nG90'
[15:08:19.018] BUTTON command sent: 'G91\nG0 X0.01 F600\nG90'
[15:08:19.067] GRBL reply without MPos: error:9\r\nerror:9\r\nerror:9\r\n
[15:08:19.206] BUTTON command sent: 'G91\nG0 X0.01 F600\nG90'
[15:08:19.390] BUTTON command sent: 'G91\nG0 X0.01 F600\nG90'
[15:08:19.569] BUTTON command sent: 'G91\nG0 X0.01 F600\nG90'
[15:08:19.739] BUTTON command sent: 'G91\nG0 X0.01 F600\nG90'
[15:08:19.837] GRBL reply without MPos: error:9\r\nerror:9\r\nerror:9\r\n
[15:08:23.446] GRBL reply without MPos: error:8\r\n
[15:08:24.648] GRBL reply without MPos: error:8\r\n
[15:08:27.052] BUTTON command sent: '$H'
[15:08:27.312] GRBL coordinates updated: X=62.836 Y=45.488 Z=0.000
[15:08:27.388] GRBL coordinates updated: X=62.836 Y=45.488 Z=-0.004
[15:08:27.498] GRBL coordinates updated: X=62.836 Y=45.488 Z=-0.140
[15:08:27.515] BUTTON command sent: '$H'
[15:08:27.606] GRBL coordinates updated: X=62.836 Y=45.488 Z=-0.152
[15:08:27.725] GRBL coordinates updated: X=62.836 Y=45.488 Z=-0.528
[15:08:27.838] GRBL coordinates updated: X=62.836 Y=45.488 Z=-0.876
[15:08:27.852] BUTTON command sent: '$H'
[15:08:27.949] GRBL coordinates updated: X=62.836 Y=45.488 Z=-0.996
[15:08:28.043] BUTTON command sent: '$H'
[15:08:28.064] GRBL reply without MPos: ALARM:8\r\n\r\nGrblHAL 20260109\r\n[MSG:'$H'|'$X' to unlock]\r\n
[15:08:28.176] GRBL coordinates updated: X=62.836 Y=45.488 Z=-1.000
[15:08:28.203] BUTTON command sent: '$H'
[15:08:28.372] BUTTON command sent: '$H'
[15:08:28.455] GRBL coordinates updated: X=62.836 Y=45.488 Z=0.000
[15:08:28.512] GRBL coordinates updated: X=62.836 Y=45.488 Z=-0.004
[15:08:28.563] BUTTON command sent: '$H'
[15:08:28.615] GRBL coordinates updated: X=62.836 Y=45.488 Z=-0.028
[15:08:28.727] GRBL coordinates updated: X=62.836 Y=45.488 Z=-0.252
[15:08:28.839] GRBL coordinates updated: X=62.836 Y=45.488 Z=-0.624
[15:08:28.946] GRBL coordinates updated: X=62.836 Y=45.488 Z=-0.668
[15:08:29.050] GRBL coordinates updated: X=62.836 Y=45.488 Z=-0.944
[15:08:29.140] BUTTON command sent: '$H'
[15:08:29.171] GRBL reply without MPos: ALARM:8\r\n
[15:08:29.268] GRBL reply without MPos: \r\nGrblHAL 20260109\r\n[MSG:'$H'|'$X' to unlock]\r\nerror:8\r\n
[15:08:29.380] GRBL coordinates updated: X=62.836 Y=45.488 Z=-1.000
[15:08:29.719] GRBL reply without MPos: error:8\r\n
[15:08:30.046] GRBL reply without MPos: error:8\r\n
[15:08:30.075] BUTTON command sent: '$H'
[15:08:30.361] GRBL coordinates updated: X=62.836 Y=45.488 Z=0.000
[15:08:30.482] GRBL coordinates updated: X=62.836 Y=45.488 Z=-0.004
[15:08:30.586] GRBL coordinates updated: X=62.836 Y=45.488 Z=-0.116
[15:08:30.699] GRBL coordinates updated: X=62.836 Y=45.488 Z=-0.456
[15:08:30.806] GRBL coordinates updated: X=62.836 Y=45.488 Z=-0.840
[15:08:30.911] GRBL coordinates updated: X=62.836 Y=45.488 Z=-0.976
[15:08:31.025] GRBL coordinates updated: X=62.836 Y=45.488 Z=-0.992
[15:08:31.134] GRBL coordinates updated: X=62.836 Y=45.488 Z=-1.000
[15:08:31.238] GRBL reply without MPos: error:8\r\n
[15:08:31.689] GRBL reply without MPos: error:8\r\n
[15:08:32.882] GRBL reply without MPos: error:8\r\n
[15:08:34.082] GRBL reply without MPos: error:8\r\n
[15:08:34.965] GRBL reply without MPos: error:8\r\n
[15:08:35.414] GRBL reply without MPos: error:8\r\n
[15:08:36.613] GRBL reply without MPos: error:8\r\n
[15:08:36.946] GRBL reply without MPos: error:8\r\nerror:8\r\n
[15:08:37.378] GRBL reply without MPos: error:8\r\n
[15:08:37.819] GRBL reply without MPos: error:8\r\n
[15:08:38.581] GRBL reply without MPos: error:8\r\n
[15:08:39.038] GRBL reply without MPos: error:8\r\n
[15:08:39.918] GRBL reply without MPos: error:8\r\n
[15:08:40.236] GRBL reply without MPos: error:8\r\n
[15:08:41.119] GRBL reply without MPos: error:8\r\n
[15:08:41.444] GRBL reply without MPos: error:8\r\n
[15:08:41.882] GRBL reply without MPos: error:8\r\n
[15:08:42.322] GRBL reply without MPos: error:8\r\n
[15:08:42.647] GRBL reply without MPos: error:8\r\n
[15:08:43.087] GRBL reply without MPos: error:8\r\n
[15:08:43.845] GRBL reply without MPos: error:8\r\n
[15:08:44.283] GRBL reply without MPos: error:8\r\n
[15:08:44.729] GRBL reply without MPos: error:8\r\n
[15:08:45.173] GRBL reply without MPos: error:8\r\n
[15:08:45.925] GRBL reply without MPos: error:8\r\n
[15:08:46.368] GRBL reply without MPos: error:8\r\n
[15:08:46.810] GRBL reply without MPos: error:8\r\n
[15:08:47.574] GRBL reply without MPos: error:8\r\n
[15:08:48.014] GRBL reply without MPos: error:8\r\n
[15:08:48.340] GRBL reply without MPos: error:8\r\n
[15:08:48.778] GRBL reply without MPos: error:8\r\n
[15:08:49.216] GRBL reply without MPos: error:8\r\n
[15:08:49.542] GRBL reply without MPos: error:8\r\n
[15:08:49.974] GRBL reply without MPos: error:8\r\n
[15:08:50.417] GRBL reply without MPos: error:8\r\n
[15:08:51.178] GRBL reply without MPos: error:8\r\n
[15:08:52.377] GRBL reply without MPos: error:8\r\n
[15:08:53.590] GRBL reply without MPos: error:8\r\n
[15:08:54.796] GRBL reply without MPos: error:8\r\n
[15:08:56.440] GRBL reply without MPos: error:8\r\n
[15:08:57.313] GRBL reply without MPos: error:8\r\n
[15:08:57.628] GRBL reply without MPos: error:8\r\n
[15:08:58.065] GRBL reply without MPos: error:8\r\n
[15:08:58.398] GRBL reply without MPos: error:8\r\n
[15:08:58.833] GRBL reply without MPos: error:8\r\n
[15:08:59.273] GRBL reply without MPos: error:8\r\n
[15:08:59.599] GRBL reply without MPos: error:8\r\n
[15:09:00.035] GRBL reply without MPos: error:8\r\n
[15:09:00.476] GRBL reply without MPos: error:8\r\n
[15:09:01.238] GRBL reply without MPos: error:8\r\n
[15:09:01.689] GRBL reply without MPos: error:8\r\n
[15:09:02.549] GRBL reply without MPos: error:8\r\n
[15:09:04.093] GRBL reply without MPos: error:8\r\n
[15:09:04.959] GRBL reply without MPos: error:8\r\n
[15:09:05.290] GRBL reply without MPos: error:8\r\n
[15:09:05.727] GRBL reply without MPos: error:8\r\n
[15:09:06.490] GRBL reply without MPos: error:8\r\n
[15:09:06.931] GRBL reply without MPos: error:8\r\n
[15:09:07.366] GRBL reply without MPos: error:8\r\n
[15:09:07.692] GRBL reply without MPos: error:8\r\n
[15:09:08.132] GRBL reply without MPos: error:8\r\n
[15:09:08.896] GRBL reply without MPos: error:8\r\n
[15:09:11.106] GRBL reply without MPos: error:8\r\n
[15:09:11.432] GRBL reply without MPos: error:8\r\n
[15:09:12.311] GRBL reply without MPos: error:8\r\n
[15:09:13.077] GRBL reply without MPos: error:8\r\n
[15:09:13.518] GRBL reply without MPos: error:8\r\n
[15:09:14.734] GRBL reply without MPos: error:8\r\n
[15:09:15.645] GRBL reply without MPos: error:8\r\n
[15:09:16.084] GRBL reply without MPos: error:8\r\n
[15:09:16.520] GRBL reply without MPos: error:8\r\n
[15:09:17.290] GRBL reply without MPos: error:8\r\n
[15:09:18.169] GRBL reply without MPos: error:8\r\n
[15:09:18.939] GRBL reply without MPos: error:8\r\n
[15:09:20.130] GRBL reply without MPos: error:8\r\n
[15:09:20.574] GRBL reply without MPos: error:8\r\n
[15:09:21.011] GRBL reply without MPos: error:8\r\n
[15:09:22.662] GRBL reply without MPos: error:8\r\n
[15:09:23.878] GRBL reply without MPos: error:8\r\n
[15:09:27.163] GRBL reply without MPos: error:8\r\n
[15:09:28.365] GRBL reply without MPos: error:8\r\n
[15:09:29.137] GRBL reply without MPos: error:8\r\n
[15:09:41.530] Detected cameras: ['Camera 0 (dshow)']
[15:09:41.535] Detected serial ports: ['COM1', 'COM4', 'COM3', 'COM5']
[15:09:41.535] Loaded profile from E:\PROGRAM\ProbeCAM-CNC\.git\ProbeCAM-CNC\data\probe_cam_profile.json
[15:09:41.536] Application initialized. Load a profile or start scanning cameras.
[15:09:41.552] Connected to COM5 at 115200 baud; status polling started
[15:09:41.672] GRBL coordinates updated: X=62.836 Y=45.488 Z=-1.000
[15:09:43.587] Motion controller disconnected
[15:09:43.596] Saved profile to E:\PROGRAM\ProbeCAM-CNC\.git\ProbeCAM-CNC\data\probe_cam_profile.json
[15:11:23.765] Detected cameras: ['Camera 0 (dshow)']
[15:11:23.771] Detected serial ports: ['COM1', 'COM4', 'COM3', 'COM5']
[15:11:23.772] Loaded profile from E:\PROGRAM\ProbeCAM-CNC\.git\ProbeCAM-CNC\data\probe_cam_profile.json
[15:11:23.772] Application initialized. Load a profile or start scanning cameras.
[15:11:23.789] Connected to COM5 at 115200 baud; status polling started
[15:11:23.916] GRBL coordinates updated: X=62.836 Y=45.488 Z=-1.000
[15:11:24.513] Motion controller disconnected
[15:11:24.523] Saved profile to E:\PROGRAM\ProbeCAM-CNC\.git\ProbeCAM-CNC\data\probe_cam_profile.json
[15:20:06.058] Detected cameras: ['Camera 0 (dshow)']
[15:20:06.065] Detected serial ports: ['COM1', 'COM4', 'COM3', 'COM5']
[15:20:06.065] Loaded profile from E:\PROGRAM\ProbeCAM-CNC\.git\ProbeCAM-CNC\data\probe_cam_profile.json
[15:20:06.066] Application initialized. Load a profile or start scanning cameras.
[15:20:11.115] RESET ALARM failed: GRBL is not connected
[15:20:15.125] Connected to COM5 at 115200 baud; status polling started
[15:20:15.227] GRBL coordinates updated: X=62.836 Y=45.488 Z=-1.000
[15:20:17.964] RESET ALARM: sent $X to GRBL
[15:20:20.996] RESET ALARM: sent $X to GRBL
[15:20:21.019] GRBL reply without MPos: ok\r\n
[15:20:22.260] RESET ALARM: sent $X to GRBL
[15:20:31.491] BUTTON command sent: 'G91\nG0 X1 F600\nG90'
[15:20:31.531] GRBL reply without MPos: ok\r\nok\r\nok\r\n
[15:20:31.639] GRBL coordinates updated: X=62.840 Y=45.488 Z=-1.000
[15:20:31.696] BUTTON command sent: 'G91\nG0 X1 F600\nG90'
[15:20:31.756] GRBL coordinates updated: X=62.988 Y=45.488 Z=-1.000
[15:20:31.854] GRBL coordinates updated: X=63.364 Y=45.488 Z=-1.000
[15:20:31.965] GRBL coordinates updated: X=63.824 Y=45.488 Z=-1.000
[15:20:32.071] GRBL coordinates updated: X=63.956 Y=45.488 Z=-1.000
[15:20:32.180] GRBL coordinates updated: X=64.472 Y=45.488 Z=-1.000
[15:20:32.293] GRBL coordinates updated: X=64.760 Y=45.488 Z=-1.000
[15:20:32.415] GRBL coordinates updated: X=64.836 Y=45.488 Z=-1.000
[15:20:33.398] BUTTON command sent: 'G91\nG0 X1 F600\nG90'
[15:20:33.500] GRBL coordinates updated: X=64.860 Y=45.488 Z=-1.000
[15:20:33.614] GRBL coordinates updated: X=64.868 Y=45.488 Z=-1.000
[15:20:33.723] GRBL coordinates updated: X=65.076 Y=45.488 Z=-1.000
[15:20:33.829] GRBL coordinates updated: X=65.488 Y=45.488 Z=-1.000
[15:20:33.941] GRBL coordinates updated: X=65.768 Y=45.488 Z=-1.000
[15:20:34.050] GRBL coordinates updated: X=65.836 Y=45.488 Z=-1.000
[15:20:34.713] BUTTON command sent: 'G91\nG0 X1 F600\nG90'
[15:20:34.810] GRBL reply without MPos: ok\r\nok\r\nok\r\n
[15:20:34.925] GRBL coordinates updated: X=65.864 Y=45.488 Z=-1.000
[15:20:35.033] GRBL coordinates updated: X=66.156 Y=45.488 Z=-1.000
[15:20:35.144] GRBL coordinates updated: X=66.572 Y=45.488 Z=-1.000
[15:20:35.256] GRBL coordinates updated: X=66.764 Y=45.488 Z=-1.000
[15:20:35.362] GRBL coordinates updated: X=66.804 Y=45.488 Z=-1.000
[15:20:35.471] GRBL coordinates updated: X=66.836 Y=45.488 Z=-1.000
[15:20:36.070] BUTTON command sent: 'G91\nG0 X1 F600\nG90'
[15:20:36.228] GRBL coordinates updated: X=66.880 Y=45.488 Z=-1.000
[15:20:36.341] GRBL coordinates updated: X=67.132 Y=45.488 Z=-1.000
[15:20:36.451] GRBL coordinates updated: X=67.440 Y=45.488 Z=-1.000
[15:20:36.555] GRBL coordinates updated: X=67.556 Y=45.488 Z=-1.000
[15:20:36.665] GRBL coordinates updated: X=67.800 Y=45.488 Z=-1.000
[15:20:36.781] GRBL coordinates updated: X=67.836 Y=45.488 Z=-1.000
[15:20:37.356] BUTTON command sent: 'G91\nG0 X-1 F600\nG90'
[15:20:37.554] GRBL coordinates updated: X=67.816 Y=45.488 Z=-1.000
[15:20:37.664] GRBL coordinates updated: X=67.448 Y=45.488 Z=-1.000
[15:20:37.770] GRBL coordinates updated: X=67.360 Y=45.488 Z=-1.000
[15:20:37.879] GRBL coordinates updated: X=66.988 Y=45.488 Z=-1.000
[15:20:37.985] GRBL coordinates updated: X=66.840 Y=45.488 Z=-1.000
[15:20:38.208] GRBL coordinates updated: X=66.836 Y=45.488 Z=-1.000
[15:20:38.774] BUTTON command sent: 'G91\nG0 X-1 F600\nG90'
[15:20:38.852] GRBL reply without MPos: ok\r\nok\r\nok\r\n
[15:20:38.962] GRBL coordinates updated: X=66.820 Y=45.488 Z=-1.000
[15:20:39.075] GRBL coordinates updated: X=66.544 Y=45.488 Z=-1.000
[15:20:39.187] GRBL coordinates updated: X=66.144 Y=45.488 Z=-1.000
[15:20:39.290] GRBL coordinates updated: X=66.128 Y=45.488 Z=-1.000
[15:20:39.406] GRBL coordinates updated: X=65.876 Y=45.488 Z=-1.000
[15:20:39.514] GRBL coordinates updated: X=65.836 Y=45.488 Z=-1.000
[15:20:40.181] BUTTON command sent: 'G91\nG0 X-1 F600\nG90'
[15:20:40.273] GRBL coordinates updated: X=65.828 Y=45.488 Z=-1.000
[15:20:40.386] GRBL coordinates updated: X=65.812 Y=45.488 Z=-1.000
[15:20:40.495] GRBL coordinates updated: X=65.664 Y=45.488 Z=-1.000
[15:20:40.604] GRBL coordinates updated: X=65.280 Y=45.488 Z=-1.000
[15:20:40.712] GRBL coordinates updated: X=64.944 Y=45.488 Z=-1.000
[15:20:40.825] GRBL coordinates updated: X=64.840 Y=45.488 Z=-1.000
[15:20:40.926] GRBL coordinates updated: X=64.836 Y=45.488 Z=-1.000
[15:20:41.595] BUTTON command sent: 'G91\nG0 X-1 F600\nG90'
[15:20:41.690] GRBL reply without MPos: ok\r\nok\r\nok\r\n
[15:20:41.805] GRBL coordinates updated: X=64.808 Y=45.488 Z=-1.000
[15:20:41.915] GRBL coordinates updated: X=64.472 Y=45.488 Z=-1.000
[15:20:42.031] GRBL coordinates updated: X=64.092 Y=45.488 Z=-1.000
[15:20:42.137] GRBL coordinates updated: X=64.060 Y=45.488 Z=-1.000
[15:20:42.258] GRBL coordinates updated: X=63.856 Y=45.488 Z=-1.000
[15:20:42.366] GRBL coordinates updated: X=63.836 Y=45.488 Z=-1.000
[15:20:43.538] BUTTON command sent: 'G91\nG0 X-1 F600\nG90'
[15:20:43.680] GRBL coordinates updated: X=63.772 Y=45.488 Z=-1.000
[15:20:43.788] GRBL coordinates updated: X=63.752 Y=45.488 Z=-1.000
[15:20:43.897] GRBL coordinates updated: X=63.448 Y=45.488 Z=-1.000
[15:20:44.006] GRBL coordinates updated: X=63.044 Y=45.488 Z=-1.000
[15:20:44.118] GRBL coordinates updated: X=62.868 Y=45.488 Z=-1.000
[15:20:44.225] GRBL coordinates updated: X=62.852 Y=45.488 Z=-1.000
[15:20:44.332] GRBL coordinates updated: X=62.836 Y=45.488 Z=-1.000
[15:20:44.949] BUTTON command sent: 'G91\nG0 X-1 F600\nG90'
[15:20:44.999] GRBL reply without MPos: ok\r\nok\r\nok\r\n
[15:20:45.115] GRBL coordinates updated: X=62.832 Y=45.488 Z=-1.000
[15:20:45.225] GRBL coordinates updated: X=62.604 Y=45.488 Z=-1.000
[15:20:45.336] GRBL coordinates updated: X=62.216 Y=45.488 Z=-1.000
[15:20:45.444] GRBL coordinates updated: X=62.192 Y=45.488 Z=-1.000
[15:20:45.552] GRBL coordinates updated: X=61.904 Y=45.488 Z=-1.000
[15:20:45.661] GRBL coordinates updated: X=61.836 Y=45.488 Z=-1.000
[15:20:46.395] BUTTON command sent: 'G91\nG0 X-1 F600\nG90'
[15:20:46.528] GRBL coordinates updated: X=61.780 Y=45.488 Z=-1.000
[15:20:46.641] GRBL coordinates updated: X=61.764 Y=45.488 Z=-1.000
[15:20:46.750] GRBL coordinates updated: X=61.472 Y=45.488 Z=-1.000
[15:20:46.860] GRBL coordinates updated: X=61.060 Y=45.488 Z=-1.000
[15:20:46.972] GRBL coordinates updated: X=60.872 Y=45.488 Z=-1.000
[15:20:47.078] GRBL coordinates updated: X=60.856 Y=45.488 Z=-1.000
[15:20:47.185] GRBL coordinates updated: X=60.836 Y=45.488 Z=-1.000
[15:20:47.619] BUTTON command sent: 'G91\nG0 X-1 F600\nG90'
[15:20:47.723] GRBL reply without MPos: ok\r\nok\r\nok\r\n
[15:20:47.842] GRBL coordinates updated: X=60.800 Y=45.488 Z=-1.000
[15:20:47.946] GRBL coordinates updated: X=60.532 Y=45.488 Z=-1.000
[15:20:48.059] GRBL coordinates updated: X=60.116 Y=45.488 Z=-1.000
[15:20:48.173] GRBL coordinates updated: X=59.896 Y=45.488 Z=-1.000
[15:20:48.274] GRBL coordinates updated: X=59.872 Y=45.488 Z=-1.000
[15:20:48.386] GRBL coordinates updated: X=59.836 Y=45.488 Z=-1.000
[15:20:54.412] BUTTON command sent: 'G91\nG0 X-1 F600\nG90'
[15:20:54.637] GRBL coordinates updated: X=59.800 Y=45.488 Z=-1.000
[15:20:54.749] GRBL coordinates updated: X=59.360 Y=45.488 Z=-1.000
[15:20:54.857] GRBL coordinates updated: X=59.224 Y=45.488 Z=-1.000
[15:20:54.962] GRBL coordinates updated: X=58.920 Y=45.488 Z=-1.000
[15:20:55.076] GRBL coordinates updated: X=58.836 Y=45.488 Z=-1.000
[15:20:58.765] RESET ALARM: sent $X to GRBL
[15:20:58.793] GRBL reply without MPos: ok\r\n
[15:21:00.654] BUTTON command sent: 'G91\nG0 X-1 F600\nG90'
[15:21:00.752] GRBL reply without MPos: ok\r\nok\r\nok\r\n
[15:21:00.868] GRBL coordinates updated: X=58.808 Y=45.488 Z=-1.000
[15:21:00.979] GRBL coordinates updated: X=58.496 Y=45.488 Z=-1.000
[15:21:01.098] GRBL coordinates updated: X=58.080 Y=45.488 Z=-1.000
[15:21:01.212] GRBL coordinates updated: X=57.892 Y=45.488 Z=-1.000
[15:21:01.319] GRBL coordinates updated: X=57.860 Y=45.488 Z=-1.000
[15:21:01.418] GRBL coordinates updated: X=57.836 Y=45.488 Z=-1.000
[15:21:01.920] BUTTON command sent: 'G91\nG0 X1 F600\nG90'
[15:21:02.080] GRBL coordinates updated: X=57.848 Y=45.488 Z=-1.000
[15:21:02.187] GRBL coordinates updated: X=58.024 Y=45.488 Z=-1.000
[15:21:02.300] GRBL coordinates updated: X=58.424 Y=45.488 Z=-1.000
[15:21:02.405] GRBL coordinates updated: X=58.680 Y=45.488 Z=-1.000
[15:21:02.508] GRBL coordinates updated: X=58.740 Y=45.488 Z=-1.000
[15:21:02.623] GRBL coordinates updated: X=58.836 Y=45.488 Z=-1.000
[15:21:04.540] RESET ALARM: sent $X to GRBL
[15:21:09.916] RESET ALARM: sent $X to GRBL
[15:21:12.219] BUTTON command sent: '$H'
[15:21:12.478] GRBL coordinates updated: X=58.836 Y=45.488 Z=0.000
[15:21:12.712] GRBL coordinates updated: X=58.836 Y=45.488 Z=-0.108
[15:21:12.821] GRBL coordinates updated: X=58.836 Y=45.488 Z=-0.436
[15:21:12.930] GRBL coordinates updated: X=58.836 Y=45.488 Z=-0.800
[15:21:13.037] GRBL coordinates updated: X=58.836 Y=45.488 Z=-0.824
[15:21:13.147] GRBL coordinates updated: X=58.836 Y=45.488 Z=-0.992
[15:21:13.254] GRBL coordinates updated: X=58.836 Y=45.488 Z=-1.000
[15:21:17.905] BUTTON command sent: 'G91\nG0 X1 F600\nG90'
[15:21:17.948] GRBL command error: <Alarm:8|MPos:58.836,45.488,-1.000,0.000,0.000|Bf:1000,1023|FS:0,0|Pn:XYZABP>\r\nerror:9\r\nerror:9\r\nerror:9\r\n<Alarm:8|MPos:58.836,45.488,-1.000,0.000,0.000|Bf:1000,1023|FS:0,0|Pn:XYZABP>\r\n
[15:21:20.252] RESET ALARM: sent $X to GRBL
[15:21:20.254] GRBL reply without MPos: [MSG:Caution: Unlocked]\r\nok\r\n
[15:21:23.156] BUTTON command sent: 'G91\nG0 X1 F600\nG90'
[15:21:23.333] GRBL coordinates updated: X=58.896 Y=45.488 Z=-1.000
[15:21:23.442] GRBL coordinates updated: X=59.164 Y=45.488 Z=-1.000
[15:21:23.550] GRBL coordinates updated: X=59.476 Y=45.488 Z=-1.000
[15:21:23.655] GRBL coordinates updated: X=59.584 Y=45.488 Z=-1.000
[15:21:23.763] GRBL coordinates updated: X=59.808 Y=45.488 Z=-1.000
[15:21:23.874] GRBL coordinates updated: X=59.836 Y=45.488 Z=-1.000
[15:21:29.247] GRBL reply without MPos: ok\r\n
[15:21:29.364] GRBL coordinates updated: X=59.868 Y=45.488 Z=-1.000
[15:21:29.465] GRBL coordinates updated: X=60.204 Y=45.488 Z=-1.000
[15:21:29.580] GRBL coordinates updated: X=60.288 Y=45.488 Z=-1.000
[15:21:29.690] GRBL coordinates updated: X=60.724 Y=45.488 Z=-1.000
[15:21:29.794] GRBL coordinates updated: X=61.468 Y=45.488 Z=-1.000
[15:21:29.908] GRBL coordinates updated: X=61.812 Y=45.488 Z=-1.000
[15:21:30.011] GRBL reply without MPos: ok\r\n
[15:21:30.127] GRBL coordinates updated: X=63.428 Y=45.488 Z=-1.000
[15:21:30.231] GRBL coordinates updated: X=64.888 Y=45.488 Z=-1.000
[15:21:30.346] GRBL coordinates updated: X=65.260 Y=45.488 Z=-1.000
[15:21:30.448] GRBL reply without MPos: ok\r\n
[15:21:30.567] GRBL coordinates updated: X=67.088 Y=45.488 Z=-1.000
[15:21:30.667] GRBL coordinates updated: X=68.644 Y=45.488 Z=-1.000
[15:21:30.778] GRBL coordinates updated: X=68.912 Y=45.488 Z=-1.000
[15:21:30.893] GRBL coordinates updated: X=69.832 Y=45.488 Z=-1.000
[15:21:30.995] GRBL coordinates updated: X=71.148 Y=45.488 Z=-1.000
[15:21:31.105] GRBL coordinates updated: X=71.652 Y=45.488 Z=-1.000
[15:21:31.222] GRBL coordinates updated: X=72.564 Y=45.488 Z=-1.000
[15:21:31.325] GRBL coordinates updated: X=73.656 Y=45.488 Z=-1.000
[15:21:31.435] GRBL coordinates updated: X=74.396 Y=45.488 Z=-1.000
[15:21:31.542] GRBL coordinates updated: X=76.160 Y=45.488 Z=-1.000
[15:21:31.653] GRBL coordinates updated: X=76.208 Y=45.488 Z=-1.000
[15:21:31.767] GRBL coordinates updated: X=77.128 Y=45.488 Z=-1.000
[15:21:31.872] GRBL coordinates updated: X=78.664 Y=45.488 Z=-1.000
[15:21:31.986] GRBL coordinates updated: X=78.960 Y=45.488 Z=-1.000
[15:21:32.089] GRBL reply without MPos: ok\r\n
[15:21:32.206] GRBL coordinates updated: X=80.780 Y=45.488 Z=-1.000
[15:21:32.310] GRBL coordinates updated: X=82.424 Y=45.488 Z=-1.000
[15:21:32.424] GRBL coordinates updated: X=82.620 Y=45.488 Z=-1.000
[15:21:32.527] GRBL coordinates updated: X=83.676 Y=45.488 Z=-1.000
[15:21:32.626] GRBL coordinates updated: X=84.444 Y=45.488 Z=-1.000
[15:21:32.755] GRBL coordinates updated: X=85.272 Y=45.488 Z=-1.000
[15:21:32.858] GRBL reply without MPos: ok\r\n
[15:21:32.972] GRBL coordinates updated: X=87.208 Y=45.488 Z=-1.000
[15:21:33.075] GRBL coordinates updated: X=88.684 Y=45.488 Z=-1.000
[15:21:33.190] GRBL coordinates updated: X=89.008 Y=45.488 Z=-1.000
[15:21:33.294] GRBL reply without MPos: ok\r\n
[15:21:33.410] GRBL coordinates updated: X=90.836 Y=45.488 Z=-1.000
[15:21:33.511] GRBL coordinates updated: X=92.444 Y=45.488 Z=-1.000
[15:21:33.619] GRBL coordinates updated: X=92.644 Y=45.488 Z=-1.000
[15:21:33.730] GRBL coordinates updated: X=93.696 Y=45.488 Z=-1.000
[15:21:33.845] GRBL coordinates updated: X=94.484 Y=45.488 Z=-1.000
[15:21:33.951] GRBL coordinates updated: X=96.200 Y=45.488 Z=-1.000
[15:21:34.064] GRBL coordinates updated: X=96.320 Y=45.488 Z=-1.000
[15:21:34.167] GRBL coordinates updated: X=97.452 Y=45.488 Z=-1.000
[15:21:34.280] GRBL coordinates updated: X=98.120 Y=45.488 Z=-1.000
[15:21:34.384] GRBL reply without MPos: ok\r\n
[15:21:34.502] GRBL coordinates updated: X=99.948 Y=45.488 Z=-1.000
[15:21:34.605] GRBL coordinates updated: X=101.212 Y=45.488 Z=-1.000
[15:21:34.718] GRBL coordinates updated: X=101.780 Y=45.488 Z=-1.000
[15:21:34.821] GRBL reply without MPos: ok\r\n
[15:21:34.940] GRBL coordinates updated: X=103.592 Y=45.488 Z=-1.000
[15:21:35.043] GRBL coordinates updated: X=104.968 Y=45.488 Z=-1.000
[15:21:35.158] GRBL coordinates updated: X=105.432 Y=45.488 Z=-1.000
[15:21:35.259] GRBL reply without MPos: ok\r\n
[15:21:35.375] GRBL coordinates updated: X=107.256 Y=45.488 Z=-1.000
[15:21:35.479] GRBL coordinates updated: X=108.724 Y=45.488 Z=-1.000
[15:21:35.593] GRBL coordinates updated: X=109.076 Y=45.488 Z=-1.000
[15:21:35.697] GRBL reply without MPos: ok\r\n
[15:21:35.809] GRBL coordinates updated: X=110.900 Y=45.488 Z=-1.000
[15:21:35.912] GRBL coordinates updated: X=112.484 Y=45.488 Z=-1.000
[15:21:36.030] GRBL coordinates updated: X=112.712 Y=45.488 Z=-1.000
[15:21:36.134] GRBL coordinates updated: X=113.736 Y=45.488 Z=-1.000
[15:21:36.248] GRBL coordinates updated: X=114.544 Y=45.488 Z=-1.000
[15:21:36.348] GRBL coordinates updated: X=116.240 Y=45.488 Z=-1.000
[15:21:36.460] GRBL coordinates updated: X=116.340 Y=45.488 Z=-1.000
[15:21:36.570] GRBL coordinates updated: X=117.276 Y=45.488 Z=-1.000
[15:21:36.681] GRBL coordinates updated: X=118.744 Y=45.488 Z=-1.000
[15:21:36.797] GRBL coordinates updated: X=119.116 Y=45.488 Z=-1.000
[15:21:36.900] GRBL reply without MPos: ok\r\n
[15:21:37.011] GRBL coordinates updated: X=120.948 Y=45.488 Z=-1.000
[15:21:37.115] GRBL coordinates updated: X=121.876 Y=45.488 Z=-1.000
[15:21:37.231] GRBL reply without MPos: ok\r\n
[15:21:37.348] GRBL coordinates updated: X=123.716 Y=45.488 Z=-1.000
[15:21:37.453] GRBL coordinates updated: X=125.008 Y=45.488 Z=-1.000
[15:21:37.566] GRBL coordinates updated: X=125.560 Y=45.488 Z=-1.000
[15:21:37.670] GRBL reply without MPos: ok\r\n
[15:21:37.785] GRBL coordinates updated: X=127.384 Y=45.488 Z=-1.000
[15:21:37.891] GRBL coordinates updated: X=128.768 Y=45.488 Z=-1.000
[15:21:38.004] GRBL coordinates updated: X=129.224 Y=45.488 Z=-1.000
[15:21:38.107] GRBL reply without MPos: ok\r\n
[15:21:38.226] GRBL coordinates updated: X=131.044 Y=45.488 Z=-1.000
[15:21:38.330] GRBL coordinates updated: X=132.524 Y=45.488 Z=-1.000
[15:21:38.445] GRBL coordinates updated: X=132.884 Y=45.488 Z=-1.000
[15:21:38.547] GRBL reply without MPos: ok\r\n
[15:21:38.657] GRBL coordinates updated: X=134.708 Y=45.488 Z=-1.000
[15:21:38.765] GRBL coordinates updated: X=136.280 Y=45.488 Z=-1.000
[15:21:38.872] GRBL reply without MPos: ok\r\n
[15:21:38.988] GRBL coordinates updated: X=137.424 Y=45.488 Z=-1.000
[15:21:39.091] GRBL coordinates updated: X=138.788 Y=45.488 Z=-1.000
[15:21:39.200] GRBL coordinates updated: X=139.236 Y=45.488 Z=-1.000
[15:21:39.315] GRBL coordinates updated: X=140.156 Y=45.488 Z=-1.000
[15:21:39.419] GRBL coordinates updated: X=141.292 Y=45.488 Z=-1.000
[15:21:39.534] GRBL coordinates updated: X=141.980 Y=45.488 Z=-1.000
[15:21:39.637] GRBL coordinates updated: X=143.796 Y=45.488 Z=-1.000
[15:21:39.753] GRBL coordinates updated: X=143.812 Y=45.488 Z=-1.000
[15:21:39.857] GRBL coordinates updated: X=145.048 Y=45.488 Z=-1.000
[15:21:39.966] GRBL coordinates updated: X=146.300 Y=45.488 Z=-1.000
[15:21:40.081] GRBL coordinates updated: X=146.544 Y=45.488 Z=-1.000
[15:21:40.190] GRBL coordinates updated: X=147.556 Y=45.488 Z=-1.000
[15:21:40.293] GRBL coordinates updated: X=148.808 Y=45.488 Z=-1.000
[15:21:40.402] GRBL coordinates updated: X=149.296 Y=45.488 Z=-1.000
[15:21:40.516] GRBL reply without MPos: ok\r\n
[15:21:40.620] GRBL coordinates updated: X=151.140 Y=45.488 Z=-1.000
[15:21:40.725] GRBL coordinates updated: X=152.564 Y=45.488 Z=-1.000
[15:21:40.843] GRBL coordinates updated: X=152.896 Y=45.488 Z=-1.000
[15:21:40.953] GRBL reply without MPos: ok\r\n
[15:21:41.070] GRBL coordinates updated: X=154.796 Y=45.488 Z=-1.000
[15:21:41.173] GRBL coordinates updated: X=156.320 Y=45.488 Z=-1.000
[15:21:41.281] GRBL coordinates updated: X=156.624 Y=45.488 Z=-1.000
[15:21:41.401] GRBL coordinates updated: X=157.536 Y=45.488 Z=-1.000
[15:21:41.504] GRBL coordinates updated: X=158.828 Y=45.488 Z=-1.000
[15:21:41.633] GRBL coordinates updated: X=159.384 Y=45.488 Z=-1.000
[15:21:41.734] GRBL reply without MPos: ok\r\n
[15:21:41.844] GRBL coordinates updated: X=161.316 Y=45.488 Z=-1.000
[15:21:41.947] GRBL coordinates updated: X=162.584 Y=45.488 Z=-1.000
[15:21:42.058] GRBL coordinates updated: X=163.096 Y=45.488 Z=-1.000
[15:21:42.164] GRBL coordinates updated: X=164.024 Y=45.488 Z=-1.000
[15:21:42.274] GRBL coordinates updated: X=164.900 Y=45.488 Z=-1.000
[15:21:42.377] GRBL coordinates updated: X=165.828 Y=45.488 Z=-1.000
[15:21:42.493] GRBL coordinates updated: X=167.596 Y=45.488 Z=-1.000
[15:21:42.603] GRBL coordinates updated: X=167.660 Y=45.488 Z=-1.000
[15:21:42.713] GRBL coordinates updated: X=168.580 Y=45.488 Z=-1.000
[15:21:42.828] GRBL coordinates updated: X=169.492 Y=45.488 Z=-1.000
[15:21:42.931] GRBL reply without MPos: ok\r\n
[15:21:43.047] GRBL coordinates updated: X=171.312 Y=45.488 Z=-1.000
[15:21:43.149] GRBL coordinates updated: X=172.604 Y=45.488 Z=-1.000
[15:21:43.265] GRBL coordinates updated: X=173.128 Y=45.488 Z=-1.000
[15:21:43.365] GRBL reply without MPos: ok\r\n
[15:21:43.471] GRBL coordinates updated: X=174.940 Y=45.488 Z=-1.000
[15:21:43.589] GRBL coordinates updated: X=176.364 Y=45.488 Z=-1.000
[15:21:43.703] GRBL coordinates updated: X=176.804 Y=45.488 Z=-1.000
[15:21:43.807] GRBL reply without MPos: ok\r\n
[15:21:43.923] GRBL coordinates updated: X=178.628 Y=45.488 Z=-1.000
[15:21:44.028] GRBL coordinates updated: X=180.116 Y=45.488 Z=-1.000
[15:21:44.140] GRBL coordinates updated: X=180.444 Y=45.488 Z=-1.000
[15:21:44.253] GRBL coordinates updated: X=181.888 Y=45.488 Z=-1.000
[15:21:44.355] GRBL coordinates updated: X=182.100 Y=45.488 Z=-1.000
[15:21:44.468] GRBL coordinates updated: X=182.752 Y=45.488 Z=-1.000
[15:21:44.573] GRBL coordinates updated: X=183.140 Y=45.488 Z=-1.000
[15:21:44.684] GRBL coordinates updated: X=183.176 Y=45.488 Z=-1.000
[15:21:44.796] GRBL coordinates updated: X=183.376 Y=45.488 Z=-1.000
[15:21:44.905] GRBL coordinates updated: X=183.388 Y=45.488 Z=-1.000
[15:21:47.768] GRBL coordinates updated: X=183.396 Y=45.488 Z=-1.000
[15:21:47.868] GRBL coordinates updated: X=183.408 Y=45.488 Z=-1.000
[15:21:47.992] GRBL coordinates updated: X=183.552 Y=45.488 Z=-1.000
[15:21:48.095] GRBL coordinates updated: X=183.936 Y=45.488 Z=-1.000
[15:21:48.208] GRBL coordinates updated: X=184.148 Y=45.488 Z=-1.000
[15:21:48.315] GRBL reply without MPos: ok\r\n
[15:21:48.430] GRBL coordinates updated: X=185.252 Y=45.488 Z=-1.000
[15:21:48.528] GRBL coordinates updated: X=186.448 Y=45.488 Z=-1.000
[15:21:48.647] GRBL coordinates updated: X=186.788 Y=45.488 Z=-1.000
[15:21:48.748] GRBL reply without MPos: ok\r\n
[15:21:48.860] GRBL coordinates updated: X=188.628 Y=45.488 Z=-1.000
[15:21:48.962] GRBL coordinates updated: X=190.192 Y=45.488 Z=-1.000
[15:21:49.086] GRBL coordinates updated: X=190.424 Y=45.488 Z=-1.000
[15:21:49.188] GRBL reply without MPos: ok\r\n
[15:21:49.303] GRBL coordinates updated: X=192.304 Y=45.488 Z=-1.000
[15:21:49.408] GRBL coordinates updated: X=193.952 Y=45.488 Z=-1.000
[15:21:49.523] GRBL coordinates updated: X=194.128 Y=45.488 Z=-1.000
[15:21:49.633] GRBL coordinates updated: X=195.204 Y=45.488 Z=-1.000
[15:21:49.736] GRBL coordinates updated: X=196.456 Y=45.488 Z=-1.000
[15:21:49.851] GRBL coordinates updated: X=196.868 Y=45.488 Z=-1.000
[15:21:49.952] GRBL reply without MPos: ok\r\n
[15:21:50.048] GRBL coordinates updated: X=198.692 Y=45.488 Z=-1.000
[15:21:50.183] GRBL coordinates updated: X=199.484 Y=45.488 Z=-1.000
[15:21:50.284] GRBL reply without MPos: ok\r\n
[15:21:50.401] GRBL coordinates updated: X=201.448 Y=45.488 Z=-1.000
[15:21:50.504] GRBL coordinates updated: X=202.720 Y=45.488 Z=-1.000
[15:21:50.632] GRBL coordinates updated: X=203.280 Y=45.488 Z=-1.000
[15:21:50.734] GRBL reply without MPos: ok\r\n
[15:21:50.850] GRBL coordinates updated: X=205.212 Y=45.488 Z=-1.000
[15:21:50.953] GRBL coordinates updated: X=206.476 Y=45.488 Z=-1.000
[15:21:51.058] GRBL coordinates updated: X=207.040 Y=45.488 Z=-1.000
[15:21:51.172] GRBL reply without MPos: ok\r\n
[15:21:51.285] GRBL coordinates updated: X=208.872 Y=45.488 Z=-1.000
[15:21:51.389] GRBL coordinates updated: X=210.236 Y=45.488 Z=-1.000
[15:21:51.503] GRBL coordinates updated: X=210.680 Y=45.488 Z=-1.000
[15:21:51.604] GRBL reply without MPos: ok\r\n
[15:21:51.716] GRBL coordinates updated: X=212.476 Y=45.488 Z=-1.000
[15:21:51.824] GRBL coordinates updated: X=213.992 Y=45.488 Z=-1.000
[15:21:51.940] GRBL coordinates updated: X=214.308 Y=45.488 Z=-1.000
[15:21:52.042] GRBL reply without MPos: ok\r\n
[15:21:52.147] GRBL coordinates updated: X=216.128 Y=45.488 Z=-1.000
[15:21:52.262] GRBL coordinates updated: X=217.748 Y=45.488 Z=-1.000
[15:21:52.379] GRBL coordinates updated: X=217.968 Y=45.488 Z=-1.000
[15:21:52.482] GRBL coordinates updated: X=219.004 Y=45.488 Z=-1.000
[15:21:52.597] GRBL coordinates updated: X=219.796 Y=45.488 Z=-1.000
[15:21:52.697] GRBL coordinates updated: X=221.508 Y=45.488 Z=-1.000
[15:21:52.811] GRBL coordinates updated: X=221.612 Y=45.488 Z=-1.000
[15:21:52.917] GRBL coordinates updated: X=222.760 Y=45.488 Z=-1.000
[15:21:53.030] GRBL coordinates updated: X=223.436 Y=45.488 Z=-1.000
[15:21:53.133] GRBL reply without MPos: ok\r\n
[15:21:53.243] GRBL coordinates updated: X=225.248 Y=45.488 Z=-1.000
[15:21:53.347] GRBL coordinates updated: X=226.516 Y=45.488 Z=-1.000
[15:21:53.474] GRBL coordinates updated: X=227.028 Y=45.488 Z=-1.000
[15:21:53.565] GRBL reply without MPos: ok\r\n
[15:21:53.689] GRBL coordinates updated: X=228.852 Y=45.488 Z=-1.000
[15:21:53.798] GRBL coordinates updated: X=230.276 Y=45.488 Z=-1.000
[15:21:53.899] GRBL coordinates updated: X=230.792 Y=45.488 Z=-1.000
[15:21:54.005] GRBL reply without MPos: ok\r\n
[15:21:54.127] GRBL coordinates updated: X=232.528 Y=45.488 Z=-1.000
[15:21:54.231] GRBL coordinates updated: X=234.032 Y=45.488 Z=-1.000
[15:21:54.340] GRBL coordinates updated: X=234.408 Y=45.488 Z=-1.000
[15:21:54.443] GRBL reply without MPos: ok\r\n
[15:21:54.564] GRBL coordinates updated: X=236.192 Y=45.488 Z=-1.000
[15:21:54.668] GRBL coordinates updated: X=237.788 Y=45.488 Z=-1.000
[15:21:54.785] GRBL coordinates updated: X=238.056 Y=45.488 Z=-1.000
[15:21:54.895] GRBL coordinates updated: X=239.044 Y=45.488 Z=-1.000
[15:21:54.997] GRBL coordinates updated: X=240.296 Y=45.488 Z=-1.000
[15:21:55.110] GRBL coordinates updated: X=240.804 Y=45.488 Z=-1.000
[15:21:55.213] GRBL reply without MPos: ok\r\n
[15:21:55.327] GRBL coordinates updated: X=242.612 Y=45.488 Z=-1.000
[15:21:55.427] GRBL coordinates updated: X=244.052 Y=45.488 Z=-1.000
[15:21:55.542] GRBL coordinates updated: X=244.408 Y=45.488 Z=-1.000
[15:21:55.658] GRBL coordinates updated: X=245.352 Y=45.488 Z=-1.000
[15:21:55.762] GRBL coordinates updated: X=246.556 Y=45.488 Z=-1.000
[15:21:55.876] GRBL coordinates updated: X=247.192 Y=45.488 Z=-1.000
[15:21:55.977] GRBL reply without MPos: ok\r\n
[15:21:56.092] GRBL coordinates updated: X=248.988 Y=45.488 Z=-1.000
[15:21:56.195] GRBL coordinates updated: X=250.316 Y=45.488 Z=-1.000
[15:21:56.311] GRBL coordinates updated: X=250.804 Y=45.488 Z=-1.000
[15:21:56.415] GRBL reply without MPos: ok\r\n
[15:21:56.526] GRBL coordinates updated: X=252.648 Y=45.488 Z=-1.000
[15:21:56.637] GRBL coordinates updated: X=254.072 Y=45.488 Z=-1.000
[15:21:56.753] GRBL coordinates updated: X=254.504 Y=45.488 Z=-1.000
[15:21:56.857] GRBL reply without MPos: ok\r\n
[15:21:56.971] GRBL coordinates updated: X=256.336 Y=45.488 Z=-1.000
[15:21:57.074] GRBL coordinates updated: X=257.832 Y=45.488 Z=-1.000
[15:21:57.187] GRBL coordinates updated: X=258.152 Y=45.488 Z=-1.000
[15:21:57.286] GRBL reply without MPos: ok\r\n
[15:21:57.406] GRBL coordinates updated: X=259.912 Y=45.488 Z=-1.000
[15:21:57.508] GRBL coordinates updated: X=261.588 Y=45.488 Z=-1.000
[15:21:57.618] GRBL coordinates updated: X=261.768 Y=45.488 Z=-1.000
[15:21:57.723] GRBL coordinates updated: X=262.840 Y=45.488 Z=-1.000
[15:21:57.843] GRBL coordinates updated: X=263.576 Y=45.488 Z=-1.000
[15:21:57.948] GRBL coordinates updated: X=265.344 Y=45.488 Z=-1.000
[15:21:58.063] GRBL coordinates updated: X=265.440 Y=45.488 Z=-1.000
[15:21:58.166] GRBL coordinates updated: X=266.600 Y=45.488 Z=-1.000
[15:21:58.285] GRBL coordinates updated: X=267.272 Y=45.488 Z=-1.000
[15:21:58.385] GRBL reply without MPos: ok\r\n
[15:21:58.494] GRBL coordinates updated: X=269.100 Y=45.488 Z=-1.000
[15:21:58.595] GRBL coordinates updated: X=270.356 Y=45.488 Z=-1.000
[15:21:58.713] GRBL coordinates updated: X=270.856 Y=45.488 Z=-1.000
[15:21:58.821] GRBL reply without MPos: ok\r\n
[15:21:58.937] GRBL coordinates updated: X=272.744 Y=45.488 Z=-1.000
[15:21:59.038] GRBL coordinates updated: X=274.112 Y=45.488 Z=-1.000
[15:21:59.150] GRBL coordinates updated: X=275.364 Y=45.488 Z=-1.000
[15:21:59.258] GRBL coordinates updated: X=275.480 Y=45.488 Z=-1.000
[15:21:59.366] GRBL coordinates updated: X=276.620 Y=45.488 Z=-1.000
[15:21:59.477] GRBL coordinates updated: X=277.284 Y=45.488 Z=-1.000
[15:21:59.583] GRBL reply without MPos: ok\r\n
[15:21:59.693] GRBL coordinates updated: X=279.100 Y=45.488 Z=-1.000
[15:21:59.801] GRBL coordinates updated: X=280.376 Y=45.488 Z=-1.000
[15:21:59.910] GRBL coordinates updated: X=280.912 Y=45.488 Z=-1.000
[15:22:00.018] GRBL reply without MPos: ok\r\n
[15:22:00.136] GRBL coordinates updated: X=282.744 Y=45.488 Z=-1.000
[15:22:00.238] GRBL coordinates updated: X=284.132 Y=45.488 Z=-1.000
[15:22:00.355] GRBL coordinates updated: X=284.564 Y=45.488 Z=-1.000
[15:22:00.458] GRBL reply without MPos: ok\r\n
[15:22:00.573] GRBL coordinates updated: X=286.404 Y=45.488 Z=-1.000
[15:22:00.675] GRBL coordinates updated: X=287.892 Y=45.488 Z=-1.000
[15:22:00.790] GRBL coordinates updated: X=288.220 Y=45.488 Z=-1.000
[15:22:00.899] GRBL reply without MPos: ok\r\n
[15:22:01.003] GRBL coordinates updated: X=290.108 Y=45.488 Z=-1.000
[15:22:01.117] GRBL coordinates updated: X=291.520 Y=45.488 Z=-1.000
[15:22:01.230] GRBL coordinates updated: X=292.348 Y=45.488 Z=-1.000
[15:22:01.337] GRBL coordinates updated: X=292.420 Y=45.488 Z=-1.000
[15:22:01.449] GRBL coordinates updated: X=293.088 Y=45.488 Z=-1.000
[15:22:01.555] GRBL coordinates updated: X=293.532 Y=45.488 Z=-1.000
[15:22:01.662] GRBL coordinates updated: X=293.728 Y=45.488 Z=-1.000
[15:22:01.784] GRBL coordinates updated: X=293.752 Y=45.488 Z=-1.000
[15:22:01.891] GRBL coordinates updated: X=293.776 Y=45.488 Z=-1.000
[15:22:06.703] GRBL coordinates updated: X=293.844 Y=45.488 Z=-1.000
[15:22:06.820] GRBL coordinates updated: X=293.948 Y=45.488 Z=-1.000
[15:22:06.922] GRBL reply without MPos: ok\r\n
[15:22:07.038] GRBL coordinates updated: X=294.592 Y=45.488 Z=-1.000
[15:22:07.139] GRBL coordinates updated: X=295.388 Y=45.488 Z=-1.000
[15:22:07.250] GRBL coordinates updated: X=295.712 Y=45.488 Z=-1.000
[15:22:07.359] GRBL coordinates updated: X=296.464 Y=45.488 Z=-1.000
[15:22:07.466] GRBL coordinates updated: X=297.324 Y=45.488 Z=-1.000
[15:22:07.575] GRBL coordinates updated: X=298.212 Y=45.488 Z=-1.000
[15:22:07.680] GRBL reply without MPos: ok\r\n
[15:22:07.792] GRBL coordinates updated: X=300.016 Y=45.488 Z=-1.000
[15:22:07.901] GRBL coordinates updated: X=301.300 Y=45.488 Z=-1.000
[15:22:08.018] GRBL coordinates updated: X=301.856 Y=45.488 Z=-1.000
[15:22:08.120] GRBL reply without MPos: ok\r\n
[15:22:08.238] GRBL coordinates updated: X=303.688 Y=45.488 Z=-1.000
[15:22:08.340] GRBL coordinates updated: X=305.060 Y=45.488 Z=-1.000
[15:22:08.454] GRBL coordinates updated: X=305.516 Y=45.488 Z=-1.000
[15:22:08.558] GRBL reply without MPos: ok\r\n
[15:22:08.672] GRBL coordinates updated: X=307.332 Y=45.488 Z=-1.000
[15:22:08.777] GRBL coordinates updated: X=308.816 Y=45.488 Z=-1.000
[15:22:08.886] GRBL coordinates updated: X=309.156 Y=45.488 Z=-1.000
[15:22:08.994] GRBL reply without MPos: ok\r\n
[15:22:09.111] GRBL coordinates updated: X=310.984 Y=45.488 Z=-1.000
[15:22:09.215] GRBL coordinates updated: X=312.572 Y=45.488 Z=-1.000
[15:22:09.330] GRBL coordinates updated: X=312.816 Y=45.488 Z=-1.000
[15:22:09.439] GRBL coordinates updated: X=313.824 Y=45.488 Z=-1.000
[15:22:09.542] GRBL coordinates updated: X=315.080 Y=45.488 Z=-1.000
[15:22:09.657] GRBL coordinates updated: X=315.548 Y=45.488 Z=-1.000
[15:22:09.759] GRBL reply without MPos: ok\r\n
[15:22:09.877] GRBL coordinates updated: X=317.372 Y=45.488 Z=-1.000
[15:22:09.977] GRBL coordinates updated: X=318.836 Y=45.488 Z=-1.000
[15:22:10.084] GRBL coordinates updated: X=319.192 Y=45.488 Z=-1.000
[15:22:10.204] GRBL coordinates updated: X=320.072 Y=45.488 Z=-1.000
[15:22:10.301] GRBL coordinates updated: X=321.340 Y=45.488 Z=-1.000
[15:22:10.418] GRBL coordinates updated: X=321.884 Y=45.488 Z=-1.000
[15:22:10.525] GRBL reply without MPos: ok\r\n
[15:22:10.643] GRBL coordinates updated: X=323.768 Y=45.488 Z=-1.000
[15:22:10.743] GRBL coordinates updated: X=325.100 Y=45.488 Z=-1.000
[15:22:10.861] GRBL coordinates updated: X=325.588 Y=45.488 Z=-1.000
[15:22:10.957] GRBL reply without MPos: ok\r\n
[15:22:11.072] GRBL coordinates updated: X=327.368 Y=45.488 Z=-1.000
[15:22:11.179] GRBL coordinates updated: X=328.856 Y=45.488 Z=-1.000
[15:22:11.294] GRBL coordinates updated: X=329.232 Y=45.488 Z=-1.000
[15:22:11.411] GRBL reply without MPos: ok\r\n
[15:22:11.528] GRBL coordinates updated: X=331.164 Y=45.488 Z=-1.000
[15:22:11.631] GRBL coordinates updated: X=332.612 Y=45.488 Z=-1.000
[15:22:11.739] GRBL coordinates updated: X=332.988 Y=45.488 Z=-1.000
[15:22:11.848] GRBL reply without MPos: ok\r\n
[15:22:11.966] GRBL coordinates updated: X=334.800 Y=45.488 Z=-1.000
[15:22:12.069] GRBL coordinates updated: X=336.372 Y=45.488 Z=-1.000
[15:22:12.178] GRBL coordinates updated: X=336.648 Y=45.488 Z=-1.000
[15:22:12.286] GRBL coordinates updated: X=337.624 Y=45.488 Z=-1.000
[15:22:12.404] GRBL coordinates updated: X=338.472 Y=45.488 Z=-1.000
[15:22:12.510] GRBL coordinates updated: X=340.128 Y=45.488 Z=-1.000
[15:22:12.625] GRBL coordinates updated: X=340.336 Y=45.488 Z=-1.000
[15:22:12.728] GRBL coordinates updated: X=341.380 Y=45.488 Z=-1.000
[15:22:12.842] GRBL coordinates updated: X=342.148 Y=45.488 Z=-1.000
[15:22:12.945] GRBL coordinates updated: X=343.888 Y=45.488 Z=-1.000
[15:22:13.055] GRBL coordinates updated: X=343.964 Y=45.488 Z=-1.000
[15:22:13.167] GRBL coordinates updated: X=345.140 Y=45.488 Z=-1.000
[15:22:13.276] GRBL coordinates updated: X=345.808 Y=45.488 Z=-1.000
[15:22:13.386] GRBL coordinates updated: X=347.644 Y=45.488 Z=-1.000
[15:22:13.503] GRBL coordinates updated: X=347.656 Y=45.488 Z=-1.000
[15:22:13.609] GRBL coordinates updated: X=348.896 Y=45.488 Z=-1.000
[15:22:13.724] GRBL coordinates updated: X=349.504 Y=45.488 Z=-1.000
[15:22:13.826] GRBL coordinates updated: X=351.312 Y=45.488 Z=-1.000
[15:22:13.936] GRBL coordinates updated: X=351.400 Y=45.488 Z=-1.000
[15:22:14.044] GRBL coordinates updated: X=352.652 Y=45.488 Z=-1.000
[15:22:14.155] GRBL coordinates updated: X=353.908 Y=45.488 Z=-1.000
[15:22:14.269] GRBL coordinates updated: X=354.060 Y=45.488 Z=-1.000
[15:22:14.361] GRBL coordinates updated: X=355.160 Y=45.488 Z=-1.000
[15:22:14.485] GRBL coordinates updated: X=355.800 Y=45.488 Z=-1.000
[15:22:14.581] GRBL reply without MPos: ok\r\n
[15:22:14.701] GRBL coordinates updated: X=357.628 Y=45.488 Z=-1.000
[15:22:14.806] GRBL coordinates updated: X=358.916 Y=45.488 Z=-1.000
[15:22:14.916] GRBL coordinates updated: X=359.504 Y=45.488 Z=-1.000
[15:22:15.027] GRBL reply without MPos: ok\r\n
[15:22:15.138] GRBL coordinates updated: X=361.360 Y=45.488 Z=-1.000
[15:22:15.246] GRBL coordinates updated: X=362.676 Y=45.488 Z=-1.000
[15:22:15.359] GRBL coordinates updated: X=363.928 Y=45.488 Z=-1.000
[15:22:15.458] GRBL coordinates updated: X=364.116 Y=45.488 Z=-1.000
[15:22:15.577] GRBL coordinates updated: X=365.180 Y=45.488 Z=-1.000
[15:22:15.693] GRBL coordinates updated: X=365.948 Y=45.488 Z=-1.000
[15:22:15.797] GRBL coordinates updated: X=367.684 Y=45.488 Z=-1.000
[15:22:15.912] GRBL coordinates updated: X=367.788 Y=45.488 Z=-1.000
[15:22:16.017] GRBL coordinates updated: X=368.936 Y=45.488 Z=-1.000
[15:22:16.132] GRBL coordinates updated: X=369.608 Y=45.488 Z=-1.000
[15:22:16.233] GRBL reply without MPos: ok\r\n
[15:22:16.339] GRBL coordinates updated: X=371.424 Y=45.488 Z=-1.000
[15:22:16.452] GRBL coordinates updated: X=372.696 Y=45.488 Z=-1.000
[15:22:16.556] GRBL coordinates updated: X=373.244 Y=45.488 Z=-1.000
[15:22:16.658] GRBL reply without MPos: ok\r\n
[15:22:16.777] GRBL coordinates updated: X=374.984 Y=45.488 Z=-1.000
[15:22:16.893] GRBL coordinates updated: X=376.452 Y=45.488 Z=-1.000
[15:22:16.996] GRBL coordinates updated: X=376.924 Y=45.488 Z=-1.000
[15:22:17.111] GRBL reply without MPos: ok\r\n
[15:22:17.224] GRBL coordinates updated: X=378.764 Y=45.488 Z=-1.000
[15:22:17.329] GRBL coordinates updated: X=380.208 Y=45.488 Z=-1.000
[15:22:17.436] GRBL coordinates updated: X=380.576 Y=45.488 Z=-1.000
[15:22:17.554] GRBL coordinates updated: X=381.464 Y=45.488 Z=-1.000
[15:22:17.649] GRBL coordinates updated: X=382.716 Y=45.488 Z=-1.000
[15:22:17.754] GRBL coordinates updated: X=383.252 Y=45.488 Z=-1.000
[15:22:17.864] GRBL coordinates updated: X=384.120 Y=45.488 Z=-1.000
[15:22:17.974] GRBL coordinates updated: X=385.220 Y=45.488 Z=-1.000
[15:22:18.088] GRBL coordinates updated: X=385.952 Y=45.488 Z=-1.000
[15:22:18.193] GRBL coordinates updated: X=387.724 Y=45.488 Z=-1.000
[15:22:18.308] GRBL coordinates updated: X=387.780 Y=45.488 Z=-1.000
[15:22:18.411] GRBL coordinates updated: X=388.976 Y=45.488 Z=-1.000
[15:22:18.527] GRBL coordinates updated: X=389.604 Y=45.488 Z=-1.000
[15:22:18.629] GRBL reply without MPos: ok\r\n
[15:22:18.738] GRBL coordinates updated: X=391.416 Y=45.488 Z=-1.000
[15:22:18.850] GRBL coordinates updated: X=392.528 Y=45.488 Z=-1.000
[15:22:18.965] GRBL coordinates updated: X=393.360 Y=45.488 Z=-1.000
[15:22:19.075] GRBL coordinates updated: X=393.900 Y=45.488 Z=-1.000
[15:22:19.182] GRBL coordinates updated: X=393.964 Y=45.488 Z=-1.000
[15:22:19.290] GRBL coordinates updated: X=394.340 Y=45.488 Z=-1.000
[15:22:19.414] GRBL coordinates updated: X=394.492 Y=45.488 Z=-1.000
[15:22:19.522] GRBL coordinates updated: X=394.496 Y=45.488 Z=-1.000
[15:22:21.899] BUTTON command sent: 'G91\nG0 X1 F600\nG90'
[15:22:21.909] GRBL reply without MPos: ok\r\nok\r\nok\r\n
[15:22:22.134] GRBL coordinates updated: X=394.632 Y=45.488 Z=-1.000
[15:22:22.258] GRBL coordinates updated: X=394.992 Y=45.488 Z=-1.000
[15:22:22.365] GRBL coordinates updated: X=395.312 Y=45.488 Z=-1.000
[15:22:22.472] GRBL coordinates updated: X=395.356 Y=45.488 Z=-1.000
[15:22:22.586] GRBL coordinates updated: X=395.492 Y=45.488 Z=-1.000
[15:22:22.695] GRBL coordinates updated: X=395.496 Y=45.488 Z=-1.000
[15:22:24.013] BUTTON command sent: 'G91\nG0 X1 F600\nG90'
[15:22:24.216] GRBL coordinates updated: X=395.516 Y=45.488 Z=-1.000
[15:22:24.327] GRBL coordinates updated: X=395.896 Y=45.488 Z=-1.000
[15:22:24.433] GRBL coordinates updated: X=395.948 Y=45.488 Z=-1.000
[15:22:24.542] GRBL coordinates updated: X=396.328 Y=45.488 Z=-1.000
[15:22:24.665] GRBL coordinates updated: X=396.488 Y=45.488 Z=-1.000
[15:22:24.776] GRBL coordinates updated: X=396.496 Y=45.488 Z=-1.000
[15:22:25.259] BUTTON command sent: 'G91\nG0 X1 F600\nG90'
[15:22:25.443] GRBL coordinates updated: X=396.552 Y=45.488 Z=-1.000
[15:22:25.553] GRBL coordinates updated: X=396.820 Y=45.488 Z=-1.000
[15:22:25.663] GRBL coordinates updated: X=397.164 Y=45.488 Z=-1.000
[15:22:25.771] GRBL coordinates updated: X=397.236 Y=45.488 Z=-1.000
[15:22:25.882] GRBL coordinates updated: X=397.464 Y=45.488 Z=-1.000
[15:22:25.982] GRBL coordinates updated: X=397.496 Y=45.488 Z=-1.000
[15:22:36.796] BUTTON command sent: 'G91\nG0 X1 F600\nG90'
[15:22:36.938] GRBL coordinates updated: X=397.560 Y=45.488 Z=-1.000
[15:22:37.047] GRBL coordinates updated: X=397.740 Y=45.488 Z=-1.000
[15:22:37.156] GRBL coordinates updated: X=397.852 Y=45.488 Z=-1.000
[15:22:37.261] GRBL coordinates updated: X=398.264 Y=45.488 Z=-1.000
[15:22:37.373] GRBL coordinates updated: X=398.460 Y=45.488 Z=-1.000
[15:22:37.484] GRBL coordinates updated: X=398.476 Y=45.488 Z=-1.000
[15:22:37.593] GRBL coordinates updated: X=398.496 Y=45.488 Z=-1.000
[15:22:37.726] BUTTON command sent: 'G91\nG0 X1 F600\nG90'
[15:22:37.805] GRBL reply without MPos: ok\r\nok\r\nok\r\n
[15:22:37.914] GRBL coordinates updated: X=398.512 Y=45.488 Z=-1.000
[15:22:38.023] GRBL coordinates updated: X=398.780 Y=45.488 Z=-1.000
[15:22:38.137] GRBL coordinates updated: X=398.876 Y=45.488 Z=-1.000
[15:22:38.249] GRBL coordinates updated: X=399.404 Y=45.488 Z=-1.000
[15:22:38.355] GRBL coordinates updated: X=399.452 Y=45.488 Z=-1.000
[15:22:38.468] GRBL coordinates updated: X=399.496 Y=45.488 Z=-1.000
[15:22:42.201] BUTTON command sent: 'G91\nG0 X1 F600\nG90'
[15:22:42.289] GRBL reply without MPos: ok\r\nok\r\nok\r\n
[15:22:42.404] GRBL coordinates updated: X=399.516 Y=45.488 Z=-1.000
[15:22:42.507] GRBL coordinates updated: X=399.840 Y=45.488 Z=-1.000
[15:22:42.617] GRBL coordinates updated: X=399.900 Y=45.488 Z=-1.000
[15:22:42.733] GRBL coordinates updated: X=400.212 Y=45.488 Z=-1.000
[15:22:42.836] GRBL coordinates updated: X=400.472 Y=45.488 Z=-1.000
[15:22:42.944] GRBL coordinates updated: X=400.496 Y=45.488 Z=-1.000
[15:23:15.570] BUTTON command sent: 'G10 L20 P1 X0'
[15:23:17.573] BUTTON command sent: 'G91\nG0 X1 F600\nG90'
[15:23:17.670] GRBL coordinates updated: X=400.508 Y=45.488 Z=-1.000
[15:23:17.785] GRBL coordinates updated: X=400.524 Y=45.488 Z=-1.000
[15:23:17.884] GRBL coordinates updated: X=400.696 Y=45.488 Z=-1.000
[15:23:18.006] GRBL coordinates updated: X=401.100 Y=45.488 Z=-1.000
[15:23:18.103] GRBL coordinates updated: X=401.408 Y=45.488 Z=-1.000
[15:23:18.222] GRBL coordinates updated: X=401.492 Y=45.488 Z=-1.000
[15:23:18.334] GRBL coordinates updated: X=401.496 Y=45.488 Z=-1.000
[15:23:19.260] BUTTON command sent: 'G10 L20 P1 X0 Y0 Z0'
[15:23:21.355] BUTTON command sent: 'G91\nG0 X1 F600\nG90'
[15:23:21.518] GRBL coordinates updated: X=401.528 Y=45.488 Z=-1.000
[15:23:21.625] GRBL coordinates updated: X=401.760 Y=45.488 Z=-1.000
[15:23:21.735] GRBL coordinates updated: X=402.104 Y=45.488 Z=-1.000
[15:23:21.838] GRBL coordinates updated: X=402.176 Y=45.488 Z=-1.000
[15:23:21.949] GRBL coordinates updated: X=402.444 Y=45.488 Z=-1.000
[15:23:22.059] GRBL coordinates updated: X=402.496 Y=45.488 Z=-1.000
[15:23:22.122] BUTTON command sent: 'G91\nG0 X1 F600\nG90'
[15:23:22.165] GRBL reply without MPos: ok\r\nok\r\nok\r\n
[15:23:22.268] GRBL coordinates updated: X=402.500 Y=45.488 Z=-1.000
[15:23:22.379] GRBL coordinates updated: X=402.572 Y=45.488 Z=-1.000
[15:23:22.487] GRBL coordinates updated: X=402.776 Y=45.488 Z=-1.000
[15:23:22.602] GRBL coordinates updated: X=403.076 Y=45.488 Z=-1.000
[15:23:22.651] BUTTON command sent: 'G91\nG0 X-1 F600\nG90'
[15:23:22.712] GRBL coordinates updated: X=403.344 Y=45.488 Z=-1.000
[15:23:22.825] GRBL coordinates updated: X=403.476 Y=45.488 Z=-1.000
[15:23:22.938] GRBL coordinates updated: X=403.376 Y=45.488 Z=-1.000
[15:23:23.014] BUTTON command sent: 'G91\nG0 X-1 F600\nG90'
[15:23:23.047] GRBL coordinates updated: X=403.332 Y=45.488 Z=-1.000
[15:23:23.152] GRBL coordinates updated: X=402.952 Y=45.488 Z=-1.000
[15:23:23.261] GRBL coordinates updated: X=402.376 Y=45.488 Z=-1.000
[15:23:23.374] GRBL coordinates updated: X=401.964 Y=45.488 Z=-1.000
[15:23:23.484] GRBL coordinates updated: X=401.848 Y=45.488 Z=-1.000
[15:23:23.583] GRBL coordinates updated: X=401.564 Y=45.488 Z=-1.000
[15:23:23.652] BUTTON command sent: 'G91\nG0 X1 F600\nG90'
[15:23:23.702] GRBL coordinates updated: X=401.536 Y=45.488 Z=-1.000
[15:23:23.804] GRBL coordinates updated: X=401.504 Y=45.488 Z=-1.000
[15:23:23.915] GRBL coordinates updated: X=401.668 Y=45.488 Z=-1.000
[15:23:24.031] GRBL coordinates updated: X=402.052 Y=45.488 Z=-1.000
[15:23:24.140] GRBL coordinates updated: X=402.352 Y=45.488 Z=-1.000
[15:23:24.212] BUTTON command sent: 'G91\nG0 X-1 F600\nG90'
[15:23:24.249] GRBL coordinates updated: X=402.388 Y=45.488 Z=-1.000
[15:23:24.356] GRBL coordinates updated: X=402.496 Y=45.488 Z=-1.000
[15:23:24.463] GRBL coordinates updated: X=402.380 Y=45.488 Z=-1.000
[15:23:24.581] GRBL coordinates updated: X=402.136 Y=45.488 Z=-1.000
[15:23:24.676] GRBL coordinates updated: X=402.036 Y=45.488 Z=-1.000
[15:23:24.678] BUTTON command sent: 'G91\nG0 X1 F600\nG90'
[15:23:24.790] GRBL coordinates updated: X=401.656 Y=45.488 Z=-1.000
[15:23:24.905] GRBL coordinates updated: X=401.604 Y=45.488 Z=-1.000
[15:23:25.014] GRBL coordinates updated: X=401.500 Y=45.488 Z=-1.000
[15:23:25.124] GRBL coordinates updated: X=401.568 Y=45.488 Z=-1.000
[15:23:25.227] GRBL coordinates updated: X=401.864 Y=45.488 Z=-1.000
[15:23:25.341] GRBL coordinates updated: X=402.220 Y=45.488 Z=-1.000
[15:23:25.450] GRBL coordinates updated: X=402.272 Y=45.488 Z=-1.000
[15:23:25.561] GRBL coordinates updated: X=402.476 Y=45.488 Z=-1.000
[15:23:25.667] GRBL coordinates updated: X=402.496 Y=45.488 Z=-1.000
[15:23:25.758] BUTTON command sent: 'G91\nG0 X-1 F600\nG90'
[15:23:25.766] GRBL reply without MPos: ok\r\nok\r\nok\r\n
[15:23:25.995] GRBL coordinates updated: X=402.340 Y=45.488 Z=-1.000
[15:23:26.110] GRBL coordinates updated: X=401.976 Y=45.488 Z=-1.000
[15:23:26.220] GRBL coordinates updated: X=401.696 Y=45.488 Z=-1.000
[15:23:26.322] GRBL coordinates updated: X=401.616 Y=45.488 Z=-1.000
[15:23:26.435] GRBL coordinates updated: X=401.496 Y=45.488 Z=-1.000
[15:25:40.783] Saved profile to E:\PROGRAM\ProbeCAM-CNC\.git\ProbeCAM-CNC\data\probe_cam_profile.json
[15:26:28.607] Detected cameras: ['Camera 0 (dshow)']
[15:26:28.612] Detected serial ports: ['COM1', 'COM4', 'COM3', 'COM5']
[15:26:28.614] Loaded profile from E:\PROGRAM\ProbeCAM-CNC\.git\ProbeCAM-CNC\data\probe_cam_profile.json
[15:26:28.614] Application initialized. Load a profile or start scanning cameras.
[15:26:28.614] Connected to COM5 at 115200 baud; status polling started
[15:26:28.614] BUTTON command sent: 'G91\nG0 X0.01 F600\nG90'
[15:26:28.616] BUTTON command sent: 'G91\nG0 X-0.01 F600\nG90'
[15:26:28.616] BUTTON command sent: 'G91\nG0 Y0.01 F600\nG90'
[15:26:28.617] BUTTON command sent: 'G91\nG0 Y-0.01 F600\nG90'
[15:26:28.617] BUTTON command sent: 'G91\nG0 Z0.01 F600\nG90'
[15:26:28.617] BUTTON command sent: 'G91\nG0 Z-0.01 F600\nG90'
[15:26:28.617] BUTTON command sent: 'G10 L20 P1 X0'
[15:26:28.617] BUTTON command sent: 'G10 L20 P1 Y0'
[15:26:28.617] BUTTON command sent: 'G10 L20 P1 Z0'
[15:26:28.618] BUTTON command sent: 'G10 L20 P1 X0 Y0 Z0'
[15:26:28.618] EMERGENCY STOP: sent jog cancel and feed hold
[15:26:28.891] Saved profile to E:\PROGRAM\ProbeCAM-CNC\.git\ProbeCAM-CNC\data\probe_cam_profile.json
[15:26:56.499] Detected cameras: ['Camera 0 (dshow)']
[15:26:56.504] Detected serial ports: ['COM1', 'COM4', 'COM3', 'COM5']
[15:26:56.505] Loaded profile from E:\PROGRAM\ProbeCAM-CNC\.git\ProbeCAM-CNC\data\probe_cam_profile.json
[15:26:56.505] Application initialized. Load a profile or start scanning cameras.
[15:26:56.505] Connected to COM5 at 115200 baud; status polling started
[15:26:56.505] BUTTON command sent: 'G91\nG0 X0.01 F600\nG90'
[15:26:56.507] BUTTON command sent: 'G91\nG0 Y0.01 F600\nG90'
[15:26:56.508] BUTTON command sent: 'G91\nG0 Z-0.01 F600\nG90'
[15:26:56.508] BUTTON command sent: 'G10 L20 P1 X0'
[15:26:56.508] BUTTON command sent: 'G10 L20 P1 Y0'
[15:26:56.508] BUTTON command sent: 'G10 L20 P1 Z0'
[15:26:56.508] BUTTON command sent: 'G10 L20 P1 X0 Y0 Z0'
[15:26:56.509] EMERGENCY STOP: sent jog cancel and feed hold
[15:26:56.781] Saved profile to E:\PROGRAM\ProbeCAM-CNC\.git\ProbeCAM-CNC\data\probe_cam_profile.json
[15:51:46.187] Detected cameras: ['Camera 0 (dshow)']
[15:51:46.193] Detected serial ports: ['COM1', 'COM4', 'COM3', 'COM5']
[15:51:46.195] Loaded profile from E:\PROGRAM\ProbeCAM-CNC\.git\ProbeCAM-CNC\data\probe_cam_profile.json
[15:51:46.195] Application initialized. Load a profile or start scanning cameras.
[15:51:50.145] Unable to connect to COM5: Cannot configure port, something went wrong. Original message: OSError(22, 'The I/O operation has been aborted because of either a thread exit or an application request.', None, 995)
[15:51:53.797] Connected to COM5 at 115200 baud; status polling started
[15:51:53.907] GRBL coordinates updated: X=401.496 Y=45.488 Z=-1.000
[15:51:55.476] BUTTON command sent: 'G91\nG0 X0.01 F600\nG90'
[15:51:55.659] GRBL coordinates updated: X=401.504 Y=45.488 Z=-1.000
[15:51:55.770] GRBL coordinates updated: X=401.508 Y=45.488 Z=-1.000
[15:51:56.396] BUTTON command sent: 'G91\nG0 X0.01 F600\nG90'
[15:51:56.536] GRBL coordinates updated: X=401.516 Y=45.488 Z=-1.000
[15:51:57.400] BUTTON command sent: 'G91\nG0 X0.01 F600\nG90'
[15:51:57.416] GRBL reply without MPos: ok\r\nok\r\nok\r\n
[15:51:57.642] GRBL coordinates updated: X=401.528 Y=45.488 Z=-1.000
[15:52:06.323] GRBL coordinates updated: X=401.536 Y=45.488 Z=-1.000
[15:52:06.436] GRBL coordinates updated: X=401.540 Y=45.488 Z=-1.000
[15:52:06.541] GRBL reply without MPos: ok\r\n
[15:52:06.654] GRBL coordinates updated: X=401.560 Y=45.488 Z=-1.000
[15:52:06.757] GRBL coordinates updated: X=401.576 Y=45.488 Z=-1.000
[15:52:06.870] GRBL coordinates updated: X=401.580 Y=45.488 Z=-1.000
[15:52:06.979] GRBL coordinates updated: X=401.596 Y=45.488 Z=-1.000
[15:52:07.079] GRBL coordinates updated: X=401.608 Y=45.488 Z=-1.000
[15:52:07.210] GRBL coordinates updated: X=401.612 Y=45.488 Z=-1.000
[15:52:07.322] GRBL coordinates updated: X=401.628 Y=45.488 Z=-1.000
[15:52:07.888] GRBL reply without MPos: ok\r\n
[15:52:08.118] GRBL coordinates updated: X=401.648 Y=45.488 Z=-1.000
[15:52:08.243] GRBL coordinates updated: X=401.660 Y=45.488 Z=-1.000
[15:52:08.342] GRBL reply without MPos: ok\r\n
[15:52:08.460] GRBL coordinates updated: X=401.668 Y=45.488 Z=-1.000
[15:52:08.554] GRBL coordinates updated: X=401.688 Y=45.488 Z=-1.000
[15:52:08.668] GRBL reply without MPos: ok\r\n
[15:52:08.776] GRBL coordinates updated: X=401.700 Y=45.488 Z=-1.000
[15:52:08.885] GRBL coordinates updated: X=401.712 Y=45.488 Z=-1.000
[15:52:08.993] GRBL coordinates updated: X=401.720 Y=45.488 Z=-1.000
[15:52:09.100] GRBL coordinates updated: X=401.728 Y=45.488 Z=-1.000
[15:52:09.210] GRBL coordinates updated: X=401.740 Y=45.488 Z=-1.000
[15:52:09.317] GRBL coordinates updated: X=401.748 Y=45.488 Z=-1.000
[15:52:09.426] GRBL coordinates updated: X=401.760 Y=45.488 Z=-1.000
[15:52:09.535] GRBL coordinates updated: X=401.768 Y=45.488 Z=-1.000
[15:52:09.646] GRBL coordinates updated: X=401.780 Y=45.488 Z=-1.000
[15:52:09.764] GRBL coordinates updated: X=401.788 Y=45.488 Z=-1.000
[15:52:10.308] GRBL coordinates updated: X=401.788 Y=45.492 Z=-1.000
[15:52:10.418] GRBL coordinates updated: X=401.788 Y=45.504 Z=-1.000
[15:52:10.521] GRBL coordinates updated: X=401.788 Y=45.516 Z=-1.000
[15:52:10.635] GRBL coordinates updated: X=401.788 Y=45.520 Z=-1.000
[15:52:10.736] GRBL reply without MPos: ok\r\n
[15:52:10.852] GRBL coordinates updated: X=401.788 Y=45.540 Z=-1.000
[15:52:10.959] GRBL coordinates updated: X=401.788 Y=45.556 Z=-1.000
[15:52:11.076] GRBL coordinates updated: X=401.788 Y=45.560 Z=-1.000
[15:52:11.184] GRBL coordinates updated: X=401.788 Y=45.572 Z=-1.000
[15:52:11.292] GRBL coordinates updated: X=401.788 Y=45.588 Z=-1.000
[15:52:11.396] GRBL coordinates updated: X=401.788 Y=45.596 Z=-1.000
[15:52:11.510] GRBL coordinates updated: X=401.788 Y=45.600 Z=-1.000
[15:52:11.617] GRBL coordinates updated: X=401.788 Y=45.616 Z=-1.000
[15:52:11.723] GRBL coordinates updated: X=401.788 Y=45.628 Z=-1.000
[15:52:11.840] GRBL coordinates updated: X=401.788 Y=45.632 Z=-1.000
[15:52:11.960] GRBL coordinates updated: X=401.788 Y=45.640 Z=-1.000
[15:52:12.088] GRBL coordinates updated: X=401.788 Y=45.656 Z=-1.000
[15:52:12.194] GRBL coordinates updated: X=401.788 Y=45.668 Z=-1.000
[15:52:12.298] GRBL coordinates updated: X=401.788 Y=45.676 Z=-1.000
[15:52:12.412] GRBL coordinates updated: X=401.788 Y=45.680 Z=-1.000
[15:52:12.520] GRBL coordinates updated: X=401.788 Y=45.696 Z=-1.000
[15:52:12.622] GRBL coordinates updated: X=401.788 Y=45.708 Z=-1.000
[15:52:12.734] GRBL coordinates updated: X=401.788 Y=45.712 Z=-1.000
[15:52:12.848] GRBL coordinates updated: X=401.788 Y=45.728 Z=-1.000
[15:52:13.172] GRBL reply without MPos: ok\r\n
[15:52:13.287] GRBL coordinates updated: X=401.788 Y=45.740 Z=-1.000
[15:52:13.388] GRBL coordinates updated: X=401.788 Y=45.752 Z=-1.000
[15:52:13.503] GRBL coordinates updated: X=401.788 Y=45.756 Z=-1.000
[15:52:13.606] GRBL reply without MPos: ok\r\n
[15:52:13.722] GRBL coordinates updated: X=401.788 Y=45.776 Z=-1.000
[15:52:13.831] GRBL coordinates updated: X=401.788 Y=45.788 Z=-1.000
[15:52:14.598] GRBL coordinates updated: X=401.788 Y=45.788 Z=-0.996
[15:52:14.726] GRBL coordinates updated: X=401.788 Y=45.788 Z=-0.984
[15:52:14.836] GRBL coordinates updated: X=401.788 Y=45.788 Z=-0.972
[15:52:14.938] GRBL coordinates updated: X=401.788 Y=45.788 Z=-0.960
[15:52:15.053] GRBL coordinates updated: X=401.788 Y=45.788 Z=-0.956
[15:52:15.156] GRBL coordinates updated: X=401.788 Y=45.788 Z=-0.944
[15:52:15.272] GRBL coordinates updated: X=401.788 Y=45.788 Z=-0.940
[15:52:15.381] GRBL coordinates updated: X=401.788 Y=45.788 Z=-0.932
[15:52:15.490] GRBL coordinates updated: X=401.788 Y=45.788 Z=-0.916
[15:52:15.597] GRBL coordinates updated: X=401.788 Y=45.788 Z=-0.900
[15:52:16.136] GRBL reply without MPos: ok\r\n
[15:52:16.244] GRBL coordinates updated: X=401.788 Y=45.788 Z=-0.904
[15:52:16.361] GRBL coordinates updated: X=401.788 Y=45.788 Z=-0.912
[15:52:16.463] GRBL reply without MPos: ok\r\n
[15:52:16.578] GRBL coordinates updated: X=401.788 Y=45.788 Z=-0.932
[15:52:16.687] GRBL coordinates updated: X=401.788 Y=45.788 Z=-0.948
[15:52:16.793] GRBL coordinates updated: X=401.788 Y=45.788 Z=-0.960
[15:52:16.908] GRBL coordinates updated: X=401.788 Y=45.788 Z=-0.964
[15:52:17.015] GRBL coordinates updated: X=401.788 Y=45.788 Z=-0.976
[15:52:17.115] GRBL coordinates updated: X=401.788 Y=45.788 Z=-0.988
[15:52:17.222] GRBL coordinates updated: X=401.788 Y=45.788 Z=-0.992
[15:52:17.336] GRBL coordinates updated: X=401.788 Y=45.788 Z=-1.000
[15:52:17.836] BUTTON command sent: 'G10 L20 P1 Z0'
[15:52:18.523] BUTTON command sent: 'G10 L20 P1 Z0'
[15:52:18.533] GRBL reply without MPos: ok\r\n
[15:52:19.140] BUTTON command sent: 'G10 L20 P1 Y0'
[15:52:19.203] GRBL reply without MPos: ok\r\n
[15:52:21.804] BUTTON command sent: 'G10 L20 P1 Y0'
[15:52:22.963] BUTTON command sent: 'G10 L20 P1 Y0'
[15:52:25.052] BUTTON command sent: 'G10 L20 P1 Y0'
[15:52:25.876] BUTTON command sent: 'G10 L20 P1 X0'
[15:52:27.092] GRBL reply without MPos: ok\r\n
[15:52:27.191] GRBL coordinates updated: X=401.800 Y=45.788 Z=-1.000
[15:52:27.312] GRBL coordinates updated: X=401.812 Y=45.788 Z=-1.000
[15:52:27.427] GRBL coordinates updated: X=401.820 Y=45.788 Z=-1.000
[15:52:27.962] GRBL reply without MPos: ok\r\n
[15:52:28.070] GRBL coordinates updated: X=401.824 Y=45.788 Z=-1.000
[15:52:28.180] GRBL coordinates updated: X=401.840 Y=45.788 Z=-1.000
[15:52:28.771] BUTTON command sent: 'G10 L20 P1 Z0'
[15:52:29.709] GRBL coordinates updated: X=401.844 Y=45.788 Z=-1.000
[15:52:29.819] GRBL coordinates updated: X=401.852 Y=45.788 Z=-1.000
[15:52:29.939] GRBL coordinates updated: X=401.860 Y=45.788 Z=-1.000
[15:52:30.690] GRBL reply without MPos: ok\r\n
[15:52:30.913] GRBL coordinates updated: X=401.876 Y=45.788 Z=-1.000
[15:52:31.029] GRBL coordinates updated: X=401.880 Y=45.788 Z=-1.000
[15:52:32.024] GRBL reply without MPos: ok\r\n
[15:52:32.131] GRBL coordinates updated: X=401.884 Y=45.788 Z=-1.000
[15:52:32.246] GRBL coordinates updated: X=401.896 Y=45.788 Z=-1.000
[15:52:32.356] GRBL coordinates updated: X=401.900 Y=45.788 Z=-1.000
[15:52:34.665] GRBL coordinates updated: X=401.912 Y=45.788 Z=-1.000
[15:52:34.787] GRBL coordinates updated: X=401.920 Y=45.788 Z=-1.000
[15:52:35.549] GRBL coordinates updated: X=401.928 Y=45.788 Z=-1.000
[15:52:35.652] GRBL coordinates updated: X=401.940 Y=45.788 Z=-1.000
[15:52:35.872] GRBL coordinates updated: X=401.956 Y=45.788 Z=-1.000
[15:52:35.988] GRBL coordinates updated: X=401.960 Y=45.788 Z=-1.000
[15:52:36.091] GRBL reply without MPos: ok\r\n
[15:52:36.208] GRBL coordinates updated: X=401.980 Y=45.788 Z=-1.000
[15:52:36.316] GRBL coordinates updated: X=401.996 Y=45.788 Z=-1.000
[15:52:36.424] GRBL coordinates updated: X=402.012 Y=45.788 Z=-1.000
[15:52:37.297] GRBL reply without MPos: ok\r\n
[15:52:37.415] GRBL coordinates updated: X=402.024 Y=45.788 Z=-1.000
[15:52:37.522] GRBL coordinates updated: X=402.036 Y=45.788 Z=-1.000
[15:52:37.634] GRBL coordinates updated: X=402.052 Y=45.788 Z=-1.000
[15:52:37.738] GRBL reply without MPos: ok\r\n
[15:52:37.853] GRBL coordinates updated: X=402.064 Y=45.788 Z=-1.000
[15:52:37.961] GRBL coordinates updated: X=402.076 Y=45.788 Z=-1.000
[15:52:38.069] GRBL coordinates updated: X=402.092 Y=45.788 Z=-1.000
[15:52:38.173] GRBL reply without MPos: ok\r\n
[15:52:38.288] GRBL coordinates updated: X=402.104 Y=45.788 Z=-1.000
[15:52:38.397] GRBL coordinates updated: X=402.120 Y=45.788 Z=-1.000
[15:52:38.500] GRBL coordinates updated: X=402.132 Y=45.788 Z=-1.000
[15:52:38.724] GRBL coordinates updated: X=402.148 Y=45.788 Z=-1.000
[15:52:38.834] GRBL coordinates updated: X=402.160 Y=45.788 Z=-1.000
[15:52:38.937] GRBL coordinates updated: X=402.172 Y=45.788 Z=-1.000
[15:52:39.163] GRBL coordinates updated: X=402.188 Y=45.788 Z=-1.000
[15:52:39.271] GRBL coordinates updated: X=402.204 Y=45.788 Z=-1.000
[15:52:39.377] GRBL reply without MPos: ok\r\n
[15:52:39.491] GRBL coordinates updated: X=402.212 Y=45.788 Z=-1.000
[15:52:39.580] GRBL coordinates updated: X=402.228 Y=45.788 Z=-1.000
[15:52:39.697] GRBL coordinates updated: X=402.232 Y=45.788 Z=-1.000
[15:52:39.804] GRBL coordinates updated: X=402.244 Y=45.788 Z=-1.000
[15:52:39.916] GRBL coordinates updated: X=402.252 Y=45.788 Z=-1.000
[15:52:40.908] BUTTON command sent: 'G10 L20 P1 Z0'
[15:52:41.803] GRBL coordinates updated: X=402.252 Y=45.788 Z=-0.996
[15:52:41.916] GRBL coordinates updated: X=402.252 Y=45.788 Z=-0.980
[15:52:42.451] GRBL coordinates updated: X=402.252 Y=45.788 Z=-0.976
[15:52:42.568] GRBL coordinates updated: X=402.252 Y=45.788 Z=-0.972
[15:52:42.669] GRBL reply without MPos: ok\r\n
[15:52:42.784] GRBL coordinates updated: X=402.252 Y=45.788 Z=-0.952
[15:52:42.890] GRBL coordinates updated: X=402.252 Y=45.788 Z=-0.936
[15:52:43.004] GRBL coordinates updated: X=402.252 Y=45.788 Z=-0.932
[15:52:43.106] GRBL reply without MPos: ok\r\n
[15:52:43.220] GRBL coordinates updated: X=402.252 Y=45.788 Z=-0.912
[15:52:43.329] GRBL coordinates updated: X=402.252 Y=45.788 Z=-0.892
[15:52:43.547] GRBL coordinates updated: X=402.252 Y=45.788 Z=-0.880
[15:52:43.664] GRBL coordinates updated: X=402.252 Y=45.788 Z=-0.872
[15:52:43.765] GRBL coordinates updated: X=402.252 Y=45.788 Z=-0.852
[15:52:43.980] GRBL coordinates updated: X=402.252 Y=45.788 Z=-0.840
[15:52:44.095] GRBL coordinates updated: X=402.252 Y=45.788 Z=-0.832
[15:52:44.764] BUTTON command sent: 'G10 L20 P1 Z0'
[15:52:44.855] GRBL reply without MPos: ok\r\n
[15:52:45.731] GRBL reply without MPos: ok\r\n
[15:52:45.842] GRBL coordinates updated: X=402.252 Y=45.788 Z=-0.824
[15:52:46.709] GRBL coordinates updated: X=402.252 Y=45.788 Z=-0.828
[15:52:46.831] GRBL coordinates updated: X=402.252 Y=45.788 Z=-0.844
[15:52:47.255] GRBL reply without MPos: ok\r\n
[15:52:47.380] GRBL coordinates updated: X=402.264 Y=45.788 Z=-0.844
[15:52:47.492] GRBL coordinates updated: X=402.272 Y=45.788 Z=-0.844
[15:52:47.811] GRBL reply without MPos: ok\r\n
[15:52:47.928] GRBL coordinates updated: X=402.276 Y=45.788 Z=-0.844
[15:52:48.024] GRBL coordinates updated: X=402.292 Y=45.788 Z=-0.844
[15:52:48.145] GRBL coordinates updated: X=402.296 Y=45.788 Z=-0.844
[15:52:48.249] GRBL coordinates updated: X=402.308 Y=45.788 Z=-0.844
[15:52:48.355] GRBL coordinates updated: X=402.324 Y=45.788 Z=-0.844
[15:52:48.803] GRBL coordinates updated: X=402.316 Y=45.788 Z=-0.844
[15:52:49.016] GRBL reply without MPos: ok\r\n
[15:52:49.115] GRBL coordinates updated: X=402.308 Y=45.788 Z=-0.844
[15:52:49.223] GRBL coordinates updated: X=402.296 Y=45.788 Z=-0.844
[15:52:49.666] GRBL coordinates updated: X=402.296 Y=45.796 Z=-0.844
[15:52:49.768] GRBL reply without MPos: ok\r\n
[15:52:49.885] GRBL coordinates updated: X=402.296 Y=45.816 Z=-0.844
[15:52:49.987] GRBL coordinates updated: X=402.296 Y=45.832 Z=-0.844
[15:52:50.105] GRBL coordinates updated: X=402.296 Y=45.836 Z=-0.844
[15:52:51.745] GRBL coordinates updated: X=402.296 Y=45.832 Z=-0.844
[15:52:51.856] GRBL coordinates updated: X=402.296 Y=45.828 Z=-0.844
[15:52:51.966] GRBL coordinates updated: X=402.296 Y=45.816 Z=-0.844
[15:52:52.084] GRBL coordinates updated: X=402.296 Y=45.808 Z=-0.844
[15:52:52.308] GRBL coordinates updated: X=402.296 Y=45.804 Z=-0.844
[15:52:52.411] GRBL coordinates updated: X=402.296 Y=45.796 Z=-0.844
[15:52:52.531] GRBL coordinates updated: X=402.296 Y=45.788 Z=-0.844
[15:52:54.969] BUTTON command sent: 'G91\nG0 X0.01 F600\nG90'
[15:52:55.049] GRBL reply without MPos: ok\r\nok\r\nok\r\n
[15:52:55.165] GRBL coordinates updated: X=402.304 Y=45.788 Z=-0.844
[15:52:55.269] GRBL coordinates updated: X=402.308 Y=45.788 Z=-0.844
[15:52:55.813] BUTTON command sent: 'G91\nG0 X0.01 F600\nG90'
[15:52:55.930] GRBL coordinates updated: X=402.316 Y=45.788 Z=-0.844
[15:52:56.467] BUTTON command sent: 'G91\nG0 X0.01 F600\nG90'
[15:52:56.601] GRBL coordinates updated: X=402.324 Y=45.788 Z=-0.844
[15:52:56.712] GRBL coordinates updated: X=402.328 Y=45.788 Z=-0.844
[15:52:57.259] BUTTON command sent: 'G91\nG0 X0.01 F600\nG90'
[15:52:57.476] GRBL coordinates updated: X=402.336 Y=45.788 Z=-0.844
[15:52:58.062] BUTTON command sent: 'G91\nG0 X0.01 F600\nG90'
[15:52:58.237] GRBL coordinates updated: X=402.348 Y=45.788 Z=-0.844
[15:52:58.846] BUTTON command sent: 'G91\nG0 X0.01 F600\nG90'
[15:52:59.000] GRBL coordinates updated: X=402.356 Y=45.788 Z=-0.844
[15:52:59.275] BUTTON command sent: 'G91\nG0 X0.01 F600\nG90'
[15:52:59.426] GRBL coordinates updated: X=402.360 Y=45.788 Z=-0.844
[15:52:59.474] BUTTON command sent: 'G91\nG0 X0.01 F600\nG90'
[15:52:59.543] GRBL coordinates updated: X=402.368 Y=45.788 Z=-0.844
[15:52:59.643] BUTTON command sent: 'G91\nG0 X0.01 F600\nG90'
[15:52:59.645] GRBL coordinates updated: X=402.376 Y=45.788 Z=-0.844
[15:52:59.764] GRBL coordinates updated: X=402.380 Y=45.788 Z=-0.844
[15:52:59.835] BUTTON command sent: 'G91\nG0 X0.01 F600\nG90'
[15:52:59.875] GRBL coordinates updated: X=402.388 Y=45.788 Z=-0.844
[15:52:59.978] GRBL coordinates updated: X=402.392 Y=45.788 Z=-0.844
[15:53:00.019] BUTTON command sent: 'G91\nG0 X0.01 F600\nG90'
[15:53:00.088] GRBL coordinates updated: X=402.396 Y=45.788 Z=-0.844
[15:53:00.208] GRBL coordinates updated: X=402.408 Y=45.788 Z=-0.844
[15:53:00.211] BUTTON command sent: 'G91\nG0 X0.01 F600\nG90'
[15:53:00.310] GRBL coordinates updated: X=402.416 Y=45.788 Z=-0.844
[15:53:00.374] BUTTON command sent: 'G91\nG0 X0.01 F600\nG90'
[15:53:00.536] GRBL coordinates updated: X=402.424 Y=45.788 Z=-0.844
[15:53:00.642] GRBL coordinates updated: X=402.428 Y=45.788 Z=-0.844
[15:53:01.022] BUTTON command sent: 'G91\nG0 X0.01 F600\nG90'
[15:53:01.182] GRBL coordinates updated: X=402.432 Y=45.788 Z=-0.844
[15:53:01.286] GRBL coordinates updated: X=402.436 Y=45.788 Z=-0.844
[15:53:02.021] BUTTON command sent: 'G91\nG0 X0.01 F600\nG90'
[15:53:02.167] GRBL coordinates updated: X=402.444 Y=45.788 Z=-0.844
[15:53:02.194] BUTTON command sent: 'G91\nG0 X0.01 F600\nG90'
[15:53:02.267] GRBL coordinates updated: X=402.452 Y=45.788 Z=-0.844
[15:53:02.386] GRBL coordinates updated: X=402.456 Y=45.788 Z=-0.844
[15:53:02.389] BUTTON command sent: 'G91\nG0 X0.01 F600\nG90'
[15:53:02.549] BUTTON command sent: 'G91\nG0 X0.01 F600\nG90'
[15:53:02.604] GRBL coordinates updated: X=402.468 Y=45.788 Z=-0.844
[15:53:02.725] GRBL coordinates updated: X=402.476 Y=45.788 Z=-0.844
[15:53:02.731] BUTTON command sent: 'G91\nG0 X0.01 F600\nG90'
[15:53:02.819] GRBL reply without MPos: ok\r\nok\r\nok\r\n
[15:53:02.910] BUTTON command sent: 'G91\nG0 X0.01 F600\nG90'
[15:53:02.947] GRBL coordinates updated: X=402.484 Y=45.788 Z=-0.844
[15:53:03.055] GRBL coordinates updated: X=402.496 Y=45.788 Z=-0.844
[15:53:03.501] BUTTON command sent: 'G91\nG0 X0.01 F600\nG90'
[15:53:03.580] GRBL reply without MPos: ok\r\nok\r\nok\r\n
[15:53:03.678] BUTTON command sent: 'G91\nG0 X0.01 F600\nG90'
[15:53:03.709] GRBL coordinates updated: X=402.504 Y=45.788 Z=-0.844
[15:53:03.814] GRBL coordinates updated: X=402.516 Y=45.788 Z=-0.844
[15:53:03.869] BUTTON command sent: 'G91\nG0 X0.01 F600\nG90'
[15:53:04.039] GRBL coordinates updated: X=402.520 Y=45.788 Z=-0.844
[15:53:04.060] BUTTON command sent: 'G91\nG0 X0.01 F600\nG90'
[15:53:04.144] GRBL coordinates updated: X=402.528 Y=45.788 Z=-0.844
[15:53:04.238] BUTTON command sent: 'G91\nG0 X0.01 F600\nG90'
[15:53:04.248] GRBL coordinates updated: X=402.536 Y=45.788 Z=-0.844
[15:53:04.369] GRBL coordinates updated: X=402.548 Y=45.788 Z=-0.844
[15:53:04.414] BUTTON command sent: 'G91\nG0 X0.01 F600\nG90'
[15:53:04.473] GRBL reply without MPos: ok\r\nok\r\nok\r\n
[15:53:04.589] GRBL coordinates updated: X=402.552 Y=45.788 Z=-0.844
[15:53:04.594] BUTTON command sent: 'G91\nG0 X0.01 F600\nG90'
[15:53:04.688] GRBL coordinates updated: X=402.560 Y=45.788 Z=-0.844
[15:53:04.780] BUTTON command sent: 'G91\nG0 X0.01 F600\nG90'
[15:53:04.808] GRBL coordinates updated: X=402.568 Y=45.788 Z=-0.844
[15:53:04.917] GRBL coordinates updated: X=402.576 Y=45.788 Z=-0.844
[15:53:04.940] BUTTON command sent: 'G91\nG0 X0.01 F600\nG90'
[15:53:05.118] BUTTON command sent: 'G91\nG0 X0.01 F600\nG90'
[15:53:05.138] GRBL coordinates updated: X=402.584 Y=45.788 Z=-0.844
[15:53:05.246] GRBL coordinates updated: X=402.596 Y=45.788 Z=-0.844
[15:53:05.301] BUTTON command sent: 'G91\nG0 X0.01 F600\nG90'
[15:53:05.466] GRBL coordinates updated: X=402.608 Y=45.788 Z=-0.844
[15:53:05.902] BUTTON command sent: 'G91\nG0 X0.01 F600\nG90'
[15:53:06.008] GRBL coordinates updated: X=402.616 Y=45.788 Z=-0.844
[15:53:06.379] BUTTON command sent: 'G91\nG0 X0.01 F600\nG90'
[15:53:06.559] GRBL coordinates updated: X=402.624 Y=45.788 Z=-0.844
[15:53:06.660] GRBL coordinates updated: X=402.628 Y=45.788 Z=-0.844
[15:53:06.942] BUTTON command sent: 'G91\nG0 X0.01 F600\nG90'
[15:53:07.100] GRBL coordinates updated: X=402.636 Y=45.788 Z=-0.844
[15:53:08.526] GRBL reply without MPos: ok\r\n
[15:53:08.751] GRBL coordinates updated: X=402.648 Y=45.788 Z=-0.844
[15:53:09.510] GRBL coordinates updated: X=402.660 Y=45.788 Z=-0.844
[15:53:10.052] GRBL reply without MPos: ok\r\n
[15:53:10.162] GRBL coordinates updated: X=402.664 Y=45.788 Z=-0.844
[15:53:10.288] GRBL coordinates updated: X=402.680 Y=45.788 Z=-0.844
[15:53:10.830] GRBL coordinates updated: X=402.684 Y=45.788 Z=-0.844
[15:53:10.943] GRBL coordinates updated: X=402.688 Y=45.788 Z=-0.844
[15:53:11.052] GRBL coordinates updated: X=402.692 Y=45.788 Z=-0.844
[15:53:11.709] GRBL coordinates updated: X=402.704 Y=45.788 Z=-0.844
[15:53:12.491] GRBL coordinates updated: X=402.716 Y=45.788 Z=-0.844
[15:53:13.245] GRBL coordinates updated: X=402.720 Y=45.788 Z=-0.844
[15:53:13.361] GRBL coordinates updated: X=402.728 Y=45.788 Z=-0.844
[15:53:16.649] GRBL coordinates updated: X=402.732 Y=45.788 Z=-0.844
[15:53:16.760] GRBL coordinates updated: X=402.788 Y=45.788 Z=-0.844
[15:53:16.881] GRBL coordinates updated: X=402.792 Y=45.788 Z=-0.844
[15:53:17.750] GRBL coordinates updated: X=402.796 Y=45.788 Z=-0.844
[15:53:17.860] GRBL coordinates updated: X=402.812 Y=45.788 Z=-0.844
[15:53:17.976] GRBL coordinates updated: X=402.920 Y=45.788 Z=-0.844
[15:53:18.086] GRBL coordinates updated: X=402.956 Y=45.788 Z=-0.844
[15:53:18.513] GRBL coordinates updated: X=402.960 Y=45.788 Z=-0.844
[15:53:19.498] GRBL reply without MPos: ok\r\n
[15:53:19.613] GRBL coordinates updated: X=402.976 Y=45.788 Z=-0.844
[15:53:19.724] GRBL coordinates updated: X=403.100 Y=45.788 Z=-0.844
[15:53:19.833] GRBL coordinates updated: X=403.104 Y=45.788 Z=-0.844
[15:53:21.144] GRBL coordinates updated: X=403.108 Y=45.788 Z=-0.844
[15:53:21.255] GRBL coordinates updated: X=403.164 Y=45.788 Z=-0.844
[15:53:21.364] GRBL coordinates updated: X=403.168 Y=45.788 Z=-0.844
[15:53:22.339] GRBL coordinates updated: X=403.212 Y=45.788 Z=-0.844
[15:53:22.452] GRBL coordinates updated: X=403.228 Y=45.788 Z=-0.844
[15:53:22.565] GRBL coordinates updated: X=403.252 Y=45.788 Z=-0.844
[15:53:23.428] GRBL coordinates updated: X=403.312 Y=45.788 Z=-0.844
[15:53:23.539] GRBL coordinates updated: X=403.340 Y=45.788 Z=-0.844
[15:53:23.656] GRBL coordinates updated: X=403.416 Y=45.788 Z=-0.844
[15:53:23.987] GRBL coordinates updated: X=403.420 Y=45.788 Z=-0.844
[15:53:24.975] GRBL coordinates updated: X=403.436 Y=45.788 Z=-0.844
[15:53:25.068] GRBL coordinates updated: X=403.516 Y=45.788 Z=-0.844
[15:53:25.196] GRBL coordinates updated: X=403.524 Y=45.788 Z=-0.844
[15:53:25.304] GRBL coordinates updated: X=403.568 Y=45.788 Z=-0.844
[15:53:25.403] GRBL coordinates updated: X=403.600 Y=45.788 Z=-0.844
[15:53:25.522] GRBL coordinates updated: X=403.616 Y=45.788 Z=-0.844
[15:53:26.841] GRBL coordinates updated: X=403.620 Y=45.788 Z=-0.844
[15:53:26.946] GRBL coordinates updated: X=403.700 Y=45.788 Z=-0.844
[15:53:27.060] GRBL coordinates updated: X=403.712 Y=45.788 Z=-0.844
[15:53:27.382] GRBL coordinates updated: X=403.716 Y=45.788 Z=-0.844
[15:53:31.213] GRBL coordinates updated: X=403.740 Y=45.788 Z=-0.844
[15:53:31.332] GRBL coordinates updated: X=403.748 Y=45.788 Z=-0.844
[15:53:31.442] GRBL coordinates updated: X=403.796 Y=45.788 Z=-0.844
[15:53:32.086] GRBL reply without MPos: ok\r\n
[15:53:32.200] GRBL coordinates updated: X=403.820 Y=45.788 Z=-0.844
[15:53:32.308] GRBL coordinates updated: X=403.892 Y=45.788 Z=-0.844
[15:53:32.970] GRBL reply without MPos: ok\r\n
[15:53:33.087] GRBL coordinates updated: X=403.924 Y=45.788 Z=-0.844
[15:53:33.210] GRBL coordinates updated: X=403.956 Y=45.788 Z=-0.844
[15:53:33.410] GRBL reply without MPos: ok\r\n
[15:53:33.529] GRBL coordinates updated: X=403.964 Y=45.788 Z=-0.844
[15:53:33.640] GRBL coordinates updated: X=404.080 Y=45.788 Z=-0.844
[15:53:33.755] GRBL coordinates updated: X=404.316 Y=45.788 Z=-0.844
[15:53:33.849] GRBL coordinates updated: X=404.700 Y=45.788 Z=-0.844
[15:53:33.963] GRBL coordinates updated: X=405.344 Y=45.788 Z=-0.844
[15:53:34.073] GRBL coordinates updated: X=405.828 Y=45.788 Z=-0.844
[15:53:34.182] GRBL coordinates updated: X=406.056 Y=45.788 Z=-0.844
[15:53:34.286] GRBL coordinates updated: X=406.088 Y=45.788 Z=-0.844
[15:53:34.395] GRBL coordinates updated: X=406.136 Y=45.788 Z=-0.844
[15:53:35.395] GRBL coordinates updated: X=406.136 Y=45.788 Z=-0.792
[15:53:35.488] GRBL coordinates updated: X=406.136 Y=45.788 Z=-0.784
[15:53:35.598] GRBL coordinates updated: X=406.136 Y=45.788 Z=-0.764
[15:53:36.147] GRBL coordinates updated: X=406.136 Y=45.788 Z=-0.760
[15:53:36.261] GRBL coordinates updated: X=406.136 Y=45.788 Z=-0.680
[15:53:36.370] GRBL coordinates updated: X=406.136 Y=45.788 Z=-0.644
[15:53:36.913] GRBL coordinates updated: X=406.136 Y=45.788 Z=-0.636
[15:53:37.028] GRBL coordinates updated: X=406.136 Y=45.788 Z=-0.632
[15:53:37.135] GRBL coordinates updated: X=406.136 Y=45.788 Z=-0.464
[15:53:37.239] GRBL coordinates updated: X=406.136 Y=45.788 Z=-0.068
[15:53:37.368] GRBL coordinates updated: X=406.136 Y=45.788 Z=0.048
[15:53:37.470] GRBL reply without MPos: ok\r\n
[15:53:37.585] GRBL coordinates updated: X=406.136 Y=45.788 Z=1.184
[15:53:37.687] GRBL coordinates updated: X=406.136 Y=45.788 Z=2.460
[15:53:37.804] GRBL coordinates updated: X=406.136 Y=45.788 Z=2.676
[15:53:37.911] GRBL coordinates updated: X=406.136 Y=45.788 Z=3.392
[15:53:38.022] GRBL coordinates updated: X=406.136 Y=45.788 Z=4.096
[15:53:38.126] GRBL coordinates updated: X=406.136 Y=45.788 Z=4.572
[15:53:38.243] GRBL coordinates updated: X=406.136 Y=45.788 Z=4.804
[15:53:38.350] GRBL coordinates updated: X=406.136 Y=45.788 Z=4.824
[15:53:38.459] GRBL coordinates updated: X=406.136 Y=45.788 Z=4.868
[15:53:39.225] GRBL coordinates updated: X=406.136 Y=45.788 Z=4.888
[15:53:39.332] GRBL coordinates updated: X=406.136 Y=45.788 Z=4.948
[15:53:40.094] GRBL coordinates updated: X=406.136 Y=45.788 Z=4.952
[15:53:40.209] GRBL coordinates updated: X=406.136 Y=45.788 Z=4.964
[15:53:40.318] GRBL coordinates updated: X=406.136 Y=45.788 Z=5.012
[15:53:42.203] BUTTON command sent: 'G91\nG0 Z1 F600\nG90'
[15:53:42.279] GRBL reply without MPos: ok\r\nok\r\nok\r\n
[15:53:42.396] GRBL coordinates updated: X=406.136 Y=45.788 Z=5.028
[15:53:42.496] GRBL coordinates updated: X=406.136 Y=45.788 Z=5.280
[15:53:42.611] GRBL coordinates updated: X=406.136 Y=45.788 Z=5.692
[15:53:42.721] GRBL coordinates updated: X=406.136 Y=45.788 Z=5.908
[15:53:42.827] GRBL coordinates updated: X=406.136 Y=45.788 Z=5.960
[15:53:42.935] GRBL coordinates updated: X=406.136 Y=45.788 Z=6.012
[15:53:43.486] BUTTON command sent: 'G91\nG0 Z1 F600\nG90'
[15:53:43.709] GRBL coordinates updated: X=406.136 Y=45.788 Z=6.044
[15:53:43.816] GRBL coordinates updated: X=406.136 Y=45.788 Z=6.456
[15:53:43.925] GRBL coordinates updated: X=406.136 Y=45.788 Z=6.764
[15:53:44.035] GRBL coordinates updated: X=406.136 Y=45.788 Z=6.844
[15:53:44.143] GRBL coordinates updated: X=406.136 Y=45.788 Z=7.004
[15:53:44.252] GRBL coordinates updated: X=406.136 Y=45.788 Z=7.012
[15:53:45.868] BUTTON command sent: 'G10 L20 P1 Z0'
[15:53:46.547] BUTTON command sent: 'G10 L20 P1 Y0'
[15:53:47.205] BUTTON command sent: 'G10 L20 P1 X0'
[15:53:47.308] GRBL reply without MPos: ok\r\n
[15:53:47.860] BUTTON command sent: 'G10 L20 P1 Y0'
[15:53:47.957] GRBL reply without MPos: ok\r\n
[15:53:52.447] GRBL reply without MPos: ok\r\n
[15:53:52.566] GRBL coordinates updated: X=406.156 Y=45.788 Z=7.012
[15:53:52.683] GRBL coordinates updated: X=406.280 Y=45.788 Z=7.012
[15:53:53.671] GRBL coordinates updated: X=406.288 Y=45.788 Z=7.012
[15:53:53.789] GRBL coordinates updated: X=406.376 Y=45.788 Z=7.012
[15:53:53.896] GRBL coordinates updated: X=406.424 Y=45.788 Z=7.012
[15:53:54.761] GRBL coordinates updated: X=406.436 Y=45.788 Z=7.012
[15:53:54.869] GRBL coordinates updated: X=406.456 Y=45.788 Z=7.012
[15:53:54.991] GRBL coordinates updated: X=406.540 Y=45.788 Z=7.012
[15:53:55.316] GRBL coordinates updated: X=406.544 Y=45.788 Z=7.012
[15:53:56.194] GRBL coordinates updated: X=406.548 Y=45.788 Z=7.012
[15:53:56.958] GRBL coordinates updated: X=406.552 Y=45.788 Z=7.012
[15:53:57.718] GRBL coordinates updated: X=406.556 Y=45.788 Z=7.012
[15:53:58.044] BUTTON command sent: '$H'
[15:53:58.492] GRBL coordinates updated: X=406.560 Y=45.788 Z=7.012
[15:53:59.382] GRBL coordinates updated: X=406.564 Y=45.788 Z=7.012
[15:53:59.581] BUTTON command sent: '$H'
[15:54:00.145] GRBL coordinates updated: X=406.568 Y=45.788 Z=7.012
[15:54:00.909] GRBL coordinates updated: X=406.572 Y=45.788 Z=7.012
[15:54:01.783] GRBL coordinates updated: X=406.576 Y=45.788 Z=7.012
[15:54:02.544] GRBL coordinates updated: X=406.580 Y=45.788 Z=7.012
[15:54:03.309] GRBL coordinates updated: X=406.584 Y=45.788 Z=7.012
[15:54:04.187] GRBL coordinates updated: X=406.588 Y=45.788 Z=7.012
[15:54:04.957] GRBL coordinates updated: X=406.592 Y=45.788 Z=7.012
[15:54:05.716] BUTTON command sent: '$H'
[15:54:05.721] GRBL coordinates updated: X=406.596 Y=45.788 Z=7.012
[15:54:06.600] GRBL coordinates updated: X=406.600 Y=45.788 Z=7.012
[15:54:07.363] GRBL coordinates updated: X=406.604 Y=45.788 Z=7.012
[15:54:08.130] GRBL coordinates updated: X=406.608 Y=45.788 Z=7.012
[15:54:09.005] GRBL coordinates updated: X=406.612 Y=45.788 Z=7.012
[15:54:09.766] GRBL coordinates updated: X=406.616 Y=45.788 Z=7.012
[15:54:10.529] GRBL coordinates updated: X=406.620 Y=45.788 Z=7.012
[15:54:11.407] GRBL coordinates updated: X=406.624 Y=45.788 Z=7.012
[15:54:12.171] GRBL coordinates updated: X=406.628 Y=45.788 Z=7.012
[15:54:12.936] GRBL coordinates updated: X=406.632 Y=45.788 Z=7.012
[15:54:13.810] GRBL coordinates updated: X=406.636 Y=45.788 Z=7.012
[15:54:14.684] GRBL coordinates updated: X=406.640 Y=45.788 Z=7.012
[15:54:15.338] GRBL coordinates updated: X=406.644 Y=45.788 Z=7.012
[15:54:16.229] GRBL coordinates updated: X=406.648 Y=45.788 Z=7.012
[15:54:16.719] GRBL coordinates updated: X=406.648 Y=45.788 Z=0.000
[15:54:16.778] GRBL coordinates updated: X=406.648 Y=45.788 Z=-0.008
[15:54:16.887] GRBL coordinates updated: X=406.648 Y=45.788 Z=-0.104
[15:54:16.994] GRBL coordinates updated: X=406.648 Y=45.788 Z=-0.180
[15:54:17.104] GRBL coordinates updated: X=406.648 Y=45.788 Z=-0.568
[15:54:17.215] GRBL coordinates updated: X=406.648 Y=45.788 Z=-0.872
[15:54:17.326] GRBL coordinates updated: X=406.648 Y=45.788 Z=-0.896
[15:54:17.429] GRBL error response: ALARM:8\r\n
[15:54:17.431] GRBL reply without MPos: ALARM:8\r\n
[15:54:17.543] GRBL coordinates updated: X=406.648 Y=45.788 Z=-1.000
[15:54:20.059] EMERGENCY STOP: sent jog cancel and feed hold
[15:54:24.708] RESET ALARM: sent $X to GRBL
[15:54:24.711] GRBL reply without MPos: [MSG:Caution: Unlocked]\r\nok\r\n
[15:54:26.580] GRBL coordinates updated: X=406.648 Y=45.828 Z=-1.000
[15:54:26.680] GRBL coordinates updated: X=406.648 Y=46.076 Z=-1.000
[15:54:26.795] GRBL coordinates updated: X=406.648 Y=46.092 Z=-1.000
[15:54:26.905] GRBL coordinates updated: X=406.648 Y=46.552 Z=-1.000
[15:54:27.008] GRBL coordinates updated: X=406.648 Y=47.252 Z=-1.000
[15:54:27.122] GRBL coordinates updated: X=406.648 Y=47.444 Z=-1.000
[15:54:27.231] GRBL coordinates updated: X=406.648 Y=48.180 Z=-1.000
[15:54:27.343] GRBL coordinates updated: X=406.648 Y=49.332 Z=-1.000
[15:54:27.445] GRBL coordinates updated: X=406.648 Y=50.588 Z=-1.000
[15:54:27.560] GRBL coordinates updated: X=406.648 Y=50.768 Z=-1.000
[15:54:27.669] GRBL coordinates updated: X=406.648 Y=51.840 Z=-1.000
[15:54:27.773] GRBL coordinates updated: X=406.648 Y=53.092 Z=-1.000
[15:54:27.886] GRBL coordinates updated: X=406.648 Y=53.508 Z=-1.000
[15:54:28.000] GRBL coordinates updated: X=406.648 Y=55.296 Z=-1.000
[15:54:28.107] GRBL coordinates updated: X=406.648 Y=55.528 Z=-1.000
[15:54:28.219] GRBL coordinates updated: X=406.648 Y=56.496 Z=-1.000
[15:54:28.328] GRBL coordinates updated: X=406.648 Y=57.220 Z=-1.000
[15:54:28.440] GRBL coordinates updated: X=406.648 Y=57.620 Z=-1.000
[15:54:28.546] GRBL coordinates updated: X=406.648 Y=57.744 Z=-1.000
[15:54:28.656] GRBL coordinates updated: X=406.648 Y=58.028 Z=-1.000
[15:54:28.762] GRBL coordinates updated: X=406.648 Y=58.092 Z=-1.000
[15:54:30.183] GRBL coordinates updated: X=406.732 Y=58.092 Z=-1.000
[15:54:30.297] GRBL coordinates updated: X=406.828 Y=58.092 Z=-1.000
[15:54:30.406] GRBL coordinates updated: X=407.256 Y=58.092 Z=-1.000
[15:54:30.517] GRBL coordinates updated: X=407.284 Y=58.092 Z=-1.000
[15:54:30.615] GRBL coordinates updated: X=407.320 Y=58.092 Z=-1.000
[15:54:30.995] EMERGENCY STOP: sent jog cancel and feed hold
[15:54:32.046] GRBL coordinates updated: X=407.368 Y=58.092 Z=-1.000
[15:54:32.158] GRBL coordinates updated: X=407.388 Y=58.092 Z=-1.000
[15:54:32.269] GRBL coordinates updated: X=407.432 Y=58.092 Z=-1.000
[15:54:32.366] GRBL reply without MPos: ok\r\n
[15:54:32.489] GRBL coordinates updated: X=407.472 Y=58.092 Z=-1.000
[15:54:32.596] GRBL coordinates updated: X=407.536 Y=58.092 Z=-1.000
[15:54:32.692] GRBL coordinates updated: X=407.580 Y=58.092 Z=-1.000
[15:54:32.812] GRBL coordinates updated: X=407.588 Y=58.092 Z=-1.000
[15:54:32.921] GRBL coordinates updated: X=407.628 Y=58.092 Z=-1.000
[15:54:33.023] GRBL coordinates updated: X=407.676 Y=58.092 Z=-1.000
[15:54:33.139] GRBL coordinates updated: X=407.704 Y=58.092 Z=-1.000
[15:54:33.238] GRBL coordinates updated: X=407.768 Y=58.092 Z=-1.000
[15:54:34.900] GRBL coordinates updated: X=407.924 Y=58.092 Z=-1.000
[15:54:35.009] GRBL coordinates updated: X=407.932 Y=58.092 Z=-1.000
[15:54:35.118] GRBL coordinates updated: X=407.936 Y=58.092 Z=-1.000
[15:54:36.311] GRBL coordinates updated: X=407.952 Y=58.092 Z=-1.000
[15:54:36.424] GRBL coordinates updated: X=407.976 Y=58.092 Z=-1.000
[15:54:36.531] GRBL coordinates updated: X=408.016 Y=58.092 Z=-1.000
[15:54:39.051] GRBL coordinates updated: X=408.112 Y=58.092 Z=-1.000
[15:54:39.158] GRBL coordinates updated: X=408.132 Y=58.092 Z=-1.000
[15:54:39.603] GRBL coordinates updated: X=408.136 Y=58.092 Z=-1.000
[15:54:42.015] GRBL coordinates updated: X=408.140 Y=58.092 Z=-1.000
[15:54:42.130] GRBL coordinates updated: X=408.156 Y=58.092 Z=-1.000
[15:54:42.241] GRBL coordinates updated: X=408.280 Y=58.092 Z=-1.000
[15:54:44.749] BUTTON command sent: 'G91\nG0 X10 F600\nG90'
[15:54:44.850] GRBL coordinates updated: X=408.296 Y=58.092 Z=-1.000
[15:54:44.964] GRBL coordinates updated: X=408.312 Y=58.092 Z=-1.000
[15:54:45.072] GRBL coordinates updated: X=408.484 Y=58.092 Z=-1.000
[15:54:45.194] GRBL coordinates updated: X=408.900 Y=58.092 Z=-1.000
[15:54:45.306] GRBL coordinates updated: X=409.544 Y=58.092 Z=-1.000
[15:54:45.415] GRBL coordinates updated: X=410.312 Y=58.092 Z=-1.000
[15:54:45.516] GRBL coordinates updated: X=410.416 Y=58.092 Z=-1.000
[15:54:45.629] GRBL coordinates updated: X=411.512 Y=58.092 Z=-1.000
[15:54:45.734] GRBL coordinates updated: X=412.760 Y=58.092 Z=-1.000
[15:54:45.847] GRBL coordinates updated: X=413.752 Y=58.092 Z=-1.000
[15:54:45.951] GRBL coordinates updated: X=414.012 Y=58.092 Z=-1.000
[15:54:46.068] GRBL coordinates updated: X=414.660 Y=58.092 Z=-1.000
[15:54:46.177] GRBL coordinates updated: X=416.284 Y=58.092 Z=-1.000
[15:54:46.287] GRBL coordinates updated: X=416.920 Y=58.092 Z=-1.000
[15:54:46.394] GRBL coordinates updated: X=417.140 Y=58.092 Z=-1.000
[15:54:46.494] GRBL coordinates updated: X=417.748 Y=58.092 Z=-1.000
[15:54:46.615] GRBL coordinates updated: X=418.096 Y=58.092 Z=-1.000
[15:54:46.717] GRBL coordinates updated: X=418.124 Y=58.092 Z=-1.000
[15:54:46.833] GRBL coordinates updated: X=418.276 Y=58.092 Z=-1.000
[15:54:46.941] GRBL coordinates updated: X=418.280 Y=58.092 Z=-1.000
[15:54:47.881] BUTTON command sent: 'G91\nG0 X10 F600\nG90'
[15:54:48.028] GRBL coordinates updated: X=418.304 Y=58.092 Z=-1.000
[15:54:48.131] GRBL coordinates updated: X=418.524 Y=58.092 Z=-1.000
[15:54:48.257] GRBL coordinates updated: X=418.544 Y=58.092 Z=-1.000
[15:54:48.356] GRBL coordinates updated: X=418.968 Y=58.092 Z=-1.000
[15:54:48.472] GRBL coordinates updated: X=419.636 Y=58.092 Z=-1.000
[15:54:48.580] GRBL coordinates updated: X=420.536 Y=58.092 Z=-1.000
[15:54:48.584] EMERGENCY STOP: sent jog cancel and feed hold
[15:54:48.691] GRBL coordinates updated: X=421.340 Y=58.092 Z=-1.000
[15:54:48.799] GRBL coordinates updated: X=421.660 Y=58.092 Z=-1.000
[15:54:48.905] GRBL coordinates updated: X=422.912 Y=58.092 Z=-1.000
[15:54:49.019] GRBL coordinates updated: X=424.068 Y=58.092 Z=-1.000
[15:54:49.127] GRBL coordinates updated: X=424.164 Y=58.092 Z=-1.000
[15:54:49.230] GRBL coordinates updated: X=425.388 Y=58.092 Z=-1.000
[15:54:49.346] GRBL coordinates updated: X=426.420 Y=58.092 Z=-1.000
[15:54:49.444] GRBL coordinates updated: X=427.072 Y=58.092 Z=-1.000
[15:54:49.564] GRBL coordinates updated: X=427.224 Y=58.092 Z=-1.000
[15:54:49.674] GRBL coordinates updated: X=427.804 Y=58.092 Z=-1.000
[15:54:49.785] GRBL coordinates updated: X=428.156 Y=58.092 Z=-1.000
[15:54:49.893] GRBL coordinates updated: X=428.268 Y=58.092 Z=-1.000
[15:54:49.999] GRBL coordinates updated: X=428.280 Y=58.092 Z=-1.000
[15:54:50.765] EMERGENCY STOP: sent jog cancel and feed hold
[15:54:56.809] BUTTON command sent: 'G91\nG0 X10 F600\nG90'
[15:54:56.995] GRBL coordinates updated: X=428.296 Y=58.092 Z=-1.000
[15:54:57.112] GRBL coordinates updated: X=428.656 Y=58.092 Z=-1.000
[15:54:57.220] GRBL coordinates updated: X=428.708 Y=58.092 Z=-1.000
[15:54:57.330] GRBL coordinates updated: X=429.260 Y=58.092 Z=-1.000
[15:54:57.437] GRBL coordinates updated: X=430.040 Y=58.092 Z=-1.000
[15:54:57.551] GRBL coordinates updated: X=430.820 Y=58.092 Z=-1.000
[15:54:57.654] GRBL coordinates updated: X=431.048 Y=58.092 Z=-1.000
[15:54:57.765] GRBL coordinates updated: X=432.260 Y=58.092 Z=-1.000
[15:54:57.770] EMERGENCY STOP: sent jog cancel and feed hold
[15:54:57.878] GRBL coordinates updated: X=433.484 Y=58.092 Z=-1.000
[15:54:57.975] GRBL coordinates updated: X=434.360 Y=58.092 Z=-1.000
[15:54:58.094] GRBL coordinates updated: X=434.764 Y=58.092 Z=-1.000
[15:54:58.202] GRBL coordinates updated: X=435.912 Y=58.092 Z=-1.000
[15:54:58.316] GRBL coordinates updated: X=436.760 Y=58.092 Z=-1.000
[15:54:58.424] GRBL coordinates updated: X=436.836 Y=58.092 Z=-1.000
[15:54:58.527] GRBL coordinates updated: X=437.532 Y=58.092 Z=-1.000
[15:54:58.638] GRBL coordinates updated: X=437.732 Y=58.092 Z=-1.000
[15:54:58.750] GRBL coordinates updated: X=438.036 Y=58.092 Z=-1.000
[15:54:58.851] GRBL coordinates updated: X=438.220 Y=58.092 Z=-1.000
[15:54:58.978] GRBL coordinates updated: X=438.280 Y=58.092 Z=-1.000
[15:54:59.371] EMERGENCY STOP: sent jog cancel and feed hold
[15:55:00.548] BUTTON command sent: 'G91\nG0 X10 F600\nG90'
[15:55:00.707] GRBL coordinates updated: X=438.288 Y=58.092 Z=-1.000
[15:55:00.817] GRBL coordinates updated: X=438.396 Y=58.092 Z=-1.000
[15:55:00.923] GRBL coordinates updated: X=438.588 Y=58.092 Z=-1.000
[15:55:01.037] GRBL coordinates updated: X=438.908 Y=58.092 Z=-1.000
[15:55:01.147] GRBL coordinates updated: X=439.372 Y=58.092 Z=-1.000
[15:55:01.258] GRBL coordinates updated: X=439.956 Y=58.092 Z=-1.000
[15:55:01.356] EMERGENCY STOP: sent jog cancel and feed hold
[15:55:01.364] GRBL coordinates updated: X=440.660 Y=58.092 Z=-1.000
[15:55:01.483] GRBL coordinates updated: X=442.352 Y=58.092 Z=-1.000
[15:55:01.555] EMERGENCY STOP: sent jog cancel and feed hold
[15:55:01.587] GRBL coordinates updated: X=443.292 Y=58.092 Z=-1.000
[15:55:01.691] GRBL coordinates updated: X=443.608 Y=58.092 Z=-1.000
[15:55:01.723] EMERGENCY STOP: sent jog cancel and feed hold
[15:55:01.807] GRBL coordinates updated: X=444.860 Y=58.092 Z=-1.000
[15:55:01.922] GRBL coordinates updated: X=445.932 Y=58.092 Z=-1.000
[15:55:02.030] GRBL coordinates updated: X=445.992 Y=58.092 Z=-1.000
[15:55:02.136] GRBL coordinates updated: X=446.896 Y=58.092 Z=-1.000
[15:55:02.248] GRBL coordinates updated: X=447.576 Y=58.092 Z=-1.000
[15:55:02.360] GRBL coordinates updated: X=447.972 Y=58.092 Z=-1.000
[15:55:02.464] GRBL coordinates updated: X=448.028 Y=58.092 Z=-1.000
[15:55:02.572] GRBL coordinates updated: X=448.252 Y=58.092 Z=-1.000
[15:55:02.682] GRBL coordinates updated: X=448.280 Y=58.092 Z=-1.000
[15:55:02.811] EMERGENCY STOP: sent jog cancel and feed hold
[15:55:03.107] EMERGENCY STOP: sent jog cancel and feed hold
[15:55:04.251] BUTTON command sent: 'G91\nG0 Y10 F600\nG90'
[15:55:04.328] GRBL coordinates updated: X=448.280 Y=58.108 Z=-1.000
[15:55:04.555] GRBL coordinates updated: X=448.280 Y=58.236 Z=-1.000
[15:55:04.659] GRBL coordinates updated: X=448.280 Y=58.488 Z=-1.000
[15:55:04.771] GRBL coordinates updated: X=448.280 Y=58.840 Z=-1.000
[15:55:04.889] GRBL coordinates updated: X=448.280 Y=59.336 Z=-1.000
[15:55:04.995] GRBL coordinates updated: X=448.280 Y=59.992 Z=-1.000
[15:55:05.043] EMERGENCY STOP: sent jog cancel and feed hold
[15:55:05.104] GRBL coordinates updated: X=448.280 Y=60.704 Z=-1.000
[15:55:05.214] GRBL coordinates updated: X=448.280 Y=61.564 Z=-1.000
[15:55:05.228] EMERGENCY STOP: sent jog cancel and feed hold
[15:55:05.326] GRBL coordinates updated: X=448.280 Y=62.484 Z=-1.000
[15:55:05.395] EMERGENCY STOP: sent jog cancel and feed hold
[15:55:05.428] GRBL coordinates updated: X=448.280 Y=63.804 Z=-1.000
[15:55:05.532] EMERGENCY STOP: sent jog cancel and feed hold
[15:55:05.538] GRBL coordinates updated: X=448.280 Y=64.264 Z=-1.000
[15:55:05.653] GRBL coordinates updated: X=448.280 Y=65.928 Z=-1.000
[15:55:05.764] GRBL coordinates updated: X=448.280 Y=66.108 Z=-1.000
[15:55:05.880] GRBL coordinates updated: X=448.280 Y=66.940 Z=-1.000
[15:55:05.986] GRBL coordinates updated: X=448.280 Y=67.548 Z=-1.000
[15:55:06.093] GRBL coordinates updated: X=448.280 Y=67.856 Z=-1.000
[15:55:06.206] GRBL coordinates updated: X=448.280 Y=67.932 Z=-1.000
[15:55:06.268] BUTTON command sent: 'G91\nG0 X10 F600\nG90'
[15:55:06.309] GRBL coordinates updated: X=448.280 Y=68.088 Z=-1.000
[15:55:06.424] GRBL coordinates updated: X=448.280 Y=68.092 Z=-1.000
[15:55:06.455] BUTTON command sent: 'G91\nG0 X10 F600\nG90'
[15:55:06.522] GRBL reply without MPos: ok\r\nok\r\nok\r\n
[15:55:06.630] BUTTON command sent: 'G91\nG0 X10 F600\nG90'
[15:55:06.643] GRBL coordinates updated: X=448.524 Y=68.092 Z=-1.000
[15:55:06.752] GRBL coordinates updated: X=449.168 Y=68.092 Z=-1.000
[15:55:06.789] BUTTON command sent: 'G91\nG0 X10 F600\nG90'
[15:55:06.856] GRBL reply without MPos: ok\r\nok\r\nok\r\n
[15:55:06.942] BUTTON command sent: 'G91\nG0 X10 F600\nG90'
[15:55:06.971] GRBL coordinates updated: X=449.816 Y=68.092 Z=-1.000
[15:55:07.081] GRBL coordinates updated: X=450.892 Y=68.092 Z=-1.000
[15:55:07.111] BUTTON command sent: 'G91\nG0 X10 F600\nG90'
[15:55:07.186] GRBL coordinates updated: X=452.084 Y=68.092 Z=-1.000
[15:55:07.295] GRBL coordinates updated: X=452.184 Y=68.092 Z=-1.000
[15:55:07.298] BUTTON command sent: 'G91\nG0 X10 F600\nG90'
[15:55:07.401] GRBL coordinates updated: X=453.336 Y=68.092 Z=-1.000
[15:55:07.450] BUTTON command sent: 'G91\nG0 X10 F600\nG90'
[15:55:07.520] GRBL coordinates updated: X=453.996 Y=68.092 Z=-1.000
[15:55:07.603] BUTTON command sent: 'G91\nG0 X10 F600\nG90'
[15:55:07.617] GRBL reply without MPos: ok\r\nok\r\nok\r\n
[15:55:07.741] GRBL coordinates updated: X=455.804 Y=68.092 Z=-1.000
[15:55:07.840] GRBL coordinates updated: X=457.092 Y=68.092 Z=-1.000
[15:55:07.926] BUTTON command sent: 'G91\nG0 X10 F600\nG90'
[15:55:07.957] GRBL coordinates updated: X=458.348 Y=68.092 Z=-1.000
[15:55:08.065] GRBL coordinates updated: X=459.496 Y=68.092 Z=-1.000
[15:55:08.092] BUTTON command sent: 'G91\nG0 X10 F600\nG90'
[15:55:08.175] GRBL coordinates updated: X=459.600 Y=68.092 Z=-1.000
[15:55:08.251] BUTTON command sent: 'G91\nG0 X10 F600\nG90'
[15:55:08.287] GRBL coordinates updated: X=460.852 Y=68.092 Z=-1.000
[15:55:08.390] GRBL coordinates updated: X=462.104 Y=68.092 Z=-1.000
[15:55:08.433] BUTTON command sent: 'G91\nG0 X10 F600\nG90'
[15:55:08.499] GRBL reply without MPos: ok\r\nok\r\nok\r\n
[15:55:08.589] BUTTON command sent: 'G91\nG0 X10 F600\nG90'
[15:55:08.612] GRBL coordinates updated: X=463.152 Y=68.092 Z=-1.000
[15:55:08.712] GRBL coordinates updated: X=464.608 Y=68.092 Z=-1.000
[15:55:08.833] GRBL coordinates updated: X=464.940 Y=68.092 Z=-1.000
[15:55:08.943] GRBL coordinates updated: X=466.804 Y=68.092 Z=-1.000
[15:55:09.051] GRBL coordinates updated: X=467.116 Y=68.092 Z=-1.000
[15:55:09.057] BUTTON command sent: 'G91\nG0 X10 F600\nG90'
[15:55:09.151] GRBL coordinates updated: X=468.368 Y=68.092 Z=-1.000
[15:55:09.229] BUTTON command sent: 'G91\nG0 X10 F600\nG90'
[15:55:09.266] GRBL coordinates updated: X=468.608 Y=68.092 Z=-1.000
[15:55:09.374] GRBL coordinates updated: X=469.620 Y=68.092 Z=-1.000
[15:55:09.405] BUTTON command sent: 'G91\nG0 X10 F600\nG90'
[15:55:09.478] GRBL coordinates updated: X=470.872 Y=68.092 Z=-1.000
[15:55:09.555] BUTTON command sent: 'G91\nG0 X10 F600\nG90'
[15:55:09.589] GRBL coordinates updated: X=471.344 Y=68.092 Z=-1.000
[15:55:09.697] GRBL coordinates updated: X=472.260 Y=68.092 Z=-1.000
[15:55:09.805] GRBL coordinates updated: X=473.376 Y=68.092 Z=-1.000
[15:55:09.913] GRBL coordinates updated: X=474.628 Y=68.092 Z=-1.000
[15:55:10.030] GRBL coordinates updated: X=475.884 Y=68.092 Z=-1.000
[15:55:10.146] GRBL coordinates updated: X=476.844 Y=68.092 Z=-1.000
[15:55:10.155] EMERGENCY STOP: sent jog cancel and feed hold
[15:55:10.252] GRBL coordinates updated: X=477.136 Y=68.092 Z=-1.000
[15:55:10.362] GRBL coordinates updated: X=478.388 Y=68.092 Z=-1.000
[15:55:10.473] GRBL coordinates updated: X=479.568 Y=68.092 Z=-1.000
[15:55:10.577] GRBL coordinates updated: X=479.640 Y=68.092 Z=-1.000
[15:55:10.687] GRBL coordinates updated: X=480.892 Y=68.092 Z=-1.000
[15:55:10.793] GRBL coordinates updated: X=482.144 Y=68.092 Z=-1.000
[15:55:10.896] GRBL coordinates updated: X=483.144 Y=68.092 Z=-1.000
[15:55:11.016] GRBL coordinates updated: X=483.396 Y=68.092 Z=-1.000
[15:55:11.126] GRBL coordinates updated: X=484.648 Y=68.092 Z=-1.000
[15:55:11.235] GRBL coordinates updated: X=485.904 Y=68.092 Z=-1.000
[15:55:11.347] GRBL coordinates updated: X=486.872 Y=68.092 Z=-1.000
[15:55:11.454] GRBL coordinates updated: X=487.156 Y=68.092 Z=-1.000
[15:55:11.468] EMERGENCY STOP: sent jog cancel and feed hold
[15:55:11.565] GRBL coordinates updated: X=488.408 Y=68.092 Z=-1.000
[15:55:11.675] GRBL coordinates updated: X=489.616 Y=68.092 Z=-1.000
[15:55:11.785] GRBL coordinates updated: X=490.536 Y=68.092 Z=-1.000
[15:55:11.886] GRBL coordinates updated: X=490.912 Y=68.092 Z=-1.000
[15:55:11.988] GRBL coordinates updated: X=492.164 Y=68.092 Z=-1.000
[15:55:12.110] GRBL coordinates updated: X=493.260 Y=68.092 Z=-1.000
[15:55:12.221] GRBL coordinates updated: X=493.416 Y=68.092 Z=-1.000
[15:55:12.329] GRBL coordinates updated: X=494.672 Y=68.092 Z=-1.000
[15:55:12.413] RESET ALARM: sent $X to GRBL
[15:55:12.431] GRBL coordinates updated: X=495.924 Y=68.092 Z=-1.000
[15:55:12.546] GRBL coordinates updated: X=496.000 Y=68.092 Z=-1.000
[15:55:12.656] GRBL coordinates updated: X=497.176 Y=68.092 Z=-1.000
[15:55:12.764] GRBL coordinates updated: X=498.428 Y=68.092 Z=-1.000
[15:55:12.870] GRBL coordinates updated: X=499.612 Y=68.092 Z=-1.000
[15:55:12.980] GRBL coordinates updated: X=499.680 Y=68.092 Z=-1.000
[15:55:13.083] GRBL coordinates updated: X=500.932 Y=68.092 Z=-1.000
[15:55:13.197] GRBL coordinates updated: X=502.184 Y=68.092 Z=-1.000
[15:55:13.309] GRBL coordinates updated: X=503.256 Y=68.092 Z=-1.000
[15:55:13.416] GRBL coordinates updated: X=503.440 Y=68.092 Z=-1.000
[15:55:13.524] GRBL coordinates updated: X=504.692 Y=68.092 Z=-1.000
[15:55:13.572] RESET ALARM: sent $X to GRBL
[15:55:13.628] GRBL coordinates updated: X=505.944 Y=68.092 Z=-1.000
[15:55:13.743] GRBL coordinates updated: X=505.980 Y=68.092 Z=-1.000
[15:55:13.853] GRBL coordinates updated: X=507.196 Y=68.092 Z=-1.000
[15:55:13.976] GRBL coordinates updated: X=508.448 Y=68.092 Z=-1.000
[15:55:14.085] GRBL coordinates updated: X=509.700 Y=68.092 Z=-1.000
[15:55:14.090] EMERGENCY STOP: sent jog cancel and feed hold
[15:55:14.186] GRBL coordinates updated: X=510.628 Y=68.092 Z=-1.000
[15:55:14.301] GRBL coordinates updated: X=510.952 Y=68.092 Z=-1.000
[15:55:14.412] GRBL coordinates updated: X=512.208 Y=68.092 Z=-1.000
[15:55:14.523] GRBL coordinates updated: X=513.396 Y=68.092 Z=-1.000
[15:55:14.629] GRBL coordinates updated: X=513.460 Y=68.092 Z=-1.000
[15:55:14.740] GRBL coordinates updated: X=514.712 Y=68.092 Z=-1.000
[15:55:14.850] GRBL coordinates updated: X=515.964 Y=68.092 Z=-1.000
[15:55:14.957] GRBL coordinates updated: X=517.040 Y=68.092 Z=-1.000
[15:55:15.062] GRBL coordinates updated: X=517.216 Y=68.092 Z=-1.000
[15:55:15.176] GRBL coordinates updated: X=518.468 Y=68.092 Z=-1.000
[15:55:15.236] EMERGENCY STOP: sent jog cancel and feed hold
[15:55:15.278] GRBL coordinates updated: X=519.720 Y=68.092 Z=-1.000
[15:55:15.393] GRBL coordinates updated: X=520.700 Y=68.092 Z=-1.000
[15:55:15.506] GRBL coordinates updated: X=520.972 Y=68.092 Z=-1.000
[15:55:15.613] GRBL coordinates updated: X=522.228 Y=68.092 Z=-1.000
[15:55:15.727] GRBL coordinates updated: X=523.444 Y=68.092 Z=-1.000
[15:55:15.796] EMERGENCY STOP: sent jog cancel and feed hold
[15:55:15.829] GRBL coordinates updated: X=524.336 Y=68.092 Z=-1.000
[15:55:15.939] GRBL coordinates updated: X=524.732 Y=68.092 Z=-1.000
[15:55:15.980] EMERGENCY STOP: sent jog cancel and feed hold
[15:55:16.050] GRBL coordinates updated: X=525.984 Y=68.092 Z=-1.000
[15:55:16.157] GRBL coordinates updated: X=527.052 Y=68.092 Z=-1.000
[15:55:16.163] EMERGENCY STOP: sent jog cancel and feed hold
[15:55:16.266] GRBL coordinates updated: X=527.236 Y=68.092 Z=-1.000
[15:55:16.339] EMERGENCY STOP: sent jog cancel and feed hold
[15:55:16.369] GRBL coordinates updated: X=528.488 Y=68.092 Z=-1.000
[15:55:16.485] GRBL coordinates updated: X=529.740 Y=68.092 Z=-1.000
[15:55:16.507] EMERGENCY STOP: sent jog cancel and feed hold
[15:55:16.599] GRBL coordinates updated: X=530.732 Y=68.092 Z=-1.000
[15:55:16.703] GRBL coordinates updated: X=530.996 Y=68.092 Z=-1.000
[15:55:16.813] GRBL coordinates updated: X=532.248 Y=68.092 Z=-1.000
[15:55:16.924] GRBL coordinates updated: X=533.440 Y=68.092 Z=-1.000
[15:55:17.033] GRBL coordinates updated: X=534.360 Y=68.092 Z=-1.000
[15:55:17.139] GRBL coordinates updated: X=534.752 Y=68.092 Z=-1.000
[15:55:17.248] GRBL coordinates updated: X=536.004 Y=68.092 Z=-1.000
[15:55:17.356] GRBL coordinates updated: X=537.076 Y=68.092 Z=-1.000
[15:55:17.460] GRBL coordinates updated: X=537.256 Y=68.092 Z=-1.000
[15:55:17.573] GRBL coordinates updated: X=538.508 Y=68.092 Z=-1.000
[15:55:17.668] EMERGENCY STOP: sent jog cancel and feed hold
[15:55:17.682] GRBL coordinates updated: X=539.764 Y=68.092 Z=-1.000
[15:55:17.798] GRBL coordinates updated: X=540.744 Y=68.092 Z=-1.000
[15:55:17.903] GRBL coordinates updated: X=541.016 Y=68.092 Z=-1.000
[15:55:18.013] GRBL coordinates updated: X=542.268 Y=68.092 Z=-1.000
[15:55:18.124] GRBL coordinates updated: X=543.468 Y=68.092 Z=-1.000
[15:55:18.236] GRBL coordinates updated: X=544.396 Y=68.092 Z=-1.000
[15:55:18.342] GRBL coordinates updated: X=544.772 Y=68.092 Z=-1.000
[15:55:18.450] GRBL coordinates updated: X=546.024 Y=68.092 Z=-1.000
[15:55:18.555] GRBL coordinates updated: X=547.104 Y=68.092 Z=-1.000
[15:55:18.602] EMERGENCY STOP: sent jog cancel and feed hold
[15:55:18.663] GRBL coordinates updated: X=547.276 Y=68.092 Z=-1.000
[15:55:18.779] GRBL coordinates updated: X=548.032 Y=68.092 Z=-1.000
[15:55:18.784] EMERGENCY STOP: sent jog cancel and feed hold
[15:55:18.881] GRBL coordinates updated: X=549.784 Y=68.092 Z=-1.000
[15:55:18.948] EMERGENCY STOP: sent jog cancel and feed hold
[15:55:18.999] GRBL coordinates updated: X=550.776 Y=68.092 Z=-1.000
[15:55:19.108] GRBL coordinates updated: X=551.036 Y=68.092 Z=-1.000
[15:55:19.124] EMERGENCY STOP: sent jog cancel and feed hold
[15:55:19.217] GRBL coordinates updated: X=552.288 Y=68.092 Z=-1.000
[15:55:19.325] GRBL coordinates updated: X=553.500 Y=68.092 Z=-1.000
[15:55:19.436] GRBL coordinates updated: X=554.428 Y=68.092 Z=-1.000
[15:55:19.539] GRBL coordinates updated: X=554.792 Y=68.092 Z=-1.000
[15:55:19.644] GRBL coordinates updated: X=556.044 Y=68.092 Z=-1.000
[15:55:19.759] GRBL coordinates updated: X=557.160 Y=68.092 Z=-1.000
[15:55:19.876] GRBL coordinates updated: X=557.296 Y=68.092 Z=-1.000
[15:55:19.975] GRBL coordinates updated: X=558.552 Y=68.092 Z=-1.000
[15:55:20.092] GRBL coordinates updated: X=559.804 Y=68.092 Z=-1.000
[15:55:20.202] GRBL coordinates updated: X=560.848 Y=68.092 Z=-1.000
[15:55:20.304] GRBL coordinates updated: X=561.056 Y=68.092 Z=-1.000
[15:55:20.418] GRBL coordinates updated: X=562.308 Y=68.092 Z=-1.000
[15:55:20.528] GRBL coordinates updated: X=563.548 Y=68.092 Z=-1.000
[15:55:20.638] GRBL coordinates updated: X=564.452 Y=68.092 Z=-1.000
[15:55:20.741] GRBL coordinates updated: X=564.812 Y=68.092 Z=-1.000
[15:55:20.852] GRBL coordinates updated: X=566.064 Y=68.092 Z=-1.000
[15:55:20.966] GRBL coordinates updated: X=567.192 Y=68.092 Z=-1.000
[15:55:21.074] GRBL coordinates updated: X=567.320 Y=68.092 Z=-1.000
[15:55:21.182] GRBL coordinates updated: X=568.572 Y=68.092 Z=-1.000
[15:55:21.291] GRBL coordinates updated: X=569.824 Y=68.092 Z=-1.000
[15:55:21.416] GRBL coordinates updated: X=570.952 Y=68.092 Z=-1.000
[15:55:21.522] GRBL coordinates updated: X=571.076 Y=68.092 Z=-1.000
[15:55:21.626] GRBL coordinates updated: X=572.328 Y=68.092 Z=-1.000
[15:55:21.724] GRBL coordinates updated: X=573.580 Y=68.092 Z=-1.000
[15:55:21.833] GRBL coordinates updated: X=574.496 Y=68.092 Z=-1.000
[15:55:21.944] GRBL coordinates updated: X=574.832 Y=68.092 Z=-1.000
[15:55:22.054] GRBL coordinates updated: X=576.088 Y=68.092 Z=-1.000
[15:55:22.167] GRBL coordinates updated: X=576.352 Y=68.092 Z=-1.000
[15:55:22.276] GRBL coordinates updated: X=577.340 Y=68.092 Z=-1.000
[15:55:22.386] GRBL coordinates updated: X=578.592 Y=68.092 Z=-1.000
[15:55:22.502] GRBL coordinates updated: X=579.844 Y=68.092 Z=-1.000
[15:55:22.605] GRBL coordinates updated: X=580.916 Y=68.092 Z=-1.000
[15:55:22.715] GRBL coordinates updated: X=581.096 Y=68.092 Z=-1.000
[15:55:22.827] GRBL coordinates updated: X=581.868 Y=68.092 Z=-1.000
[15:55:22.925] GRBL coordinates updated: X=583.600 Y=68.092 Z=-1.000
[15:55:23.042] GRBL coordinates updated: X=583.624 Y=68.092 Z=-1.000
[15:55:23.156] GRBL coordinates updated: X=584.852 Y=68.092 Z=-1.000
[15:55:23.254] GRBL coordinates updated: X=585.556 Y=68.092 Z=-1.000
[15:55:23.368] GRBL coordinates updated: X=586.376 Y=68.092 Z=-1.000
[15:55:23.485] GRBL coordinates updated: X=587.360 Y=68.092 Z=-1.000
[15:55:23.591] GRBL coordinates updated: X=588.612 Y=68.092 Z=-1.000
[15:55:23.699] GRBL coordinates updated: X=589.864 Y=68.092 Z=-1.000
[15:55:23.802] GRBL coordinates updated: X=590.924 Y=68.092 Z=-1.000
[15:55:23.913] GRBL coordinates updated: X=591.116 Y=68.092 Z=-1.000
[15:55:24.023] GRBL coordinates updated: X=591.876 Y=68.092 Z=-1.000
[15:55:24.140] GRBL coordinates updated: X=592.796 Y=68.092 Z=-1.000
[15:55:24.252] GRBL coordinates updated: X=594.644 Y=68.092 Z=-1.000
[15:55:24.360] GRBL coordinates updated: X=594.876 Y=68.092 Z=-1.000
[15:55:24.470] GRBL coordinates updated: X=596.128 Y=68.092 Z=-1.000
[15:55:24.574] GRBL coordinates updated: X=597.376 Y=68.092 Z=-1.000
[15:55:24.690] GRBL coordinates updated: X=598.312 Y=68.092 Z=-1.000
[15:55:24.799] GRBL coordinates updated: X=598.632 Y=68.092 Z=-1.000
[15:55:24.909] GRBL coordinates updated: X=599.884 Y=68.092 Z=-1.000
[15:55:25.011] GRBL coordinates updated: X=601.028 Y=68.092 Z=-1.000
[15:55:25.113] GRBL coordinates updated: X=601.136 Y=68.092 Z=-1.000
[15:55:25.237] GRBL coordinates updated: X=601.888 Y=68.092 Z=-1.000
[15:55:25.348] GRBL coordinates updated: X=603.644 Y=68.092 Z=-1.000
[15:55:25.454] GRBL coordinates updated: X=604.696 Y=68.092 Z=-1.000
[15:55:25.563] GRBL coordinates updated: X=604.896 Y=68.092 Z=-1.000
[15:55:25.672] GRBL coordinates updated: X=606.148 Y=68.092 Z=-1.000
[15:55:25.781] GRBL coordinates updated: X=607.400 Y=68.092 Z=-1.000
[15:55:25.893] GRBL coordinates updated: X=608.340 Y=68.092 Z=-1.000
[15:55:25.999] GRBL coordinates updated: X=608.652 Y=68.092 Z=-1.000
[15:55:26.112] GRBL coordinates updated: X=609.904 Y=68.092 Z=-1.000
[15:55:26.210] GRBL coordinates updated: X=611.032 Y=68.092 Z=-1.000
[15:55:26.326] GRBL coordinates updated: X=611.156 Y=68.092 Z=-1.000
[15:55:26.437] GRBL coordinates updated: X=612.408 Y=68.092 Z=-1.000
[15:55:26.545] GRBL coordinates updated: X=613.664 Y=68.092 Z=-1.000
[15:55:26.657] GRBL coordinates updated: X=614.736 Y=68.092 Z=-1.000
[15:55:26.761] GRBL coordinates updated: X=614.916 Y=68.092 Z=-1.000
[15:55:26.869] GRBL coordinates updated: X=616.168 Y=68.092 Z=-1.000
[15:55:26.979] GRBL coordinates updated: X=617.420 Y=68.092 Z=-1.000
[15:55:27.095] GRBL coordinates updated: X=618.372 Y=68.092 Z=-1.000
[15:55:27.202] GRBL coordinates updated: X=618.672 Y=68.092 Z=-1.000
[15:55:27.306] GRBL coordinates updated: X=619.924 Y=68.092 Z=-1.000
[15:55:27.422] GRBL coordinates updated: X=621.116 Y=68.092 Z=-1.000
[15:55:27.530] GRBL coordinates updated: X=621.176 Y=68.092 Z=-1.000
[15:55:27.638] GRBL coordinates updated: X=622.432 Y=68.092 Z=-1.000
[15:55:27.738] GRBL coordinates updated: X=623.684 Y=68.092 Z=-1.000
[15:55:27.860] GRBL coordinates updated: X=624.768 Y=68.092 Z=-1.000
[15:55:27.968] GRBL coordinates updated: X=624.936 Y=68.092 Z=-1.000
[15:55:28.078] GRBL coordinates updated: X=626.052 Y=68.092 Z=-1.000
[15:55:28.182] GRBL coordinates updated: X=626.944 Y=68.092 Z=-1.000
[15:55:28.295] GRBL coordinates updated: X=627.484 Y=68.092 Z=-1.000
[15:55:28.398] GRBL coordinates updated: X=627.608 Y=68.092 Z=-1.000
[15:55:28.512] GRBL coordinates updated: X=628.048 Y=68.092 Z=-1.000
[15:55:28.629] GRBL coordinates updated: X=628.256 Y=68.092 Z=-1.000
[15:55:28.735] GRBL coordinates updated: X=628.280 Y=68.092 Z=-1.000
[15:56:59.236] Detected cameras: ['Camera 0 (dshow)']
[15:56:59.242] Detected serial ports: ['COM1', 'COM4', 'COM3', 'COM5']
[15:56:59.242] Loaded profile from E:\PROGRAM\ProbeCAM-CNC\.git\ProbeCAM-CNC\data\probe_cam_profile.json
[15:56:59.243] Application initialized. Load a profile or start scanning cameras.
[15:56:59.243] Connected to COM5 at 115200 baud; status polling started
[15:56:59.358] GRBL WPos updated: X=0.000 Y=5.000 Z=5.000
[15:56:59.497] BUTTON command sent: 'G10 L20 P1 X0'
[15:56:59.499] ZERO X: requested; waiting for updated WPos
[15:56:59.501] BUTTON command sent: 'G10 L20 P1 Y0'
[15:56:59.501] ZERO Y: requested; waiting for updated WPos
[15:56:59.501] BUTTON command sent: 'G10 L20 P1 Z0'
[15:56:59.502] ZERO Z: requested; waiting for updated WPos
[15:56:59.502] BUTTON command sent: 'G10 L20 P1 X0 Y0 Z0'
[15:56:59.502] ZERO ALL: requested; waiting for updated WPos
[15:56:59.503] EMERGENCY STOP: sent jog cancel and feed hold
[15:56:59.506] Saved profile to E:\PROGRAM\ProbeCAM-CNC\.git\ProbeCAM-CNC\data\probe_cam_profile.json
[15:57:24.616] Detected cameras: ['Camera 0 (dshow)']
[15:57:24.622] Detected serial ports: ['COM1', 'COM4', 'COM3', 'COM5']
[15:57:24.623] Loaded profile from E:\PROGRAM\ProbeCAM-CNC\.git\ProbeCAM-CNC\data\probe_cam_profile.json
[15:57:24.623] Application initialized. Load a profile or start scanning cameras.
[15:57:31.071] No active motion connection
[15:57:31.797] No active motion connection
[15:57:33.020] Connected to COM5 at 115200 baud; status polling started
[15:57:33.133] GRBL WPos updated: X=628.280 Y=68.092 Z=-1.000
[15:57:33.464] GRBL WPos updated: X=222.144 Y=22.304 Z=-8.012
[15:57:34.462] BUTTON command sent: 'G91\nG0 Z0.01 F600\nG90'
[15:57:34.670] GRBL WPos updated: X=222.144 Y=22.304 Z=-8.004
[15:57:35.868] BUTTON command sent: 'G10 L20 P1 Z0'
[15:57:35.869] ZERO Z: requested; waiting for updated WPos
[15:57:35.984] GRBL WPos updated: X=222.144 Y=22.304 Z=-0.002
[15:57:37.308] BUTTON command sent: 'G10 L20 P1 Z0'
[15:57:37.309] ZERO Z: requested; waiting for updated WPos
[15:57:37.996] BUTTON command sent: 'G10 L20 P1 Z0'
[15:57:37.996] ZERO Z: requested; waiting for updated WPos
[15:57:38.490] BUTTON command sent: 'G91\nG0 Z0.01 F600\nG90'
[15:57:38.711] GRBL WPos updated: X=222.144 Y=22.304 Z=0.010
[15:57:39.860] BUTTON command sent: 'G10 L20 P1 Z0'
[15:57:39.860] ZERO Z: requested; waiting for updated WPos
[15:57:39.927] GRBL reply without MPos: ok\r\n
[15:57:40.041] GRBL WPos updated: X=222.144 Y=22.304 Z=0.000
[15:57:41.787] BUTTON command sent: 'G91\nG0 Z0.01 F600\nG90'
[15:57:42.010] GRBL WPos updated: X=222.144 Y=22.304 Z=0.008
[15:57:42.765] BUTTON command sent: 'G91\nG0 Z0.01 F600\nG90'
[15:57:42.880] GRBL WPos updated: X=222.144 Y=22.304 Z=0.016
[15:57:42.970] BUTTON command sent: 'G91\nG0 Z0.01 F600\nG90'
[15:57:42.989] GRBL reply without MPos: ok\r\nok\r\nok\r\n
[15:57:43.107] GRBL WPos updated: X=222.144 Y=22.304 Z=0.020
[15:57:43.150] BUTTON command sent: 'G91\nG0 Z0.01 F600\nG90'
[15:57:43.216] GRBL WPos updated: X=222.144 Y=22.304 Z=0.028
[15:57:43.318] BUTTON command sent: 'G91\nG0 Z0.01 F600\nG90'
[15:57:43.328] GRBL WPos updated: X=222.144 Y=22.304 Z=0.040
[15:57:43.430] GRBL WPos updated: X=222.144 Y=22.304 Z=0.048
[15:57:43.478] BUTTON command sent: 'G91\nG0 Z0.01 F600\nG90'
[15:57:43.648] GRBL WPos updated: X=222.144 Y=22.304 Z=0.060
[15:57:43.652] BUTTON command sent: 'G91\nG0 Z0.01 F600\nG90'
[15:57:43.752] GRBL WPos updated: X=222.144 Y=22.304 Z=0.068
[15:57:44.822] BUTTON command sent: 'G91\nG0 Z0.01 F600\nG90'
[15:57:44.976] GRBL WPos updated: X=222.144 Y=22.304 Z=0.080
[15:57:45.374] BUTTON command sent: 'G91\nG0 Z0.01 F600\nG90'
[15:57:45.628] GRBL WPos updated: X=222.144 Y=22.304 Z=0.088
[15:57:46.966] BUTTON command sent: 'G91\nG0 Z0.01 F600\nG90'
[15:57:47.042] GRBL WPos updated: X=222.144 Y=22.304 Z=0.096
[15:57:47.264] GRBL WPos updated: X=222.144 Y=22.304 Z=0.100
[15:57:47.453] BUTTON command sent: 'G91\nG0 Z0.01 F600\nG90'
[15:57:47.475] GRBL reply without MPos: ok\r\nok\r\nok\r\n
[15:57:47.698] GRBL WPos updated: X=222.144 Y=22.304 Z=0.108
[15:57:49.452] BUTTON command sent: 'G10 L20 P1 Z0'
[15:57:49.453] ZERO Z: requested; waiting for updated WPos
[15:57:49.548] GRBL reply without MPos: ok\r\n
[15:57:49.664] GRBL WPos updated: X=222.144 Y=22.304 Z=-0.002
[15:57:51.003] BUTTON command sent: 'G10 L20 P1 Z0'
[15:57:51.004] ZERO Z: requested; waiting for updated WPos
[15:57:52.295] BUTTON command sent: 'G10 L20 P1 Z0'
[15:57:52.296] ZERO Z: requested; waiting for updated WPos
[15:57:53.857] BUTTON command sent: 'G91\nG0 Z0.01 F600\nG90'
[15:57:54.050] GRBL WPos updated: X=222.144 Y=22.304 Z=0.010
[15:57:55.858] BUTTON command sent: 'G91\nG0 Z0.01 F600\nG90'
[15:57:56.016] GRBL WPos updated: X=222.144 Y=22.304 Z=0.018
[15:58:00.771] BUTTON command sent: 'G91\nG0 Z0.01 F600\nG90'
[15:58:00.942] GRBL WPos updated: X=222.144 Y=22.304 Z=0.030
[15:58:02.798] BUTTON command sent: 'G91\nG0 Z0.01 F600\nG90'
[15:58:02.843] GRBL reply without MPos: ok\r\nok\r\nok\r\n
[15:58:02.960] GRBL WPos updated: X=222.144 Y=22.304 Z=0.034
[15:58:03.068] GRBL WPos updated: X=222.144 Y=22.304 Z=0.038
[15:58:04.070] BUTTON command sent: 'G91\nG0 Z0.01 F600\nG90'
[15:58:04.256] GRBL WPos updated: X=222.144 Y=22.304 Z=0.050
[15:58:08.396] BUTTON command sent: 'G91\nG0 Z0.01 F600\nG90'
[15:58:08.550] GRBL WPos updated: X=222.144 Y=22.304 Z=0.054
[15:58:08.663] GRBL WPos updated: X=222.144 Y=22.304 Z=0.058
[15:58:10.582] BUTTON command sent: 'G91\nG0 Z0.01 F600\nG90'
[15:58:10.643] GRBL reply without MPos: ok\r\nok\r\nok\r\n
[15:58:10.769] GRBL WPos updated: X=222.144 Y=22.304 Z=0.062
[15:58:10.881] GRBL WPos updated: X=222.144 Y=22.304 Z=0.070
[15:58:11.597] BUTTON command sent: 'G91\nG0 Z0.01 F600\nG90'
[15:58:11.743] GRBL WPos updated: X=222.144 Y=22.304 Z=0.078
[15:58:12.581] BUTTON command sent: 'G91\nG0 Z0.01 F600\nG90'
[15:58:12.733] GRBL WPos updated: X=222.144 Y=22.304 Z=0.082
[15:58:12.837] GRBL WPos updated: X=222.144 Y=22.304 Z=0.090
[15:58:13.462] BUTTON command sent: 'G91\nG0 Z0.01 F600\nG90'
[15:58:13.492] GRBL reply without MPos: ok\r\nok\r\nok\r\n
[15:58:13.714] GRBL WPos updated: X=222.144 Y=22.304 Z=0.098
[15:58:14.319] BUTTON command sent: 'G91\nG0 Z0.01 F600\nG90'
[15:58:14.365] GRBL reply without MPos: ok\r\nok\r\nok\r\n
[15:58:14.475] GRBL WPos updated: X=222.144 Y=22.304 Z=0.102
[15:58:14.590] GRBL WPos updated: X=222.144 Y=22.304 Z=0.110
[15:58:15.749] BUTTON command sent: 'G10 L20 P1 Y0'
[15:58:15.749] ZERO Y: requested; waiting for updated WPos
[15:58:15.813] GRBL reply without MPos: ok\r\n
[15:58:15.904] GRBL WPos updated: X=222.144 Y=0.000 Z=0.110
[15:58:16.804] BUTTON command sent: 'G91\nG0 Z0.01 F600\nG90'
[15:58:16.879] GRBL WPos updated: X=222.144 Y=0.000 Z=0.114
[15:58:16.997] GRBL WPos updated: X=222.144 Y=0.000 Z=0.118
[15:58:18.102] BUTTON command sent: 'G91\nG0 Y0.01 F600\nG90'
[15:58:18.197] GRBL reply without MPos: ok\r\nok\r\nok\r\n
[15:58:18.314] GRBL WPos updated: X=222.144 Y=0.012 Z=0.118
[15:58:19.077] BUTTON command sent: 'G91\nG0 Y0.01 F600\nG90'
[15:58:19.176] GRBL WPos updated: X=222.144 Y=0.016 Z=0.118
[15:58:19.285] GRBL WPos updated: X=222.144 Y=0.020 Z=0.118
[15:58:19.949] BUTTON command sent: 'G91\nG0 Y0.01 F600\nG90'
[15:58:20.051] GRBL WPos updated: X=222.144 Y=0.028 Z=0.118
[15:58:20.165] GRBL WPos updated: X=222.144 Y=0.032 Z=0.118
[15:58:20.831] BUTTON command sent: 'G91\nG0 Y0.01 F600\nG90'
[15:58:20.925] GRBL WPos updated: X=222.144 Y=0.040 Z=0.118
[15:58:21.574] BUTTON command sent: 'G91\nG0 Y0.01 F600\nG90'
[15:58:21.726] GRBL WPos updated: X=222.144 Y=0.052 Z=0.118
[15:58:25.051] BUTTON command sent: 'G91\nG0 Y0.01 F600\nG90'
[15:58:25.220] GRBL WPos updated: X=222.144 Y=0.056 Z=0.118
[15:58:25.329] GRBL WPos updated: X=222.144 Y=0.060 Z=0.118
[15:58:26.211] BUTTON command sent: 'G91\nG0 Y0.01 F600\nG90'
[15:58:26.309] GRBL reply without MPos: ok\r\nok\r\nok\r\n
[15:58:26.423] GRBL WPos updated: X=222.144 Y=0.072 Z=0.118
[15:58:27.598] BUTTON command sent: 'G91\nG0 Y0.01 F600\nG90'
[15:58:27.617] GRBL reply without MPos: ok\r\nok\r\nok\r\n
[15:58:27.841] GRBL WPos updated: X=222.144 Y=0.080 Z=0.118
[15:58:28.811] BUTTON command sent: 'G91\nG0 Y0.01 F600\nG90'
[15:58:28.813] GRBL reply without MPos: ok\r\nok\r\nok\r\n
[15:58:29.054] GRBL WPos updated: X=222.144 Y=0.092 Z=0.118
[15:58:29.603] BUTTON command sent: 'G91\nG0 Y0.01 F600\nG90'
[15:58:29.819] GRBL WPos updated: X=222.144 Y=0.100 Z=0.118
[15:58:32.188] BUTTON command sent: 'G10 L20 P1 X0'
[15:58:32.189] ZERO X: requested; waiting for updated WPos
[15:58:32.460] GRBL WPos updated: X=0.000 Y=0.100 Z=0.118
[15:58:34.164] BUTTON command sent: 'G10 L20 P1 X0 Y0 Z0'
[15:58:34.164] ZERO ALL: requested; waiting for updated WPos
[15:58:34.229] GRBL reply without MPos: ok\r\n
[15:58:34.308] GRBL WPos updated: X=0.000 Y=0.000 Z=-0.002
[15:58:36.060] BUTTON command sent: 'G10 L20 P1 X0 Y0 Z0'
[15:58:36.061] ZERO ALL: requested; waiting for updated WPos
[15:58:37.045] BUTTON command sent: 'G10 L20 P1 X0 Y0 Z0'
[15:58:37.046] ZERO ALL: requested; waiting for updated WPos
[15:58:37.211] BUTTON command sent: 'G10 L20 P1 X0 Y0 Z0'
[15:58:37.211] ZERO ALL: requested; waiting for updated WPos
[15:58:37.387] BUTTON command sent: 'G10 L20 P1 X0 Y0 Z0'
[15:58:37.388] ZERO ALL: requested; waiting for updated WPos
[15:58:37.557] BUTTON command sent: 'G10 L20 P1 X0 Y0 Z0'
[15:58:37.558] ZERO ALL: requested; waiting for updated WPos
[15:58:41.777] BUTTON command sent: 'G91\nG0 Y0.01 F600\nG90'
[15:58:41.852] GRBL reply without MPos: ok\r\nok\r\nok\r\n
[15:58:41.967] GRBL WPos updated: X=0.000 Y=0.008 Z=-0.002
[15:58:42.077] GRBL WPos updated: X=0.000 Y=0.012 Z=-0.002
[15:58:49.532] BUTTON command sent: 'G10 L20 P1 Z0'
[15:58:49.533] ZERO Z: requested; waiting for updated WPos
[15:58:51.380] BUTTON command sent: 'G91\nG0 Y0.01 F600\nG90'
[15:58:51.506] GRBL WPos updated: X=0.000 Y=0.020 Z=-0.002
[15:58:52.648] BUTTON command sent: 'G91\nG0 Y0.01 F600\nG90'
[15:58:52.836] GRBL WPos updated: X=0.000 Y=0.032 Z=-0.002
[15:58:53.630] BUTTON command sent: 'G91\nG0 Y0.01 F600\nG90'
[15:58:53.701] GRBL reply without MPos: ok\r\nok\r\nok\r\n
[15:58:53.802] GRBL WPos updated: X=0.000 Y=0.040 Z=-0.002
[15:58:54.438] BUTTON command sent: 'G91\nG0 Y0.01 F600\nG90'
[15:58:54.469] GRBL reply without MPos: ok\r\nok\r\nok\r\n
[15:58:54.681] GRBL WPos updated: X=0.000 Y=0.052 Z=-0.002
[15:58:55.793] BUTTON command sent: 'G91\nG0 Y0.01 F600\nG90'
[15:58:55.877] GRBL WPos updated: X=0.000 Y=0.056 Z=-0.002
[15:58:56.003] GRBL WPos updated: X=0.000 Y=0.060 Z=-0.002
[15:58:56.756] BUTTON command sent: 'G10 L20 P1 Z0'
[15:58:56.756] ZERO Z: requested; waiting for updated WPos
[15:58:57.840] BUTTON command sent: 'G91\nG0 Z0.01 F600\nG90'
[15:58:57.973] GRBL WPos updated: X=0.000 Y=0.060 Z=0.010
[15:58:59.019] BUTTON command sent: 'G10 L20 P1 Z0'
[15:58:59.019] ZERO Z: requested; waiting for updated WPos
[15:58:59.172] GRBL WPos updated: X=0.000 Y=0.060 Z=0.000
[15:59:00.055] BUTTON command sent: 'G91\nG0 Y0.01 F600\nG90'
[15:59:00.147] GRBL WPos updated: X=0.000 Y=0.064 Z=0.000
[15:59:00.262] GRBL WPos updated: X=0.000 Y=0.072 Z=0.000
[15:59:01.599] BUTTON command sent: 'G91\nG0 Y0.01 F600\nG90'
[15:59:01.793] GRBL WPos updated: X=0.000 Y=0.080 Z=0.000
[15:59:02.547] BUTTON command sent: 'G91\nG0 Y0.01 F600\nG90'
[15:59:02.661] GRBL WPos updated: X=0.000 Y=0.092 Z=0.000
[15:59:03.475] BUTTON command sent: 'G91\nG0 Y0.01 F600\nG90'
[15:59:03.566] GRBL WPos updated: X=0.000 Y=0.100 Z=0.000
[15:59:04.566] BUTTON command sent: 'G91\nG0 Y0.01 F600\nG90'
[15:59:04.589] GRBL reply without MPos: ok\r\nok\r\nok\r\n
[15:59:04.816] GRBL WPos updated: X=0.000 Y=0.112 Z=0.000
[15:59:05.847] BUTTON command sent: 'G91\nG0 Y0.01 F600\nG90'
[15:59:06.017] GRBL WPos updated: X=0.000 Y=0.120 Z=0.000
[15:59:07.124] BUTTON command sent: 'G91\nG0 Y0.01 F600\nG90'
[15:59:07.329] GRBL WPos updated: X=0.000 Y=0.128 Z=0.000
[15:59:07.442] GRBL WPos updated: X=0.000 Y=0.132 Z=0.000
[15:59:08.200] BUTTON command sent: 'G91\nG0 Y0.01 F600\nG90'
[15:59:08.300] GRBL reply without MPos: ok\r\nok\r\nok\r\n
[15:59:08.418] GRBL WPos updated: X=0.000 Y=0.140 Z=0.000
[15:59:09.254] BUTTON command sent: 'G91\nG0 Y0.01 F600\nG90'
[15:59:09.396] GRBL WPos updated: X=0.000 Y=0.152 Z=0.000
[15:59:13.302] BUTTON command sent: 'G91\nG0 Y0.01 F600\nG90'
[15:59:13.487] GRBL WPos updated: X=0.000 Y=0.160 Z=0.000
[15:59:14.260] BUTTON command sent: 'G91\nG0 Y0.01 F600\nG90'
[15:59:14.354] GRBL WPos updated: X=0.000 Y=0.168 Z=0.000
[15:59:14.460] GRBL WPos updated: X=0.000 Y=0.172 Z=0.000
[15:59:15.014] BUTTON command sent: 'G91\nG0 Y0.01 F600\nG90'
[15:59:15.124] GRBL WPos updated: X=0.000 Y=0.180 Z=0.000
[15:59:15.649] BUTTON command sent: 'G91\nG0 Y0.01 F600\nG90'
[15:59:15.786] GRBL WPos updated: X=0.000 Y=0.184 Z=0.000
[15:59:15.896] GRBL WPos updated: X=0.000 Y=0.192 Z=0.000
[15:59:16.423] BUTTON command sent: 'G91\nG0 Y0.01 F600\nG90'
[15:59:16.429] GRBL reply without MPos: ok\r\nok\r\nok\r\n
[15:59:16.656] GRBL WPos updated: X=0.000 Y=0.200 Z=0.000
[15:59:26.612] BUTTON command sent: 'G10 L20 P1 Y0'
[15:59:26.612] ZERO Y: requested; waiting for updated WPos
[15:59:26.676] GRBL reply without MPos: ok\r\n
[15:59:26.734] GRBL WPos updated: X=0.000 Y=0.000 Z=0.000
[15:59:27.572] BUTTON command sent: 'G91\nG0 Y0.1 F600\nG90'
[15:59:27.597] GRBL reply without MPos: ok\r\nok\r\nok\r\n
[15:59:27.818] GRBL WPos updated: X=0.000 Y=0.092 Z=0.000
[15:59:27.934] GRBL WPos updated: X=0.000 Y=0.100 Z=0.000
[15:59:28.583] BUTTON command sent: 'G91\nG0 Y0.1 F600\nG90'
[15:59:28.698] GRBL WPos updated: X=0.000 Y=0.116 Z=0.000
[15:59:28.806] GRBL WPos updated: X=0.000 Y=0.200 Z=0.000
[15:59:29.421] BUTTON command sent: 'G91\nG0 Y0.1 F600\nG90'
[15:59:29.590] GRBL WPos updated: X=0.000 Y=0.264 Z=0.000
[15:59:29.699] GRBL WPos updated: X=0.000 Y=0.300 Z=0.000
[15:59:30.294] BUTTON command sent: 'G91\nG0 Y0.1 F600\nG90'
[15:59:30.462] GRBL WPos updated: X=0.000 Y=0.308 Z=0.000
[15:59:30.576] GRBL WPos updated: X=0.000 Y=0.400 Z=0.000
[15:59:31.232] BUTTON command sent: 'G91\nG0 Y0.1 F600\nG90'
[15:59:31.341] GRBL reply without MPos: ok\r\nok\r\nok\r\n
[15:59:31.451] GRBL WPos updated: X=0.000 Y=0.440 Z=0.000
[15:59:31.568] GRBL WPos updated: X=0.000 Y=0.500 Z=0.000
[15:59:32.226] BUTTON command sent: 'G91\nG0 Y0.1 F600\nG90'
[15:59:32.317] GRBL WPos updated: X=0.000 Y=0.504 Z=0.000
[15:59:32.438] GRBL WPos updated: X=0.000 Y=0.524 Z=0.000
[15:59:32.544] GRBL WPos updated: X=0.000 Y=0.600 Z=0.000
[15:59:33.149] BUTTON command sent: 'G91\nG0 Y0.1 F600\nG90'
[15:59:33.309] GRBL WPos updated: X=0.000 Y=0.604 Z=0.000
[15:59:33.426] GRBL WPos updated: X=0.000 Y=0.700 Z=0.000
[15:59:34.006] BUTTON command sent: 'G91\nG0 Y0.1 F600\nG90'
[15:59:34.075] GRBL WPos updated: X=0.000 Y=0.708 Z=0.000
[15:59:34.189] GRBL WPos updated: X=0.000 Y=0.712 Z=0.000
[15:59:34.291] GRBL WPos updated: X=0.000 Y=0.796 Z=0.000
[15:59:34.401] GRBL WPos updated: X=0.000 Y=0.800 Z=0.000
[15:59:34.922] BUTTON command sent: 'G91\nG0 Y0.1 F600\nG90'
[15:59:34.939] GRBL reply without MPos: ok\r\nok\r\nok\r\n
[15:59:35.164] GRBL WPos updated: X=0.000 Y=0.892 Z=0.000
[15:59:35.288] GRBL WPos updated: X=0.000 Y=0.900 Z=0.000
[15:59:35.806] BUTTON command sent: 'G91\nG0 Y0.1 F600\nG90'
[15:59:35.827] GRBL reply without MPos: ok\r\nok\r\nok\r\n
[15:59:36.054] GRBL WPos updated: X=0.000 Y=0.996 Z=0.000
[15:59:36.160] GRBL WPos updated: X=0.000 Y=1.000 Z=0.000
[15:59:36.766] BUTTON command sent: 'G91\nG0 Y0.1 F600\nG90'
[15:59:36.923] GRBL WPos updated: X=0.000 Y=1.068 Z=0.000
[15:59:37.033] GRBL WPos updated: X=0.000 Y=1.100 Z=0.000
[15:59:37.662] BUTTON command sent: 'G91\nG0 Y0.1 F600\nG90'
[15:59:37.797] GRBL WPos updated: X=0.000 Y=1.160 Z=0.000
[15:59:37.900] GRBL WPos updated: X=0.000 Y=1.172 Z=0.000
[15:59:38.014] GRBL WPos updated: X=0.000 Y=1.200 Z=0.000
[15:59:38.598] BUTTON command sent: 'G91\nG0 Y0.1 F600\nG90'
[15:59:38.667] GRBL reply without MPos: ok\r\nok\r\nok\r\n
[15:59:38.785] GRBL WPos updated: X=0.000 Y=1.212 Z=0.000
[15:59:38.892] GRBL WPos updated: X=0.000 Y=1.300 Z=0.000
[15:59:39.518] BUTTON command sent: 'G91\nG0 Y0.1 F600\nG90'
[15:59:39.652] GRBL WPos updated: X=0.000 Y=1.324 Z=0.000
[15:59:39.767] GRBL WPos updated: X=0.000 Y=1.400 Z=0.000
[15:59:40.570] BUTTON command sent: 'G91\nG0 Z0.1 F600\nG90'
[15:59:40.632] GRBL reply without MPos: ok\r\nok\r\nok\r\n
[15:59:40.748] GRBL WPos updated: X=0.000 Y=1.400 Z=0.008
[15:59:40.858] GRBL WPos updated: X=0.000 Y=1.400 Z=0.100
[15:59:41.518] BUTTON command sent: 'G91\nG0 Z0.1 F600\nG90'
[15:59:41.614] GRBL WPos updated: X=0.000 Y=1.400 Z=0.104
[15:59:41.722] GRBL WPos updated: X=0.000 Y=1.400 Z=0.128
[15:59:41.840] GRBL WPos updated: X=0.000 Y=1.400 Z=0.200
[15:59:42.268] BUTTON command sent: 'G91\nG0 Z0.1 F600\nG90'
[15:59:42.496] GRBL WPos updated: X=0.000 Y=1.400 Z=0.292
[15:59:42.608] GRBL WPos updated: X=0.000 Y=1.400 Z=0.300
[15:59:43.094] BUTTON command sent: 'G91\nG0 Z0.1 F600\nG90'
[15:59:43.259] GRBL WPos updated: X=0.000 Y=1.400 Z=0.344
[15:59:43.376] GRBL WPos updated: X=0.000 Y=1.400 Z=0.400
[15:59:43.798] BUTTON command sent: 'G91\nG0 Z0.1 F600\nG90'
[15:59:43.802] GRBL reply without MPos: ok\r\nok\r\nok\r\n
[15:59:44.026] GRBL WPos updated: X=0.000 Y=1.400 Z=0.480
[15:59:44.133] GRBL WPos updated: X=0.000 Y=1.400 Z=0.500
[15:59:44.364] BUTTON command sent: 'G91\nG0 X0.1 F600\nG90'
[15:59:44.574] GRBL WPos updated: X=0.096 Y=1.400 Z=0.500
[15:59:44.685] GRBL WPos updated: X=0.100 Y=1.400 Z=0.500
[15:59:44.962] BUTTON command sent: 'G91\nG0 X0.1 F600\nG90'
[15:59:45.018] GRBL WPos updated: X=0.104 Y=1.400 Z=0.500
[15:59:45.128] GRBL WPos updated: X=0.108 Y=1.400 Z=0.500
[15:59:45.242] GRBL WPos updated: X=0.196 Y=1.400 Z=0.500
[15:59:45.346] GRBL WPos updated: X=0.200 Y=1.400 Z=0.500
[15:59:45.618] BUTTON command sent: 'G91\nG0 X0.1 F600\nG90'
[15:59:45.787] GRBL WPos updated: X=0.268 Y=1.400 Z=0.500
[15:59:45.899] GRBL WPos updated: X=0.300 Y=1.400 Z=0.500
[15:59:46.116] BUTTON command sent: 'G91\nG0 X0.1 F600\nG90'
[15:59:46.217] GRBL WPos updated: X=0.324 Y=1.400 Z=0.500
[15:59:46.329] GRBL WPos updated: X=0.332 Y=1.400 Z=0.500
[15:59:46.439] GRBL WPos updated: X=0.400 Y=1.400 Z=0.500
[15:59:46.555] BUTTON command sent: 'G91\nG0 X0.1 F600\nG90'
[15:59:46.644] GRBL reply without MPos: ok\r\nok\r\nok\r\n
[15:59:46.773] GRBL WPos updated: X=0.424 Y=1.400 Z=0.500
[15:59:46.879] GRBL WPos updated: X=0.500 Y=1.400 Z=0.500
[15:59:49.056] GRBL reply without MPos: ok\r\n
[15:59:49.283] GRBL WPos updated: X=0.548 Y=1.400 Z=0.500
[15:59:49.928] GRBL reply without MPos: ok\r\n
[15:59:50.045] GRBL WPos updated: X=0.556 Y=1.400 Z=0.500
[15:59:50.153] GRBL WPos updated: X=0.596 Y=1.400 Z=0.500
[15:59:50.693] GRBL reply without MPos: ok\r\n
[15:59:50.810] GRBL WPos updated: X=0.600 Y=1.400 Z=0.500
[15:59:50.918] GRBL WPos updated: X=0.644 Y=1.400 Z=0.500
[15:59:51.797] GRBL WPos updated: X=0.676 Y=1.400 Z=0.500
[15:59:51.909] GRBL WPos updated: X=0.680 Y=1.400 Z=0.500
[15:59:52.774] GRBL reply without MPos: ok\r\n
[15:59:52.890] GRBL WPos updated: X=0.712 Y=1.400 Z=0.500
[15:59:52.992] GRBL WPos updated: X=0.732 Y=1.400 Z=0.500
[15:59:53.865] GRBL WPos updated: X=0.760 Y=1.400 Z=0.500
[15:59:53.975] GRBL reply without MPos: ok\r\n
[15:59:54.084] GRBL WPos updated: X=0.832 Y=1.400 Z=0.500
[15:59:54.199] GRBL WPos updated: X=0.960 Y=1.400 Z=0.500
[15:59:54.304] GRBL WPos updated: X=1.124 Y=1.400 Z=0.500
[15:59:54.413] GRBL WPos updated: X=1.128 Y=1.400 Z=0.500
[15:59:54.526] GRBL WPos updated: X=1.276 Y=1.400 Z=0.500
[15:59:54.636] GRBL WPos updated: X=1.416 Y=1.400 Z=0.500
[15:59:54.739] GRBL reply without MPos: ok\r\n
[15:59:54.854] GRBL WPos updated: X=1.532 Y=1.400 Z=0.500
[15:59:54.963] GRBL WPos updated: X=1.696 Y=1.400 Z=0.500
[15:59:55.073] GRBL WPos updated: X=1.824 Y=1.400 Z=0.500
[15:59:55.175] GRBL reply without MPos: ok\r\n
[15:59:55.291] GRBL WPos updated: X=1.928 Y=1.400 Z=0.500
[15:59:55.401] GRBL WPos updated: X=2.104 Y=1.400 Z=0.500
[15:59:55.505] GRBL reply without MPos: ok\r\n
[15:59:55.621] GRBL WPos updated: X=2.228 Y=1.400 Z=0.500
[15:59:55.727] GRBL WPos updated: X=2.380 Y=1.400 Z=0.500
[15:59:55.839] GRBL WPos updated: X=2.472 Y=1.400 Z=0.500
[15:59:56.131] EMERGENCY STOP: sent jog cancel and feed hold
[15:59:56.620] EMERGENCY STOP: sent jog cancel and feed hold
[15:59:56.706] GRBL reply without MPos: \r\nGrblHAL 20260109\r\n
[16:00:08.697] GRBL reply without MPos: ok\r\n
[16:00:08.813] GRBL WPos updated: X=2.500 Y=1.400 Z=0.500
[16:00:08.921] GRBL WPos updated: X=2.540 Y=1.400 Z=0.500
[16:00:09.019] GRBL WPos updated: X=2.592 Y=1.400 Z=0.500
[16:00:09.140] GRBL WPos updated: X=2.596 Y=1.400 Z=0.500
[16:00:09.250] GRBL WPos updated: X=2.640 Y=1.400 Z=0.500
[16:00:09.354] GRBL WPos updated: X=2.696 Y=1.400 Z=0.500
[16:00:09.471] GRBL WPos updated: X=2.708 Y=1.400 Z=0.500
[16:00:09.582] GRBL WPos updated: X=2.804 Y=1.400 Z=0.500
[16:00:09.687] GRBL WPos updated: X=2.820 Y=1.400 Z=0.500
[16:00:09.790] GRBL WPos updated: X=2.868 Y=1.400 Z=0.500
[16:00:09.905] GRBL WPos updated: X=2.916 Y=1.400 Z=0.500
[16:00:10.019] GRBL WPos updated: X=2.920 Y=1.400 Z=0.500
[16:00:10.136] GRBL WPos updated: X=2.964 Y=1.400 Z=0.500
[16:00:10.230] GRBL WPos updated: X=3.012 Y=1.400 Z=0.500
[16:00:10.340] GRBL WPos updated: X=3.024 Y=1.400 Z=0.500
[16:00:10.449] GRBL WPos updated: X=3.048 Y=1.400 Z=0.500
[16:00:12.414] GRBL reply without MPos: ok\r\n
[16:00:12.531] GRBL WPos updated: X=3.060 Y=1.400 Z=0.500
[16:00:12.640] GRBL WPos updated: X=3.132 Y=1.400 Z=0.500
[16:00:13.943] GRBL reply without MPos: ok\r\n
[16:00:14.054] GRBL WPos updated: X=3.144 Y=1.400 Z=0.500
[16:00:14.166] GRBL WPos updated: X=3.196 Y=1.400 Z=0.500
[16:00:15.145] GRBL WPos updated: X=3.240 Y=1.400 Z=0.500
[16:00:15.261] GRBL WPos updated: X=3.252 Y=1.400 Z=0.500
[16:00:15.371] GRBL WPos updated: X=3.280 Y=1.400 Z=0.500
[16:00:15.940] GRBL WPos updated: X=3.284 Y=1.400 Z=0.500
[16:00:16.055] GRBL WPos updated: X=3.292 Y=1.400 Z=0.500
[16:00:16.154] GRBL WPos updated: X=3.396 Y=1.400 Z=0.500
[16:00:16.263] GRBL WPos updated: X=3.424 Y=1.400 Z=0.500
[16:00:16.692] GRBL WPos updated: X=3.484 Y=1.400 Z=0.500
[16:00:16.820] GRBL WPos updated: X=3.516 Y=1.400 Z=0.500
[16:00:16.931] GRBL WPos updated: X=3.540 Y=1.400 Z=0.500
[16:00:17.258] GRBL WPos updated: X=3.544 Y=1.400 Z=0.500
[16:00:20.409] GRBL WPos updated: X=3.556 Y=1.400 Z=0.500
[16:00:20.638] GRBL WPos updated: X=3.628 Y=1.400 Z=0.500
[16:00:20.748] GRBL WPos updated: X=3.660 Y=1.400 Z=0.500
[16:00:20.850] GRBL reply without MPos: ok\r\n
[16:00:20.966] GRBL WPos updated: X=3.688 Y=1.400 Z=0.500
[16:00:21.068] GRBL WPos updated: X=3.756 Y=1.400 Z=0.500
[16:00:21.184] GRBL WPos updated: X=3.772 Y=1.400 Z=0.500
[16:00:21.288] GRBL WPos updated: X=3.804 Y=1.400 Z=0.500
[16:00:25.719] GRBL WPos updated: X=3.840 Y=1.400 Z=0.500
[16:00:25.820] GRBL WPos updated: X=3.872 Y=1.400 Z=0.500
[16:00:25.938] GRBL WPos updated: X=3.880 Y=1.400 Z=0.500
[16:00:26.049] GRBL WPos updated: X=3.928 Y=1.400 Z=0.500
[16:00:26.153] GRBL WPos updated: X=3.984 Y=1.400 Z=0.500
[16:00:26.269] GRBL WPos updated: X=4.000 Y=1.400 Z=0.500
[16:00:26.379] GRBL WPos updated: X=4.084 Y=1.400 Z=0.500
[16:00:26.480] GRBL WPos updated: X=4.092 Y=1.400 Z=0.500
[16:00:26.593] GRBL WPos updated: X=4.112 Y=1.400 Z=0.500
[16:00:26.695] GRBL reply without MPos: ok\r\n
[16:00:26.803] GRBL WPos updated: X=4.204 Y=1.400 Z=0.500
[16:00:26.926] GRBL WPos updated: X=4.232 Y=1.400 Z=0.500
[16:00:27.036] GRBL WPos updated: X=4.316 Y=1.400 Z=0.500
[16:00:27.139] GRBL reply without MPos: ok\r\n
[16:00:27.244] GRBL WPos updated: X=4.360 Y=1.400 Z=0.500
[16:00:27.349] GRBL WPos updated: X=4.424 Y=1.400 Z=0.500
[16:00:27.470] GRBL WPos updated: X=4.436 Y=1.400 Z=0.500
[16:00:27.584] GRBL WPos updated: X=4.528 Y=1.400 Z=0.500
[16:00:27.686] GRBL WPos updated: X=4.532 Y=1.400 Z=0.500
[16:00:27.799] GRBL WPos updated: X=4.552 Y=1.400 Z=0.500
[16:00:27.902] GRBL WPos updated: X=4.628 Y=1.400 Z=0.500
[16:00:28.238] GRBL WPos updated: X=4.632 Y=1.400 Z=0.500
[16:00:28.667] GRBL WPos updated: X=4.644 Y=1.400 Z=0.500
[16:00:28.782] GRBL WPos updated: X=4.648 Y=1.400 Z=0.500
[16:00:28.891] GRBL WPos updated: X=4.724 Y=1.400 Z=0.500
[16:00:29.221] GRBL WPos updated: X=4.728 Y=1.400 Z=0.500
[16:00:30.087] GRBL WPos updated: X=4.732 Y=1.400 Z=0.500
[16:00:30.966] GRBL WPos updated: X=4.736 Y=1.400 Z=0.500
[16:00:31.625] GRBL WPos updated: X=4.740 Y=1.400 Z=0.500
[16:00:32.391] GRBL WPos updated: X=4.744 Y=1.400 Z=0.500
[16:00:33.274] GRBL WPos updated: X=4.748 Y=1.400 Z=0.500
[16:00:34.036] GRBL WPos updated: X=4.752 Y=1.400 Z=0.500
[16:00:34.797] GRBL WPos updated: X=4.756 Y=1.400 Z=0.500
[16:00:35.680] GRBL WPos updated: X=4.760 Y=1.400 Z=0.500
[16:00:36.444] GRBL WPos updated: X=4.764 Y=1.400 Z=0.500
[16:00:37.205] GRBL WPos updated: X=4.768 Y=1.400 Z=0.500
[16:00:38.077] GRBL WPos updated: X=4.772 Y=1.400 Z=0.500
[16:00:38.850] GRBL WPos updated: X=4.776 Y=1.400 Z=0.500
[16:00:39.614] GRBL WPos updated: X=4.780 Y=1.400 Z=0.500
[16:00:40.487] GRBL WPos updated: X=4.784 Y=1.400 Z=0.500
[16:00:41.255] GRBL WPos updated: X=4.788 Y=1.400 Z=0.500
[16:00:42.011] GRBL WPos updated: X=4.792 Y=1.400 Z=0.500
[16:00:42.900] GRBL WPos updated: X=4.796 Y=1.400 Z=0.500
[16:00:43.657] GRBL WPos updated: X=4.800 Y=1.400 Z=0.500
[16:00:44.417] GRBL WPos updated: X=4.804 Y=1.400 Z=0.500
[16:00:45.295] GRBL WPos updated: X=4.808 Y=1.400 Z=0.500
[16:00:46.059] GRBL WPos updated: X=4.812 Y=1.400 Z=0.500
[16:00:46.832] GRBL WPos updated: X=4.816 Y=1.400 Z=0.500
[16:00:47.704] GRBL WPos updated: X=4.820 Y=1.400 Z=0.500
[16:00:48.465] GRBL WPos updated: X=4.824 Y=1.400 Z=0.500
[16:00:51.012] EMERGENCY STOP: sent jog cancel and feed hold
[17:01:13.161] GRBL WPos updated: X=4.904 Y=1.400 Z=0.500
[17:01:13.276] GRBL WPos updated: X=4.916 Y=1.400 Z=0.500
[17:01:13.378] GRBL WPos updated: X=5.072 Y=1.400 Z=0.500
[17:01:13.493] GRBL WPos updated: X=5.080 Y=1.400 Z=0.500
[17:01:14.060] GRBL WPos updated: X=5.104 Y=1.400 Z=0.500
[17:01:14.177] GRBL WPos updated: X=5.112 Y=1.400 Z=0.500
[17:01:14.279] GRBL WPos updated: X=5.288 Y=1.400 Z=0.500
[17:01:14.389] GRBL WPos updated: X=5.336 Y=1.400 Z=0.500
[17:01:14.941] GRBL WPos updated: X=5.340 Y=1.400 Z=0.500
[17:01:15.047] GRBL WPos updated: X=5.432 Y=1.400 Z=0.500
[17:01:15.157] GRBL WPos updated: X=5.748 Y=1.400 Z=0.500
[17:01:15.267] GRBL WPos updated: X=5.980 Y=1.400 Z=0.500
[17:01:15.377] GRBL WPos updated: X=6.008 Y=1.400 Z=0.500
[17:01:15.697] GRBL reply without MPos: ok\r\n
[17:01:15.810] GRBL WPos updated: X=6.020 Y=1.400 Z=0.500
[17:01:15.921] GRBL WPos updated: X=6.212 Y=1.400 Z=0.500
[17:01:16.025] GRBL WPos updated: X=6.632 Y=1.400 Z=0.500
[17:01:16.139] GRBL WPos updated: X=6.720 Y=1.400 Z=0.500
[17:01:16.247] GRBL WPos updated: X=7.276 Y=1.400 Z=0.500
[17:01:16.352] GRBL WPos updated: X=8.144 Y=1.400 Z=0.500
[17:01:16.461] GRBL WPos updated: X=9.244 Y=1.400 Z=0.500
[17:01:16.564] GRBL WPos updated: X=9.324 Y=1.400 Z=0.500
[17:01:16.685] GRBL WPos updated: X=10.192 Y=1.400 Z=0.500
[17:01:16.793] GRBL WPos updated: X=11.604 Y=1.400 Z=0.500
[17:01:16.902] GRBL WPos updated: X=12.460 Y=1.400 Z=0.500
[17:01:17.014] GRBL WPos updated: X=12.976 Y=1.400 Z=0.500
[17:01:17.120] GRBL WPos updated: X=13.152 Y=1.400 Z=0.500
[17:01:17.230] GRBL WPos updated: X=13.584 Y=1.400 Z=0.500
[17:01:17.341] GRBL WPos updated: X=13.780 Y=1.400 Z=0.500
[17:01:17.448] GRBL WPos updated: X=13.792 Y=1.400 Z=0.500
[17:01:17.551] GRBL WPos updated: X=13.784 Y=1.400 Z=0.500
[17:01:17.659] GRBL WPos updated: X=13.736 Y=1.400 Z=0.500
[17:01:17.778] GRBL WPos updated: X=13.544 Y=1.400 Z=0.500
[17:01:17.886] GRBL WPos updated: X=13.120 Y=1.400 Z=0.500
[17:01:18.001] GRBL WPos updated: X=12.444 Y=1.400 Z=0.500
[17:01:18.116] GRBL WPos updated: X=12.164 Y=1.400 Z=0.500
[17:01:18.228] GRBL WPos updated: X=11.032 Y=1.400 Z=0.500
[17:01:18.327] GRBL WPos updated: X=10.912 Y=1.400 Z=0.500
[17:01:18.439] GRBL WPos updated: X=10.652 Y=1.400 Z=0.500
[17:01:18.551] GRBL WPos updated: X=10.376 Y=1.400 Z=0.500
[17:01:18.667] GRBL WPos updated: X=10.232 Y=1.400 Z=0.500
[17:01:18.772] GRBL WPos updated: X=10.204 Y=1.400 Z=0.500
[17:01:19.650] GRBL WPos updated: X=10.180 Y=1.400 Z=0.500
[17:01:19.752] GRBL WPos updated: X=9.796 Y=1.400 Z=0.500
[17:01:19.863] GRBL WPos updated: X=9.792 Y=1.400 Z=0.500
[17:01:19.979] GRBL WPos updated: X=9.468 Y=1.400 Z=0.500
[17:01:20.101] GRBL WPos updated: X=9.364 Y=1.400 Z=0.500
[17:01:22.168] GRBL WPos updated: X=9.344 Y=1.400 Z=0.500
[17:01:22.281] GRBL WPos updated: X=9.332 Y=1.400 Z=0.500
[17:01:22.385] GRBL WPos updated: X=9.208 Y=1.400 Z=0.500
[17:01:22.495] GRBL WPos updated: X=9.196 Y=1.400 Z=0.500
[17:01:23.266] GRBL WPos updated: X=9.196 Y=1.416 Z=0.500
[17:01:23.365] GRBL WPos updated: X=9.196 Y=1.568 Z=0.500
[17:01:23.478] GRBL WPos updated: X=9.196 Y=1.580 Z=0.500
[17:01:23.589] GRBL WPos updated: X=9.196 Y=1.592 Z=0.500
[17:01:24.266] GRBL WPos updated: X=9.196 Y=1.660 Z=0.500
[17:01:24.373] GRBL WPos updated: X=9.196 Y=1.680 Z=0.500
[17:01:24.479] GRBL WPos updated: X=9.196 Y=1.836 Z=0.500
[17:01:24.596] GRBL WPos updated: X=9.196 Y=1.848 Z=0.500
[17:01:25.786] GRBL WPos updated: X=9.196 Y=1.820 Z=0.500
[17:01:25.901] GRBL WPos updated: X=9.196 Y=1.572 Z=0.500
[17:01:26.009] GRBL WPos updated: X=9.196 Y=1.560 Z=0.500
[17:01:26.805] GRBL WPos updated: X=9.196 Y=1.552 Z=0.500
[17:01:26.909] GRBL WPos updated: X=9.196 Y=1.312 Z=0.500
[17:01:27.014] GRBL WPos updated: X=9.196 Y=1.284 Z=0.500
[17:01:27.131] GRBL WPos updated: X=9.196 Y=1.272 Z=0.500
[17:01:28.543] GRBL WPos updated: X=9.196 Y=1.356 Z=0.500
[17:01:28.653] GRBL WPos updated: X=9.196 Y=1.440 Z=0.500
[17:01:29.848] GRBL WPos updated: X=9.200 Y=1.440 Z=0.500
[17:01:29.972] GRBL WPos updated: X=9.356 Y=1.440 Z=0.500
[17:01:30.081] GRBL WPos updated: X=9.364 Y=1.440 Z=0.500
[17:01:30.835] GRBL reply without MPos: ok\r\n
[17:01:30.943] GRBL WPos updated: X=9.372 Y=1.440 Z=0.500
[17:01:31.054] GRBL WPos updated: X=9.548 Y=1.440 Z=0.500
[17:01:31.170] GRBL WPos updated: X=9.588 Y=1.440 Z=0.500
[17:01:31.938] GRBL WPos updated: X=9.584 Y=1.440 Z=0.500
[17:01:32.054] GRBL WPos updated: X=9.576 Y=1.440 Z=0.500
[17:01:32.154] GRBL WPos updated: X=9.288 Y=1.440 Z=0.500
[17:01:32.264] GRBL WPos updated: X=9.248 Y=1.440 Z=0.500
[17:01:32.374] GRBL WPos updated: X=9.232 Y=1.440 Z=0.500
[17:01:32.724] GRBL WPos updated: X=9.228 Y=1.440 Z=0.500
[17:01:33.588] GRBL WPos updated: X=9.236 Y=1.440 Z=0.500
[17:01:33.703] GRBL WPos updated: X=9.252 Y=1.440 Z=0.500
[17:01:33.814] GRBL WPos updated: X=9.452 Y=1.440 Z=0.500
[17:01:34.458] GRBL WPos updated: X=9.456 Y=1.440 Z=0.500
[17:01:34.574] GRBL WPos updated: X=9.460 Y=1.440 Z=0.500
[17:01:34.686] GRBL WPos updated: X=9.604 Y=1.440 Z=0.500
[17:01:34.787] GRBL WPos updated: X=9.976 Y=1.440 Z=0.500
[17:01:34.907] GRBL WPos updated: X=10.104 Y=1.440 Z=0.500
[17:01:35.009] GRBL reply without MPos: ok\r\n
[17:01:35.124] GRBL WPos updated: X=11.132 Y=1.440 Z=0.500
[17:01:35.235] GRBL WPos updated: X=11.888 Y=1.440 Z=0.500
[17:01:35.346] GRBL WPos updated: X=12.208 Y=1.440 Z=0.500
[17:01:35.453] GRBL WPos updated: X=12.228 Y=1.440 Z=0.500
[17:01:35.562] GRBL WPos updated: X=12.336 Y=1.440 Z=0.500
[17:01:36.102] GRBL WPos updated: X=12.340 Y=1.440 Z=0.500
[17:01:36.323] GRBL WPos updated: X=12.416 Y=1.440 Z=0.500
[17:01:37.741] GRBL reply without MPos: ok\r\n
[17:01:37.856] GRBL WPos updated: X=12.420 Y=1.440 Z=0.500
[17:01:37.959] GRBL WPos updated: X=12.560 Y=1.440 Z=0.500
[17:01:38.076] GRBL WPos updated: X=12.640 Y=1.440 Z=0.500
[17:01:38.951] GRBL WPos updated: X=12.672 Y=1.440 Z=0.500
[17:01:39.159] GRBL WPos updated: X=12.900 Y=1.440 Z=0.500
[17:01:39.287] GRBL WPos updated: X=13.052 Y=1.440 Z=0.500
[17:01:39.390] GRBL reply without MPos: ok\r\n
[17:01:39.498] GRBL WPos updated: X=13.984 Y=1.440 Z=0.500
[17:01:39.604] GRBL WPos updated: X=14.944 Y=1.440 Z=0.500
[17:01:39.719] GRBL WPos updated: X=15.336 Y=1.440 Z=0.500
[17:01:39.831] GRBL WPos updated: X=16.692 Y=1.440 Z=0.500
[17:01:39.937] GRBL WPos updated: X=16.828 Y=1.440 Z=0.500
[17:01:40.046] GRBL WPos updated: X=17.444 Y=1.440 Z=0.500
[17:01:40.151] GRBL WPos updated: X=17.832 Y=1.440 Z=0.500
[17:01:40.267] GRBL WPos updated: X=17.976 Y=1.440 Z=0.500
[17:01:40.370] GRBL WPos updated: X=17.996 Y=1.440 Z=0.500
[17:01:40.487] GRBL WPos updated: X=17.972 Y=1.440 Z=0.500
[17:01:40.918] GRBL WPos updated: X=17.968 Y=1.440 Z=0.500
[17:01:41.683] GRBL WPos updated: X=17.964 Y=1.440 Z=0.500
[17:01:42.566] GRBL WPos updated: X=17.960 Y=1.440 Z=0.500
[17:01:43.322] GRBL WPos updated: X=17.956 Y=1.440 Z=0.500
[17:01:44.089] GRBL WPos updated: X=17.952 Y=1.440 Z=0.500
[17:01:44.969] GRBL WPos updated: X=17.948 Y=1.440 Z=0.500
[17:01:45.743] GRBL WPos updated: X=17.944 Y=1.440 Z=0.500
[17:01:46.428] GRBL WPos updated: X=17.940 Y=1.440 Z=0.500
[17:01:47.429] GRBL WPos updated: X=17.936 Y=1.440 Z=0.500
[17:01:48.084] GRBL WPos updated: X=17.932 Y=1.440 Z=0.500
[17:01:48.847] GRBL WPos updated: X=17.928 Y=1.440 Z=0.500
[17:01:49.717] GRBL WPos updated: X=17.924 Y=1.440 Z=0.500
[17:01:50.478] GRBL WPos updated: X=17.920 Y=1.440 Z=0.500
[17:01:51.259] GRBL WPos updated: X=17.916 Y=1.440 Z=0.500
[17:01:52.141] GRBL WPos updated: X=17.912 Y=1.440 Z=0.500
[17:01:52.903] GRBL WPos updated: X=17.908 Y=1.440 Z=0.500
[17:01:53.675] GRBL WPos updated: X=17.904 Y=1.440 Z=0.500
[17:01:53.732] EMERGENCY STOP: sent jog cancel and feed hold
[17:01:53.777] GRBL error response: ALARM:3\r\n
[17:01:53.778] GRBL reply without MPos: ALARM:3\r\n
[17:01:56.068] GRBL command error: error:8\r\n<Alarm:3|MPos:646.184,69.832,-0.240,0.000,0.000|Bf:1000,1023|FS:0,0|Pn:XYZABP>\r\nerror:8\r\n
[17:01:59.732] RESET ALARM: sent $X to GRBL
[17:02:01.006] GRBL WPos updated: X=17.904 Y=1.440 Z=0.544
[17:02:01.120] GRBL WPos updated: X=17.904 Y=1.440 Z=0.552
[17:02:01.230] GRBL WPos updated: X=17.904 Y=1.440 Z=0.712
[17:02:01.337] GRBL WPos updated: X=17.904 Y=1.440 Z=0.724
[17:02:02.126] GRBL WPos updated: X=17.904 Y=1.440 Z=0.728
[17:02:02.235] GRBL WPos updated: X=17.904 Y=1.440 Z=0.768
[17:02:02.350] GRBL WPos updated: X=17.904 Y=1.440 Z=0.868
[17:02:03.106] GRBL WPos updated: X=17.904 Y=1.440 Z=0.888
[17:02:03.222] GRBL WPos updated: X=17.904 Y=1.440 Z=0.892
[17:02:03.317] GRBL WPos updated: X=17.904 Y=1.440 Z=1.008
[17:02:03.441] GRBL WPos updated: X=17.904 Y=1.440 Z=1.012
[17:02:04.194] GRBL WPos updated: X=17.904 Y=1.440 Z=0.960
[17:02:04.309] GRBL WPos updated: X=17.904 Y=1.440 Z=0.908
[17:02:04.412] GRBL WPos updated: X=17.904 Y=1.440 Z=0.844
[17:02:05.075] GRBL WPos updated: X=17.904 Y=1.440 Z=0.820
[17:02:05.187] GRBL WPos updated: X=17.904 Y=1.440 Z=0.700
[17:02:05.506] GRBL WPos updated: X=17.904 Y=1.440 Z=0.696
[17:02:05.620] GRBL WPos updated: X=17.904 Y=1.440 Z=0.692
[17:02:05.734] GRBL WPos updated: X=17.904 Y=1.440 Z=0.568
[17:02:05.842] GRBL WPos updated: X=17.904 Y=1.440 Z=0.532
[17:02:05.944] GRBL reply without MPos: ok\r\n
[17:02:06.057] GRBL WPos updated: X=17.904 Y=1.440 Z=0.504
[17:02:06.167] GRBL WPos updated: X=17.904 Y=1.440 Z=0.328
[17:02:06.277] GRBL WPos updated: X=17.904 Y=1.440 Z=0.308
[17:02:06.379] GRBL reply without MPos: ok\r\n
[17:02:06.490] GRBL WPos updated: X=17.904 Y=1.440 Z=0.280
[17:02:06.597] GRBL WPos updated: X=17.904 Y=1.440 Z=0.028
[17:02:06.707] GRBL WPos updated: X=17.904 Y=1.440 Z=-0.036
[17:02:06.823] GRBL WPos updated: X=17.904 Y=1.440 Z=-0.092
[17:02:07.036] GRBL WPos updated: X=17.904 Y=1.440 Z=-0.100
[17:02:07.148] GRBL WPos updated: X=17.904 Y=1.440 Z=-0.120
[17:02:07.260] GRBL WPos updated: X=17.904 Y=1.440 Z=-0.224
[17:02:07.370] GRBL WPos updated: X=17.904 Y=1.440 Z=-0.236
[17:02:07.814] GRBL WPos updated: X=17.964 Y=1.440 Z=-0.236
[17:02:07.931] GRBL WPos updated: X=18.016 Y=1.440 Z=-0.236
[17:02:08.044] GRBL WPos updated: X=18.024 Y=1.440 Z=-0.236
[17:02:08.805] GRBL WPos updated: X=17.964 Y=1.440 Z=-0.236
[17:02:08.922] GRBL WPos updated: X=17.956 Y=1.440 Z=-0.236
[17:02:09.025] GRBL WPos updated: X=17.856 Y=1.440 Z=-0.236
[17:02:09.673] GRBL reply without MPos: ok\r\n
[17:02:09.904] GRBL WPos updated: X=17.716 Y=1.440 Z=-0.236
[17:02:10.022] GRBL WPos updated: X=17.692 Y=1.440 Z=-0.236
[17:02:10.347] GRBL WPos updated: X=17.688 Y=1.440 Z=-0.236
[17:02:11.211] GRBL WPos updated: X=17.684 Y=1.440 Z=-0.236
[17:02:11.983] GRBL WPos updated: X=17.680 Y=1.440 Z=-0.236
[17:02:12.748] GRBL WPos updated: X=17.676 Y=1.440 Z=-0.236
[17:02:13.620] GRBL WPos updated: X=17.672 Y=1.440 Z=-0.236
[17:02:14.383] GRBL WPos updated: X=17.668 Y=1.440 Z=-0.236
[17:02:15.149] GRBL WPos updated: X=17.664 Y=1.440 Z=-0.236
[17:02:16.037] GRBL WPos updated: X=17.660 Y=1.440 Z=-0.236
[17:02:16.796] GRBL WPos updated: X=17.656 Y=1.440 Z=-0.236
[17:02:17.565] GRBL WPos updated: X=17.652 Y=1.440 Z=-0.236
[17:02:18.439] GRBL WPos updated: X=17.648 Y=1.440 Z=-0.236
[17:02:19.202] GRBL WPos updated: X=17.644 Y=1.440 Z=-0.236
[17:02:19.963] GRBL WPos updated: X=17.640 Y=1.440 Z=-0.236
[17:02:20.847] GRBL WPos updated: X=17.636 Y=1.440 Z=-0.236
[17:02:21.603] GRBL WPos updated: X=17.632 Y=1.440 Z=-0.236
[17:02:22.369] GRBL WPos updated: X=17.628 Y=1.440 Z=-0.236
[17:02:23.255] GRBL WPos updated: X=17.624 Y=1.440 Z=-0.236
[17:02:23.911] GRBL WPos updated: X=17.620 Y=1.440 Z=-0.236
[17:02:24.780] GRBL WPos updated: X=17.616 Y=1.440 Z=-0.236
[17:02:27.014] Applied camera settings: {'width': 1279, 'height': 717, 'fps': 30, 'exposure': -6, 'gain': 100}
[17:02:27.017] Camera started: Camera 0 (dshow)
[17:02:27.745] GRBL WPos updated: X=17.604 Y=1.440 Z=-0.236
[17:02:28.000] GRBL WPos updated: X=17.600 Y=1.440 Z=-0.236
[17:02:28.815] GRBL WPos updated: X=17.596 Y=1.440 Z=-0.236
[17:02:29.614] GRBL WPos updated: X=17.592 Y=1.440 Z=-0.236
[17:02:44.107] Vision pass: confidence 0.00, area 429.0
[17:02:56.751] Vision pass: confidence 0.00, area 423.5
[17:02:59.913] Applied camera settings: {'width': 1279, 'height': 717, 'fps': 30, 'exposure': -6, 'gain': 52}
[17:02:59.922] Saved camera preset for Camera 0 (dshow)
[17:03:17.343] Applied camera settings: {'width': 1279, 'height': 717, 'fps': 30, 'exposure': -13, 'gain': 52}
[17:03:17.349] Saved camera preset for Camera 0 (dshow)
[17:03:26.982] Applied camera settings: {'width': 1279, 'height': 717, 'fps': 30, 'exposure': 6, 'gain': 52}
[17:03:26.990] Saved camera preset for Camera 0 (dshow)
[17:03:51.420] Applied camera settings: {'width': 1279, 'height': 717, 'fps': 19, 'exposure': -1, 'gain': 52}
[17:03:51.428] Saved camera preset for Camera 0 (dshow)
[17:04:01.008] Applied camera settings: {'width': 1279, 'height': 717, 'fps': 19, 'exposure': -8, 'gain': 52}
[17:04:01.015] Saved camera preset for Camera 0 (dshow)
[17:04:09.317] Applied camera settings: {'width': 1279, 'height': 717, 'fps': 19, 'exposure': -7, 'gain': 52}
[17:04:09.324] Saved camera preset for Camera 0 (dshow)
[17:04:43.996] GRBL WPos updated: X=17.648 Y=1.440 Z=-0.236
[17:04:44.143] GRBL WPos updated: X=17.804 Y=1.440 Z=-0.236
[17:04:44.181] GRBL reply without MPos: ok\r\n
[17:04:44.398] GRBL WPos updated: X=18.368 Y=1.440 Z=-0.236
[17:04:44.541] GRBL WPos updated: X=19.240 Y=1.440 Z=-0.236
[17:04:44.669] GRBL WPos updated: X=19.312 Y=1.440 Z=-0.236
[17:04:45.480] GRBL WPos updated: X=19.320 Y=1.440 Z=-0.236
[17:04:45.491] GRBL WPos updated: X=19.380 Y=1.440 Z=-0.236
[17:04:45.741] GRBL WPos updated: X=19.460 Y=1.440 Z=-0.236
[17:04:45.885] GRBL WPos updated: X=19.504 Y=1.440 Z=-0.236
[17:04:46.674] GRBL WPos updated: X=19.568 Y=1.440 Z=-0.236
[17:04:46.699] GRBL WPos updated: X=19.772 Y=1.440 Z=-0.236
[17:04:46.826] GRBL WPos updated: X=19.832 Y=1.440 Z=-0.236
[17:04:46.957] GRBL WPos updated: X=20.116 Y=1.440 Z=-0.236
[17:04:47.086] GRBL WPos updated: X=20.168 Y=1.440 Z=-0.236
[17:04:47.142] GRBL WPos updated: X=20.200 Y=1.440 Z=-0.236
[17:04:47.355] GRBL WPos updated: X=20.220 Y=1.440 Z=-0.236
[17:04:47.504] GRBL WPos updated: X=20.324 Y=1.440 Z=-0.236
[17:04:47.633] GRBL WPos updated: X=20.328 Y=1.440 Z=-0.236
[17:04:49.247] GRBL WPos updated: X=20.200 Y=1.440 Z=-0.236
[17:04:49.366] GRBL WPos updated: X=19.844 Y=1.440 Z=-0.236
[17:04:49.502] GRBL WPos updated: X=19.600 Y=1.440 Z=-0.236
[17:04:49.645] GRBL WPos updated: X=18.864 Y=1.440 Z=-0.236
[17:04:49.774] GRBL WPos updated: X=18.664 Y=1.440 Z=-0.236
[17:04:49.918] GRBL WPos updated: X=18.648 Y=1.440 Z=-0.236
[17:04:50.432] GRBL WPos updated: X=18.528 Y=1.440 Z=-0.236
[17:04:50.592] GRBL WPos updated: X=18.440 Y=1.440 Z=-0.236
[17:04:50.718] GRBL WPos updated: X=18.428 Y=1.440 Z=-0.236
[17:04:50.990] GRBL WPos updated: X=18.424 Y=1.440 Z=-0.236
[17:04:51.793] GRBL WPos updated: X=18.420 Y=1.440 Z=-0.236
[17:04:52.591] GRBL WPos updated: X=18.416 Y=1.440 Z=-0.236
[17:04:53.409] GRBL WPos updated: X=18.412 Y=1.440 Z=-0.236
[17:04:54.209] GRBL WPos updated: X=18.408 Y=1.440 Z=-0.236
[17:04:54.904] GRBL WPos updated: X=18.404 Y=1.440 Z=-0.236
[17:04:55.822] GRBL WPos updated: X=18.400 Y=1.440 Z=-0.236
[17:04:56.495] GRBL WPos updated: X=18.396 Y=1.440 Z=-0.236
[17:04:57.566] GRBL WPos updated: X=18.392 Y=1.440 Z=-0.236
[17:04:58.232] GRBL WPos updated: X=18.388 Y=1.440 Z=-0.236
[17:04:58.910] GRBL WPos updated: X=18.384 Y=1.440 Z=-0.236
[17:04:59.981] GRBL WPos updated: X=18.380 Y=1.440 Z=-0.236
[17:05:00.654] GRBL WPos updated: X=18.376 Y=1.440 Z=-0.236
[17:05:01.360] GRBL WPos updated: X=18.372 Y=1.440 Z=-0.236
[17:05:02.269] GRBL WPos updated: X=18.368 Y=1.440 Z=-0.236
[17:05:02.940] GRBL WPos updated: X=18.364 Y=1.440 Z=-0.236
[17:05:03.759] GRBL WPos updated: X=18.360 Y=1.440 Z=-0.236
[17:05:05.292] Applied camera settings: {'width': 1279, 'height': 717, 'fps': 30, 'exposure': -7, 'gain': 52}
[17:05:05.299] Saved camera preset for Camera 0 (dshow)
[17:05:06.124] GRBL WPos updated: X=18.348 Y=1.440 Z=-0.236
[17:05:07.217] GRBL WPos updated: X=18.344 Y=1.440 Z=-0.236
[17:05:07.878] GRBL WPos updated: X=18.340 Y=1.440 Z=-0.236
[17:05:08.690] GRBL WPos updated: X=18.336 Y=1.440 Z=-0.236
[17:05:09.489] GRBL WPos updated: X=18.332 Y=1.440 Z=-0.236
[17:05:10.164] GRBL WPos updated: X=18.328 Y=1.440 Z=-0.236
[17:05:10.968] GRBL WPos updated: X=18.324 Y=1.440 Z=-0.236
[17:05:11.909] GRBL WPos updated: X=18.320 Y=1.440 Z=-0.236
[17:05:12.577] GRBL WPos updated: X=18.316 Y=1.440 Z=-0.236
[17:05:13.281] GRBL WPos updated: X=18.312 Y=1.440 Z=-0.236
[17:05:14.200] GRBL WPos updated: X=18.308 Y=1.440 Z=-0.236
[17:05:14.993] GRBL WPos updated: X=18.304 Y=1.440 Z=-0.236
[17:05:15.682] GRBL WPos updated: X=18.300 Y=1.440 Z=-0.236
[17:05:16.612] GRBL WPos updated: X=18.296 Y=1.440 Z=-0.236
[17:05:22.727] Applied camera settings: {'width': 900, 'height': 717, 'fps': 30, 'exposure': -7, 'gain': 52}
[17:05:22.735] Saved camera preset for Camera 0 (dshow)
[17:05:43.295] Saved camera preset for Camera 0 (dshow)
[17:05:45.666] Applied camera settings: {'width': 900, 'height': 717, 'fps': 60, 'exposure': -7, 'gain': 52}
[17:05:45.673] Saved camera preset for Camera 0 (dshow)
[17:06:02.704] BUTTON command sent: '$H'
[17:06:02.964] GRBL WPos updated: X=18.296 Y=1.440 Z=0.740
[17:06:03.063] GRBL WPos updated: X=18.296 Y=1.440 Z=0.708
[17:06:03.222] GRBL WPos updated: X=18.296 Y=1.440 Z=0.668
[17:06:03.317] GRBL WPos updated: X=18.296 Y=1.440 Z=0.376
[17:06:03.413] GRBL WPos updated: X=18.296 Y=1.440 Z=-0.036
[17:06:03.513] GRBL WPos updated: X=18.296 Y=1.440 Z=-0.212
[17:06:03.621] GRBL WPos updated: X=18.296 Y=1.440 Z=-0.240
[17:06:03.718] GRBL WPos updated: X=18.296 Y=1.440 Z=-0.260
[17:06:06.553] GRBL command error: error:8\r\n<Alarm:8|MPos:646.576,69.832,-1.000,0.000,0.000|Bf:1000,1023|FS:0,0|Pn:XYZABP>\r\n
[17:06:06.664] GRBL command error: <Alarm:8|MPos:646.576,69.832,-1.000,0.000,0.000|Bf:1000,1023|FS:0,0|Pn:XYZABP>\r\nerror:8\r\n<Alarm:8|MPos:646.576,69.832,-1.000,0.000,0.000|Bf:1000,1023|FS:0,0|Pn:XYZABP>\r\n
[17:06:07.646] GRBL command error: error:8\r\n<Alarm:8|MPos:646.576,69.832,-1.000,0.000,0.000|Bf:1000,1023|FS:0,0|Pn:XYZABP|WCO:628.280,68.392,-0.740,0.000,0.000>\r\n
[17:06:07.842] GRBL command error: <Alarm:8|MPos:646.576,69.832,-1.000,0.000,0.000|Bf:1000,1023|FS:0,0|Pn:XYZABP>\r\nerror:8\r\n<Alarm:8|MPos:646.576,69.832,-1.000,0.000,0.000|Bf:1000,1023|FS:0,0|Pn:XYZABP>\r\n
[17:06:07.868] GRBL command error: <Alarm:8|MPos:646.576,69.832,-1.000,0.000,0.000|Bf:1000,1023|FS:0,0|Pn:XYZABP>\r\nerror:8\r\n<Alarm:8|MPos:646.576,69.832,-1.000,0.000,0.000|Bf:1000,1023|FS:0,0|Pn:XYZABP>\r\n
[17:06:07.975] GRBL command error: error:8\r\n<Alarm:8|MPos:646.576,69.832,-1.000,0.000,0.000|Bf:1000,1023|FS:0,0|Pn:XYZABP>\r\n
[17:06:08.547] GRBL command error: error:8\r\n<Alarm:8|MPos:646.576,69.832,-1.000,0.000,0.000|Bf:1000,1023|FS:0,0|Pn:XYZABP>\r\n
[17:06:08.662] GRBL command error: <Alarm:8|MPos:646.576,69.832,-1.000,0.000,0.000|Bf:1000,1023|FS:0,0|Pn:XYZABP>\r\nerror:8\r\n<Alarm:8|MPos:646.576,69.832,-1.000,0.000,0.000|Bf:1000,1023|FS:0,0|Pn:XYZABP>\r\n<Alarm:8|MPos:646.576,69.832,-1.000,0.000,0.000|Bf:1000,1023|FS:0,0|Pn:XYZABP>\r\n
[17:06:08.755] GRBL error response: error:8\r\n
[17:06:08.756] GRBL reply without MPos: error:8\r\n
[17:06:08.849] GRBL command error: <Alarm:8|MPos:646.576,69.832,-1.000,0.000,0.000|Bf:1000,1023|FS:0,0|Pn:XYZABP>\r\n<Alarm:8|MPos:646.576,69.832,-1.000,0.000,0.000|Bf:1000,1023|FS:0,0|Pn:XYZABP|Ov:100,100,100>\r\nerror:8\r\n
[17:06:08.959] GRBL command error: <Alarm:8|MPos:646.576,69.832,-1.000,0.000,0.000|Bf:1000,1023|FS:0,0|Pn:XYZABP|WCO:628.280,68.392,-0.740,0.000,0.000>\r\nerror:8\r\n<Alarm:8|MPos:646.576,69.832,-1.000,0.000,0.000|Bf:1000,1023|FS:0,0|Pn:XYZABP>\r\n<Alarm:8|MPos:646.576,69.832,-1.000,0.000,0.000|Bf:1000,1023|FS:0,0|Pn:XYZABP>\r\n
[17:06:10.869] RESET ALARM: sent $X to GRBL
[17:06:12.578] GRBL WPos updated: X=18.296 Y=1.444 Z=-0.260
[17:06:12.679] GRBL WPos updated: X=18.296 Y=1.452 Z=-0.260
[17:06:12.791] GRBL WPos updated: X=18.296 Y=1.576 Z=-0.260
[17:06:12.907] GRBL WPos updated: X=18.296 Y=1.724 Z=-0.260
[17:06:13.092] GRBL WPos updated: X=18.296 Y=1.728 Z=-0.260
[17:06:13.492] GRBL WPos updated: X=18.296 Y=1.756 Z=-0.260
[17:06:13.580] GRBL reply without MPos: ok\r\n
[17:06:13.684] GRBL WPos updated: X=18.296 Y=2.108 Z=-0.260
[17:06:13.783] GRBL WPos updated: X=18.296 Y=2.500 Z=-0.260
[17:06:13.892] GRBL WPos updated: X=18.296 Y=2.552 Z=-0.260
[17:06:13.994] GRBL WPos updated: X=18.296 Y=2.624 Z=-0.260
[17:06:14.887] GRBL reply without MPos: ok\r\n
[17:06:14.996] GRBL WPos updated: X=18.296 Y=2.644 Z=-0.260
[17:06:15.095] GRBL WPos updated: X=18.296 Y=2.704 Z=-0.260
[17:06:15.846] GRBL reply without MPos: ok\r\n
[17:06:16.092] GRBL WPos updated: X=18.296 Y=2.824 Z=-0.260
[17:06:17.013] GRBL WPos updated: X=18.296 Y=2.840 Z=-0.260
[17:06:17.110] GRBL WPos updated: X=18.296 Y=3.028 Z=-0.260
[17:06:17.220] GRBL WPos updated: X=18.296 Y=3.448 Z=-0.260
[17:06:17.303] GRBL reply without MPos: ok\r\n
[17:06:17.410] GRBL WPos updated: X=18.296 Y=3.888 Z=-0.260
[17:06:17.526] GRBL WPos updated: X=18.296 Y=4.432 Z=-0.260
[17:06:17.619] GRBL reply without MPos: ok\r\n
[17:06:17.718] GRBL WPos updated: X=18.296 Y=5.856 Z=-0.260
[17:06:17.816] GRBL WPos updated: X=18.296 Y=7.304 Z=-0.260
[17:06:17.924] GRBL reply without MPos: ok\r\n
[17:06:18.048] GRBL WPos updated: X=18.296 Y=8.384 Z=-0.260
[17:06:18.228] GRBL WPos updated: X=18.296 Y=9.808 Z=-0.260
[17:06:18.261] GRBL WPos updated: X=18.296 Y=11.060 Z=-0.260
[17:06:18.409] GRBL WPos updated: X=18.296 Y=11.192 Z=-0.260
[17:06:18.531] GRBL reply without MPos: ok\r\n
[17:06:18.631] GRBL WPos updated: X=18.296 Y=13.452 Z=-0.260
[17:06:18.724] GRBL WPos updated: X=18.296 Y=14.816 Z=-0.260
[17:06:18.819] GRBL reply without MPos: ok\r\n
[17:06:18.933] GRBL WPos updated: X=18.296 Y=15.848 Z=-0.260
[17:06:19.029] GRBL WPos updated: X=18.296 Y=17.324 Z=-0.260
[17:06:19.135] GRBL reply without MPos: ok\r\n
[17:06:19.239] GRBL WPos updated: X=18.296 Y=18.496 Z=-0.260
[17:06:19.358] GRBL WPos updated: X=18.296 Y=19.828 Z=-0.260
[17:06:19.510] GRBL WPos updated: X=18.296 Y=21.080 Z=-0.260
[17:06:19.636] GRBL WPos updated: X=18.296 Y=21.632 Z=-0.260
[17:06:19.684] GRBL reply without MPos: ok\r\n
[17:06:19.827] GRBL WPos updated: X=18.296 Y=23.068 Z=-0.260
[17:06:19.942] GRBL WPos updated: X=18.296 Y=24.836 Z=-0.260
[17:06:20.035] GRBL reply without MPos: ok\r\n
[17:06:20.132] GRBL WPos updated: X=18.296 Y=26.008 Z=-0.260
[17:06:20.246] GRBL WPos updated: X=18.296 Y=27.344 Z=-0.260
[17:06:20.340] GRBL reply without MPos: ok\r\n
[17:06:20.441] GRBL WPos updated: X=18.296 Y=28.548 Z=-0.260
[17:06:20.637] GRBL WPos updated: X=18.296 Y=29.848 Z=-0.260
[17:06:20.668] GRBL WPos updated: X=18.296 Y=31.032 Z=-0.260
[17:06:20.834] GRBL WPos updated: X=18.296 Y=32.352 Z=-0.260
[17:06:20.950] GRBL WPos updated: X=18.296 Y=32.684 Z=-0.260
[17:06:20.996] GRBL reply without MPos: ok\r\n
[17:06:21.140] GRBL WPos updated: X=18.296 Y=34.036 Z=-0.260
[17:06:21.253] GRBL WPos updated: X=18.296 Y=36.112 Z=-0.260
[17:06:21.347] GRBL reply without MPos: ok\r\n
[17:06:21.446] GRBL WPos updated: X=18.296 Y=36.956 Z=-0.260
[17:06:21.541] GRBL reply without MPos: ok\r\n
[17:06:21.643] GRBL WPos updated: X=18.296 Y=38.580 Z=-0.260
[17:06:21.846] GRBL WPos updated: X=18.296 Y=39.428 Z=-0.260
[17:06:21.874] GRBL WPos updated: X=18.296 Y=40.952 Z=-0.260
[17:06:21.987] GRBL WPos updated: X=18.296 Y=41.728 Z=-0.260
[17:06:22.136] GRBL WPos updated: X=18.296 Y=41.812 Z=-0.260
[17:06:22.232] GRBL WPos updated: X=18.296 Y=42.412 Z=-0.260
[17:06:22.354] GRBL WPos updated: X=18.296 Y=42.708 Z=-0.260
[17:06:22.445] GRBL WPos updated: X=18.296 Y=42.952 Z=-0.260
[17:06:22.546] GRBL WPos updated: X=18.296 Y=43.036 Z=-0.260
[17:06:22.661] GRBL WPos updated: X=18.296 Y=43.044 Z=-0.260
[17:06:24.380] GRBL reply without MPos: ok\r\n
[17:06:24.496] GRBL WPos updated: X=18.296 Y=42.992 Z=-0.260
[17:06:24.608] GRBL WPos updated: X=18.296 Y=42.696 Z=-0.260
[17:06:24.771] GRBL WPos updated: X=18.296 Y=42.188 Z=-0.260
[17:06:24.869] GRBL WPos updated: X=18.296 Y=41.844 Z=-0.260
[17:06:24.963] GRBL reply without MPos: ok\r\n
[17:06:25.078] GRBL WPos updated: X=18.296 Y=40.712 Z=-0.260
[17:06:25.164] GRBL WPos updated: X=18.296 Y=39.304 Z=-0.260
[17:06:25.266] GRBL reply without MPos: ok\r\n
[17:06:25.381] GRBL WPos updated: X=18.296 Y=38.308 Z=-0.260
[17:06:25.477] GRBL WPos updated: X=18.296 Y=36.816 Z=-0.260
[17:06:25.585] GRBL reply without MPos: ok\r\n
[17:06:25.691] GRBL WPos updated: X=18.296 Y=35.636 Z=-0.260
[17:06:25.810] GRBL WPos updated: X=18.296 Y=34.312 Z=-0.260
[17:06:25.915] GRBL WPos updated: X=18.296 Y=33.060 Z=-0.260
[17:06:26.085] GRBL WPos updated: X=18.296 Y=32.900 Z=-0.260
[17:06:26.169] GRBL reply without MPos: ok\r\n
[17:06:26.273] GRBL WPos updated: X=18.296 Y=30.768 Z=-0.260
[17:06:26.390] GRBL WPos updated: X=18.296 Y=29.300 Z=-0.260
[17:06:26.484] GRBL reply without MPos: ok\r\n
[17:06:26.582] GRBL WPos updated: X=18.296 Y=28.136 Z=-0.260
[17:06:26.682] GRBL WPos updated: X=18.296 Y=26.796 Z=-0.260
[17:06:26.787] GRBL reply without MPos: ok\r\n
[17:06:26.896] GRBL WPos updated: X=18.296 Y=25.608 Z=-0.260
[17:06:27.093] GRBL WPos updated: X=18.296 Y=24.292 Z=-0.260
[17:06:27.112] GRBL WPos updated: X=18.296 Y=23.040 Z=-0.260
[17:06:27.222] GRBL reply without MPos: ok\r\n
[17:06:27.396] GRBL WPos updated: X=18.296 Y=21.984 Z=-0.260
[17:06:27.491] GRBL reply without MPos: ok\r\n
[17:06:27.590] GRBL WPos updated: X=18.296 Y=19.732 Z=-0.260
[17:06:27.676] GRBL reply without MPos: ok\r\n
[17:06:27.785] GRBL WPos updated: X=18.296 Y=18.188 Z=-0.260
[17:06:27.895] GRBL WPos updated: X=18.296 Y=17.276 Z=-0.260
[17:06:28.003] GRBL WPos updated: X=18.296 Y=15.524 Z=-0.260
[17:06:28.114] GRBL WPos updated: X=18.296 Y=15.456 Z=-0.260
[17:06:28.293] GRBL WPos updated: X=18.296 Y=14.272 Z=-0.260
[17:06:28.405] GRBL WPos updated: X=18.296 Y=13.020 Z=-0.260
[17:06:28.501] GRBL WPos updated: X=18.296 Y=11.764 Z=-0.260
[17:06:28.564] GRBL reply without MPos: ok\r\n
[17:06:28.692] GRBL WPos updated: X=18.296 Y=10.764 Z=-0.260
[17:06:28.795] GRBL WPos updated: X=18.296 Y=9.260 Z=-0.260
[17:06:28.897] GRBL WPos updated: X=18.296 Y=8.008 Z=-0.260
[17:06:29.003] GRBL reply without MPos: ok\r\n
[17:06:29.113] GRBL WPos updated: X=18.296 Y=7.112 Z=-0.260
[17:06:29.237] GRBL WPos updated: X=18.296 Y=5.504 Z=-0.260
[17:06:29.407] GRBL WPos updated: X=18.296 Y=5.148 Z=-0.260
[17:06:29.506] GRBL WPos updated: X=18.296 Y=3.736 Z=-0.260
[17:06:29.603] GRBL WPos updated: X=18.296 Y=2.908 Z=-0.260
[17:06:29.703] GRBL WPos updated: X=18.296 Y=2.104 Z=-0.260
[17:06:29.812] GRBL WPos updated: X=18.296 Y=0.492 Z=-0.260
[17:06:29.896] GRBL reply without MPos: ok\r\n
[17:06:30.004] GRBL WPos updated: X=18.296 Y=-0.360 Z=-0.260
[17:06:30.112] GRBL WPos updated: X=18.296 Y=-1.256 Z=-0.260
[17:06:30.224] GRBL WPos updated: X=18.296 Y=-2.156 Z=-0.260
[17:06:30.400] GRBL WPos updated: X=18.296 Y=-3.076 Z=-0.260
[17:06:30.519] GRBL WPos updated: X=18.296 Y=-4.548 Z=-0.260
[17:06:30.551] GRBL WPos updated: X=18.296 Y=-5.768 Z=-0.260
[17:06:30.708] GRBL WPos updated: X=18.296 Y=-5.812 Z=-0.260
[17:06:30.817] GRBL reply without MPos: ok\r\n
[17:06:30.916] GRBL WPos updated: X=18.296 Y=-8.052 Z=-0.260
[17:06:31.001] GRBL WPos updated: X=18.296 Y=-9.528 Z=-0.260
[17:06:31.121] GRBL WPos updated: X=18.296 Y=-9.580 Z=-0.260
[17:06:31.224] GRBL WPos updated: X=18.296 Y=-10.576 Z=-0.260
[17:06:31.339] GRBL WPos updated: X=18.296 Y=-11.436 Z=-0.260
[17:06:31.523] GRBL WPos updated: X=18.296 Y=-13.284 Z=-0.260
[17:06:31.556] GRBL WPos updated: X=18.296 Y=-13.936 Z=-0.260
[17:06:31.668] GRBL WPos updated: X=18.296 Y=-14.536 Z=-0.260
[17:06:31.825] GRBL WPos updated: X=18.296 Y=-15.788 Z=-0.260
[17:06:31.924] GRBL WPos updated: X=18.296 Y=-16.460 Z=-0.260
[17:06:32.020] GRBL reply without MPos: ok\r\n
[17:06:32.121] GRBL WPos updated: X=18.296 Y=-18.080 Z=-0.260
[17:06:32.226] GRBL WPos updated: X=18.296 Y=-19.548 Z=-0.260
[17:06:32.322] GRBL WPos updated: X=18.296 Y=-19.808 Z=-0.260
[17:06:32.427] GRBL WPos updated: X=18.296 Y=-20.800 Z=-0.260
[17:06:32.535] GRBL WPos updated: X=18.296 Y=-22.052 Z=-0.260
[17:06:32.645] GRBL reply without MPos: ok\r\n
[17:06:32.836] GRBL WPos updated: X=18.296 Y=-23.304 Z=-0.260
[17:06:32.863] GRBL reply without MPos: ok\r\n
[17:06:33.029] GRBL WPos updated: X=18.296 Y=-25.128 Z=-0.260
[17:06:33.122] GRBL WPos updated: X=18.296 Y=-27.064 Z=-0.260
[17:06:33.224] GRBL WPos updated: X=18.296 Y=-27.292 Z=-0.260
[17:06:33.334] GRBL WPos updated: X=18.296 Y=-28.136 Z=-0.260
[17:06:33.428] GRBL WPos updated: X=18.296 Y=-29.452 Z=-0.260
[17:06:33.543] GRBL WPos updated: X=18.296 Y=-30.332 Z=-0.260
[17:06:33.638] GRBL WPos updated: X=18.296 Y=-30.360 Z=-0.260
[17:06:33.738] GRBL WPos updated: X=18.296 Y=-31.044 Z=-0.260
[17:06:33.848] GRBL WPos updated: X=18.296 Y=-31.500 Z=-0.260
[17:06:33.961] GRBL WPos updated: X=18.296 Y=-31.692 Z=-0.260
[17:06:34.128] GRBL WPos updated: X=18.296 Y=-31.732 Z=-0.260
[17:06:34.242] GRBL WPos updated: X=18.296 Y=-31.760 Z=-0.260
[17:06:39.446] Saved profile to E:\PROGRAM\ProbeCAM-CNC\.git\ProbeCAM-CNC\data\probe_cam_profile.json
[17:06:39.458] Failed to read camera frame
[17:08:07.782] Detected cameras: ['Camera 0 (dshow)']
[17:08:07.788] Detected serial ports: ['COM1', 'COM4', 'COM3', 'COM5']
[17:08:07.793] Loaded profile from E:\PROGRAM\ProbeCAM-CNC\.git\ProbeCAM-CNC\data\probe_cam_profile.json
[17:08:07.793] Application initialized. Load a profile or start scanning cameras.
[17:08:07.810] Connected to COM5 at 115200 baud; status polling started
[17:08:07.923] GRBL WPos updated: X=646.576 Y=36.632 Z=-1.000
[17:08:08.141] GRBL WPos updated: X=18.296 Y=-31.760 Z=-0.260
[17:08:08.321] Motion controller disconnected
[17:08:08.324] Saved profile to E:\PROGRAM\ProbeCAM-CNC\.git\ProbeCAM-CNC\data\probe_cam_profile.json
[17:13:45.106] Detected cameras: ['Camera 0 (dshow)']
[17:13:45.112] Detected serial ports: ['COM1', 'COM4', 'COM3', 'COM5']
[17:13:45.113] Loaded profile from E:\PROGRAM\ProbeCAM-CNC\.git\ProbeCAM-CNC\data\probe_cam_profile.json
[17:13:45.113] Application initialized. Load a profile or start scanning cameras.
[17:13:49.532] Connected to COM5 at 115200 baud; status polling started
[17:13:49.643] GRBL WPos updated: X=18.296 Y=-31.760 Z=-0.260
[17:13:54.795] Applied camera settings: {'width': 900, 'height': 717, 'fps': 60, 'exposure': -7, 'gain': 52}
[17:13:54.798] Camera started: Camera 0 (dshow)
[17:14:07.200] BUTTON command sent: 'G91\nG0 X0.01 F600\nG90'
[17:14:07.402] GRBL WPos updated: X=18.308 Y=-31.760 Z=-0.260
[17:14:07.901] BUTTON command sent: 'G91\nG0 X0.01 F600\nG90'
[17:14:08.136] GRBL WPos updated: X=18.316 Y=-31.760 Z=-0.260
[17:14:09.823] BUTTON command sent: 'G91\nG0 X0.01 F600\nG90'
[17:14:10.027] GRBL WPos updated: X=18.324 Y=-31.760 Z=-0.260
[17:14:10.125] GRBL WPos updated: X=18.328 Y=-31.760 Z=-0.260
[17:14:10.618] BUTTON command sent: 'G91\nG0 X0.01 F600\nG90'
[17:14:10.768] GRBL WPos updated: X=18.336 Y=-31.760 Z=-0.260
[17:14:11.325] BUTTON command sent: 'G91\nG0 X0.01 F600\nG90'
[17:14:11.533] GRBL WPos updated: X=18.348 Y=-31.760 Z=-0.260
[17:14:12.239] BUTTON command sent: 'G91\nG0 X0.01 F600\nG90'
[17:14:12.441] GRBL WPos updated: X=18.356 Y=-31.760 Z=-0.260
[17:14:14.860] BUTTON command sent: 'G91\nG0 X0.01 F600\nG90'
[17:14:15.053] GRBL WPos updated: X=18.368 Y=-31.760 Z=-0.260
[17:14:15.658] BUTTON command sent: 'G91\nG0 X0.01 F600\nG90'
[17:14:15.866] GRBL WPos updated: X=18.376 Y=-31.760 Z=-0.260
[17:14:17.272] RESET ALARM: sent $X to GRBL
[17:14:18.465] BUTTON command sent: 'G91\nG0 Y-0.01 F600\nG90'
[17:14:18.683] GRBL WPos updated: X=18.376 Y=-31.768 Z=-0.260
[17:14:19.085] BUTTON command sent: 'G91\nG0 Y-0.01 F600\nG90'
[17:14:19.317] GRBL WPos updated: X=18.376 Y=-31.780 Z=-0.260
[17:14:20.003] BUTTON command sent: 'G91\nG0 Y-0.01 F600\nG90'
[17:14:20.198] GRBL WPos updated: X=18.376 Y=-31.788 Z=-0.260
[17:14:20.221] BUTTON command sent: 'G91\nG0 Y-0.01 F600\nG90'
[17:14:20.404] BUTTON command sent: 'G91\nG0 Y-0.01 F600\nG90'
[17:14:20.411] GRBL WPos updated: X=18.376 Y=-31.796 Z=-0.260
[17:14:20.603] GRBL WPos updated: X=18.376 Y=-31.800 Z=-0.260
[17:14:20.608] BUTTON command sent: 'G91\nG0 Y-0.01 F600\nG90'
[17:14:20.629] GRBL WPos updated: X=18.376 Y=-31.808 Z=-0.260
[17:14:20.796] BUTTON command sent: 'G91\nG0 Y-0.01 F600\nG90'
[17:14:20.900] GRBL WPos updated: X=18.376 Y=-31.820 Z=-0.260
[17:14:20.994] GRBL WPos updated: X=18.376 Y=-31.828 Z=-0.260
[17:14:20.998] BUTTON command sent: 'G91\nG0 Y-0.01 F600\nG90'
[17:14:21.184] GRBL WPos updated: X=18.376 Y=-31.840 Z=-0.260
[17:14:21.186] BUTTON command sent: 'G91\nG0 Y-0.01 F600\nG90'
[17:14:21.404] GRBL WPos updated: X=18.376 Y=-31.848 Z=-0.260
[17:14:22.909] BUTTON command sent: 'G91\nG0 Y-0.01 F600\nG90'
[17:14:23.114] GRBL WPos updated: X=18.376 Y=-31.860 Z=-0.260
[17:14:24.926] GRBL WPos updated: X=18.376 Y=-31.868 Z=-0.260
[17:14:25.034] GRBL WPos updated: X=18.376 Y=-31.880 Z=-0.260
[17:14:25.143] GRBL WPos updated: X=18.376 Y=-31.888 Z=-0.260
[17:14:25.340] GRBL WPos updated: X=18.376 Y=-31.900 Z=-0.260
[17:14:25.362] GRBL WPos updated: X=18.376 Y=-31.908 Z=-0.260
[17:14:25.625] GRBL WPos updated: X=18.376 Y=-31.924 Z=-0.260
[17:14:25.738] GRBL WPos updated: X=18.376 Y=-31.940 Z=-0.260
[17:14:25.837] GRBL WPos updated: X=18.376 Y=-31.948 Z=-0.260
[17:14:25.932] GRBL WPos updated: X=18.376 Y=-31.960 Z=-0.260
[17:14:26.035] GRBL WPos updated: X=18.376 Y=-31.968 Z=-0.260
[17:14:26.133] GRBL WPos updated: X=18.376 Y=-31.976 Z=-0.260
[17:14:26.240] GRBL WPos updated: X=18.376 Y=-31.988 Z=-0.260
[17:14:26.468] GRBL WPos updated: X=18.376 Y=-32.004 Z=-0.260
[17:14:26.632] GRBL WPos updated: X=18.376 Y=-32.008 Z=-0.260
[17:14:26.747] GRBL WPos updated: X=18.376 Y=-32.028 Z=-0.260
[17:14:26.795] GRBL WPos updated: X=18.376 Y=-32.040 Z=-0.260
[17:14:26.933] GRBL WPos updated: X=18.376 Y=-32.044 Z=-0.260
[17:14:27.051] GRBL WPos updated: X=18.376 Y=-32.060 Z=-0.260
[17:14:27.137] GRBL WPos updated: X=18.376 Y=-32.068 Z=-0.260
[17:14:27.240] GRBL WPos updated: X=18.376 Y=-32.076 Z=-0.260
[17:14:27.355] GRBL WPos updated: X=18.376 Y=-32.088 Z=-0.260
[17:14:27.452] GRBL WPos updated: X=18.376 Y=-32.096 Z=-0.260
[17:14:27.643] GRBL WPos updated: X=18.376 Y=-32.108 Z=-0.260
[17:14:27.657] GRBL WPos updated: X=18.376 Y=-32.120 Z=-0.260
[17:14:27.948] GRBL WPos updated: X=18.376 Y=-32.128 Z=-0.260
[17:14:28.059] GRBL WPos updated: X=18.376 Y=-32.148 Z=-0.260
[17:14:28.106] GRBL WPos updated: X=18.376 Y=-32.160 Z=-0.260
[17:14:28.240] GRBL WPos updated: X=18.376 Y=-32.164 Z=-0.260
[17:14:28.343] GRBL WPos updated: X=18.376 Y=-32.176 Z=-0.260
[17:14:28.459] GRBL WPos updated: X=18.376 Y=-32.188 Z=-0.260
[17:14:28.556] GRBL WPos updated: X=18.376 Y=-32.200 Z=-0.260
[17:14:28.651] GRBL WPos updated: X=18.376 Y=-32.208 Z=-0.260
[17:14:28.763] GRBL WPos updated: X=18.376 Y=-32.216 Z=-0.260
[17:14:28.861] GRBL WPos updated: X=18.376 Y=-32.220 Z=-0.260
[17:14:28.978] GRBL WPos updated: X=18.376 Y=-32.228 Z=-0.260
[17:14:29.086] GRBL WPos updated: X=18.376 Y=-32.244 Z=-0.260
[17:14:29.259] GRBL WPos updated: X=18.376 Y=-32.248 Z=-0.260
[17:14:29.345] GRBL WPos updated: X=18.376 Y=-32.268 Z=-0.260
[17:14:29.465] GRBL WPos updated: X=18.376 Y=-32.276 Z=-0.260
[17:14:29.557] GRBL WPos updated: X=18.376 Y=-32.288 Z=-0.260
[17:14:29.657] GRBL WPos updated: X=18.376 Y=-32.300 Z=-0.260
[17:14:29.772] GRBL WPos updated: X=18.376 Y=-32.308 Z=-0.260
[17:14:29.863] GRBL WPos updated: X=18.376 Y=-32.320 Z=-0.260
[17:14:29.963] GRBL WPos updated: X=18.376 Y=-32.328 Z=-0.260
[17:14:30.076] GRBL WPos updated: X=18.376 Y=-32.336 Z=-0.260
[17:14:30.174] GRBL WPos updated: X=18.376 Y=-32.340 Z=-0.260
[17:14:30.284] GRBL WPos updated: X=18.376 Y=-32.348 Z=-0.260
[17:14:30.394] GRBL WPos updated: X=18.376 Y=-32.364 Z=-0.260
[17:14:30.570] GRBL WPos updated: X=18.376 Y=-32.368 Z=-0.260
[17:14:30.668] GRBL WPos updated: X=18.376 Y=-32.388 Z=-0.260
[17:14:30.779] GRBL WPos updated: X=18.376 Y=-32.400 Z=-0.260
[17:14:30.876] GRBL WPos updated: X=18.376 Y=-32.408 Z=-0.260
[17:14:30.970] GRBL WPos updated: X=18.376 Y=-32.420 Z=-0.260
[17:14:31.068] GRBL WPos updated: X=18.376 Y=-32.428 Z=-0.260
[17:14:31.180] GRBL WPos updated: X=18.376 Y=-32.440 Z=-0.260
[17:14:31.276] GRBL WPos updated: X=18.376 Y=-32.448 Z=-0.260
[17:14:31.377] GRBL WPos updated: X=18.376 Y=-32.456 Z=-0.260
[17:14:31.489] GRBL WPos updated: X=18.376 Y=-32.460 Z=-0.260
[17:14:31.598] GRBL WPos updated: X=18.376 Y=-32.468 Z=-0.260
[17:14:31.710] GRBL WPos updated: X=18.376 Y=-32.480 Z=-0.260
[17:14:31.883] GRBL WPos updated: X=18.376 Y=-32.488 Z=-0.260
[17:14:31.979] GRBL WPos updated: X=18.376 Y=-32.508 Z=-0.260
[17:14:32.073] GRBL WPos updated: X=18.376 Y=-32.520 Z=-0.260
[17:14:32.189] GRBL WPos updated: X=18.376 Y=-32.528 Z=-0.260
[17:14:32.284] GRBL WPos updated: X=18.376 Y=-32.540 Z=-0.260
[17:14:32.378] GRBL WPos updated: X=18.376 Y=-32.548 Z=-0.260
[17:14:32.493] GRBL WPos updated: X=18.376 Y=-32.560 Z=-0.260
[17:14:32.597] GRBL WPos updated: X=18.376 Y=-32.568 Z=-0.260
[17:14:32.798] GRBL WPos updated: X=18.376 Y=-32.580 Z=-0.260
[17:14:32.816] GRBL WPos updated: X=18.376 Y=-32.588 Z=-0.260
[17:14:33.083] GRBL WPos updated: X=18.376 Y=-32.604 Z=-0.260
[17:14:33.195] GRBL WPos updated: X=18.376 Y=-32.620 Z=-0.260
[17:14:33.290] GRBL WPos updated: X=18.376 Y=-32.628 Z=-0.260
[17:14:33.385] GRBL WPos updated: X=18.376 Y=-32.640 Z=-0.260
[17:14:33.500] GRBL WPos updated: X=18.376 Y=-32.648 Z=-0.260
[17:14:33.597] GRBL WPos updated: X=18.376 Y=-32.660 Z=-0.260
[17:14:33.691] GRBL WPos updated: X=18.376 Y=-32.668 Z=-0.260
[17:14:33.798] GRBL WPos updated: X=18.376 Y=-32.680 Z=-0.260
[17:14:33.906] GRBL WPos updated: X=18.376 Y=-32.688 Z=-0.260
[17:14:34.094] GRBL WPos updated: X=18.376 Y=-32.700 Z=-0.260
[17:14:34.203] GRBL WPos updated: X=18.376 Y=-32.708 Z=-0.260
[17:14:34.694] GRBL WPos updated: X=18.376 Y=-32.716 Z=-0.260
[17:14:34.788] GRBL WPos updated: X=18.376 Y=-32.724 Z=-0.260
[17:14:34.896] GRBL WPos updated: X=18.376 Y=-32.732 Z=-0.260
[17:14:35.001] GRBL WPos updated: X=18.376 Y=-32.736 Z=-0.260
[17:14:35.212] GRBL WPos updated: X=18.376 Y=-32.748 Z=-0.260
[17:14:35.222] GRBL WPos updated: X=18.376 Y=-32.756 Z=-0.260
[17:14:35.708] GRBL WPos updated: X=18.376 Y=-32.764 Z=-0.260
[17:14:35.906] GRBL WPos updated: X=18.376 Y=-32.776 Z=-0.260
[17:14:36.007] GRBL WPos updated: X=18.376 Y=-32.784 Z=-0.260
[17:14:36.108] GRBL WPos updated: X=18.376 Y=-32.796 Z=-0.260
[17:14:36.221] GRBL WPos updated: X=18.376 Y=-32.804 Z=-0.260
[17:14:36.317] GRBL WPos updated: X=18.376 Y=-32.816 Z=-0.260
[17:14:36.499] GRBL WPos updated: X=18.376 Y=-32.824 Z=-0.260
[17:14:36.619] GRBL WPos updated: X=18.376 Y=-32.844 Z=-0.260
[17:14:37.966] GRBL WPos updated: X=18.376 Y=-32.856 Z=-0.260
[17:14:38.731] GRBL WPos updated: X=18.376 Y=-32.864 Z=-0.260
[17:14:38.833] GRBL WPos updated: X=18.376 Y=-32.876 Z=-0.260
[17:14:39.222] GRBL WPos updated: X=18.376 Y=-32.884 Z=-0.260
[17:14:39.435] GRBL WPos updated: X=18.376 Y=-32.888 Z=-0.260
[17:14:39.531] GRBL WPos updated: X=18.376 Y=-32.904 Z=-0.260
[17:14:40.147] GRBL WPos updated: X=18.384 Y=-32.904 Z=-0.260
[17:14:40.256] GRBL WPos updated: X=18.388 Y=-32.904 Z=-0.260
[17:14:40.839] GRBL WPos updated: X=18.400 Y=-32.904 Z=-0.260
[17:14:40.939] GRBL WPos updated: X=18.408 Y=-32.904 Z=-0.260
[17:14:41.672] GRBL WPos updated: X=18.420 Y=-32.904 Z=-0.260
[17:14:41.851] GRBL WPos updated: X=18.428 Y=-32.904 Z=-0.260
[17:14:42.458] GRBL WPos updated: X=18.440 Y=-32.904 Z=-0.260
[17:14:43.260] GRBL WPos updated: X=18.448 Y=-32.904 Z=-0.260
[17:14:43.373] GRBL WPos updated: X=18.460 Y=-32.904 Z=-0.260
[17:14:43.562] GRBL WPos updated: X=18.468 Y=-32.904 Z=-0.260
[17:14:43.771] GRBL WPos updated: X=18.476 Y=-32.904 Z=-0.260
[17:14:43.867] GRBL WPos updated: X=18.480 Y=-32.904 Z=-0.260
[17:14:43.974] GRBL WPos updated: X=18.492 Y=-32.904 Z=-0.260
[17:14:44.193] GRBL WPos updated: X=18.504 Y=-32.904 Z=-0.260
[17:14:44.304] GRBL WPos updated: X=18.512 Y=-32.904 Z=-0.260
[17:14:44.564] GRBL WPos updated: X=18.524 Y=-32.904 Z=-0.260
[17:14:44.667] GRBL WPos updated: X=18.532 Y=-32.904 Z=-0.260
[17:14:44.779] GRBL WPos updated: X=18.544 Y=-32.904 Z=-0.260
[17:14:44.875] GRBL WPos updated: X=18.556 Y=-32.904 Z=-0.260
[17:14:44.967] GRBL WPos updated: X=18.564 Y=-32.904 Z=-0.260
[17:14:45.177] GRBL WPos updated: X=18.572 Y=-32.904 Z=-0.260
[17:14:45.283] GRBL WPos updated: X=18.588 Y=-32.904 Z=-0.260
[17:14:46.088] GRBL WPos updated: X=18.588 Y=-32.896 Z=-0.260
[17:14:46.284] GRBL WPos updated: X=18.588 Y=-32.884 Z=-0.260
[17:14:46.485] GRBL WPos updated: X=18.588 Y=-32.876 Z=-0.260
[17:14:46.706] GRBL WPos updated: X=18.588 Y=-32.864 Z=-0.260
[17:14:46.816] GRBL WPos updated: X=18.588 Y=-32.856 Z=-0.260
[17:14:47.099] GRBL WPos updated: X=18.588 Y=-32.848 Z=-0.260
[17:14:47.157] GRBL WPos updated: X=18.588 Y=-32.836 Z=-0.260
[17:14:47.280] GRBL WPos updated: X=18.588 Y=-32.832 Z=-0.260
[17:14:47.384] GRBL WPos updated: X=18.588 Y=-32.820 Z=-0.260
[17:14:47.499] GRBL WPos updated: X=18.588 Y=-32.808 Z=-0.260
[17:14:47.918] GRBL WPos updated: X=18.600 Y=-32.808 Z=-0.260
[17:14:48.108] GRBL WPos updated: X=18.608 Y=-32.808 Z=-0.260
[17:14:48.203] GRBL WPos updated: X=18.620 Y=-32.808 Z=-0.260
[17:14:48.235] GRBL WPos updated: X=18.628 Y=-32.808 Z=-0.260
[17:14:48.509] GRBL WPos updated: X=18.640 Y=-32.808 Z=-0.260
[17:14:49.004] GRBL WPos updated: X=18.632 Y=-32.808 Z=-0.260
[17:14:49.221] GRBL WPos updated: X=18.620 Y=-32.808 Z=-0.260
[17:14:49.506] GRBL WPos updated: X=18.612 Y=-32.808 Z=-0.260
[17:14:49.612] GRBL WPos updated: X=18.604 Y=-32.808 Z=-0.260
[17:14:49.708] GRBL WPos updated: X=18.592 Y=-32.808 Z=-0.260
[17:14:57.552] GRBL WPos updated: X=18.592 Y=-32.800 Z=-0.260
[17:14:58.256] GRBL WPos updated: X=18.592 Y=-32.792 Z=-0.260
[17:14:58.368] GRBL WPos updated: X=18.592 Y=-32.784 Z=-0.260
[17:14:58.464] GRBL WPos updated: X=18.592 Y=-32.780 Z=-0.260
[17:14:58.672] GRBL WPos updated: X=18.592 Y=-32.772 Z=-0.260
[17:14:58.864] GRBL WPos updated: X=18.592 Y=-32.760 Z=-0.260
[17:14:59.078] GRBL WPos updated: X=18.592 Y=-32.748 Z=-0.260
[17:14:59.376] GRBL WPos updated: X=18.592 Y=-32.736 Z=-0.260
[17:14:59.410] GRBL WPos updated: X=18.592 Y=-32.728 Z=-0.260
[17:14:59.680] GRBL WPos updated: X=18.592 Y=-32.708 Z=-0.260
[17:15:00.188] GRBL WPos updated: X=18.592 Y=-32.696 Z=-0.260
[17:15:00.695] GRBL WPos updated: X=18.592 Y=-32.688 Z=-0.260
[17:15:00.976] GRBL WPos updated: X=18.592 Y=-32.676 Z=-0.260
[17:15:01.088] GRBL WPos updated: X=18.592 Y=-32.668 Z=-0.260
[17:15:01.184] GRBL WPos updated: X=18.592 Y=-32.656 Z=-0.260
[17:15:01.281] GRBL WPos updated: X=18.592 Y=-32.648 Z=-0.260
[17:15:01.488] GRBL WPos updated: X=18.592 Y=-32.636 Z=-0.260
[17:15:01.599] GRBL WPos updated: X=18.592 Y=-32.628 Z=-0.260
[17:15:01.709] GRBL WPos updated: X=18.592 Y=-32.616 Z=-0.260
[17:15:01.899] GRBL WPos updated: X=18.592 Y=-32.608 Z=-0.260
[17:15:01.927] GRBL WPos updated: X=18.592 Y=-32.588 Z=-0.260
[17:15:02.192] GRBL WPos updated: X=18.592 Y=-32.572 Z=-0.260
[17:15:02.293] GRBL WPos updated: X=18.592 Y=-32.560 Z=-0.260
[17:15:02.401] GRBL WPos updated: X=18.592 Y=-32.548 Z=-0.260
[17:15:02.496] GRBL WPos updated: X=18.592 Y=-32.536 Z=-0.260
[17:15:02.592] GRBL WPos updated: X=18.592 Y=-32.528 Z=-0.260
[17:15:02.908] GRBL WPos updated: X=18.592 Y=-32.516 Z=-0.260
[17:15:03.029] GRBL WPos updated: X=18.592 Y=-32.496 Z=-0.260
[17:15:03.210] GRBL WPos updated: X=18.592 Y=-32.488 Z=-0.260
[17:15:03.303] GRBL WPos updated: X=18.592 Y=-32.468 Z=-0.260
[17:15:03.408] GRBL WPos updated: X=18.592 Y=-32.456 Z=-0.260
[17:15:03.516] GRBL WPos updated: X=18.592 Y=-32.448 Z=-0.260
[17:15:03.600] GRBL WPos updated: X=18.592 Y=-32.436 Z=-0.260
[17:15:03.707] GRBL WPos updated: X=18.592 Y=-32.428 Z=-0.260
[17:15:03.819] GRBL WPos updated: X=18.592 Y=-32.420 Z=-0.260
[17:15:03.904] GRBL WPos updated: X=18.592 Y=-32.408 Z=-0.260
[17:15:04.002] GRBL WPos updated: X=18.592 Y=-32.400 Z=-0.260
[17:15:04.114] GRBL WPos updated: X=18.592 Y=-32.396 Z=-0.260
[17:15:04.229] GRBL WPos updated: X=18.592 Y=-32.388 Z=-0.260
[17:15:04.342] GRBL WPos updated: X=18.592 Y=-32.376 Z=-0.260
[17:15:04.514] GRBL WPos updated: X=18.592 Y=-32.364 Z=-0.260
[17:15:04.618] GRBL WPos updated: X=18.592 Y=-32.348 Z=-0.260
[17:15:04.670] GRBL WPos updated: X=18.592 Y=-32.336 Z=-0.260
[17:15:04.827] GRBL WPos updated: X=18.592 Y=-32.332 Z=-0.260
[17:15:04.924] GRBL WPos updated: X=18.592 Y=-32.316 Z=-0.260
[17:15:05.022] GRBL WPos updated: X=18.592 Y=-32.308 Z=-0.260
[17:15:05.125] GRBL WPos updated: X=18.592 Y=-32.296 Z=-0.260
[17:15:05.229] GRBL WPos updated: X=18.592 Y=-32.288 Z=-0.260
[17:15:05.431] GRBL WPos updated: X=18.592 Y=-32.276 Z=-0.260
[17:15:05.534] GRBL WPos updated: X=18.592 Y=-32.264 Z=-0.260
[17:15:05.650] GRBL WPos updated: X=18.592 Y=-32.256 Z=-0.260
[17:15:05.834] GRBL WPos updated: X=18.592 Y=-32.244 Z=-0.260
[17:15:05.864] GRBL WPos updated: X=18.592 Y=-32.228 Z=-0.260
[17:15:06.139] GRBL WPos updated: X=18.592 Y=-32.212 Z=-0.260
[17:15:06.234] GRBL WPos updated: X=18.592 Y=-32.196 Z=-0.260
[17:15:06.332] GRBL WPos updated: X=18.592 Y=-32.188 Z=-0.260
[17:15:06.429] GRBL WPos updated: X=18.592 Y=-32.176 Z=-0.260
[17:15:06.533] GRBL WPos updated: X=18.592 Y=-32.168 Z=-0.260
[17:15:06.845] GRBL WPos updated: X=18.592 Y=-32.156 Z=-0.260
[17:15:09.363] GRBL WPos updated: X=18.604 Y=-32.156 Z=-0.260
[17:15:09.473] GRBL WPos updated: X=18.612 Y=-32.156 Z=-0.260
[17:15:09.582] GRBL WPos updated: X=18.624 Y=-32.156 Z=-0.260
[17:15:09.756] GRBL WPos updated: X=18.632 Y=-32.156 Z=-0.260
[17:15:09.848] GRBL WPos updated: X=18.644 Y=-32.156 Z=-0.260
[17:15:09.964] GRBL WPos updated: X=18.652 Y=-32.156 Z=-0.260
[17:15:10.061] GRBL WPos updated: X=18.664 Y=-32.156 Z=-0.260
[17:15:10.156] GRBL WPos updated: X=18.672 Y=-32.156 Z=-0.260
[17:15:10.265] GRBL WPos updated: X=18.684 Y=-32.156 Z=-0.260
[17:15:10.365] GRBL WPos updated: X=18.692 Y=-32.156 Z=-0.260
[17:15:10.462] GRBL WPos updated: X=18.704 Y=-32.156 Z=-0.260
[17:15:10.574] GRBL WPos updated: X=18.712 Y=-32.156 Z=-0.260
[17:15:10.765] GRBL WPos updated: X=18.724 Y=-32.156 Z=-0.260
[17:15:10.792] GRBL WPos updated: X=18.732 Y=-32.156 Z=-0.260
[17:15:11.069] GRBL WPos updated: X=18.748 Y=-32.156 Z=-0.260
[17:15:11.158] GRBL WPos updated: X=18.764 Y=-32.156 Z=-0.260
[17:15:11.277] GRBL WPos updated: X=18.772 Y=-32.156 Z=-0.260
[17:15:11.373] GRBL WPos updated: X=18.784 Y=-32.156 Z=-0.260
[17:15:11.564] GRBL WPos updated: X=18.792 Y=-32.156 Z=-0.260
[17:15:11.665] GRBL WPos updated: X=18.804 Y=-32.156 Z=-0.260
[17:15:11.775] GRBL WPos updated: X=18.812 Y=-32.156 Z=-0.260
[17:15:11.882] GRBL WPos updated: X=18.824 Y=-32.156 Z=-0.260
[17:15:11.987] GRBL WPos updated: X=18.832 Y=-32.156 Z=-0.260
[17:15:12.103] GRBL WPos updated: X=18.844 Y=-32.156 Z=-0.260
[17:15:12.212] GRBL WPos updated: X=18.852 Y=-32.156 Z=-0.260
[17:15:12.873] GRBL WPos updated: X=18.844 Y=-32.156 Z=-0.260
[17:15:12.988] GRBL WPos updated: X=18.836 Y=-32.156 Z=-0.260
[17:15:13.086] GRBL WPos updated: X=18.824 Y=-32.156 Z=-0.260
[17:15:13.304] GRBL WPos updated: X=18.812 Y=-32.156 Z=-0.260
[17:15:13.411] GRBL WPos updated: X=18.804 Y=-32.156 Z=-0.260
[17:15:13.521] GRBL WPos updated: X=18.792 Y=-32.156 Z=-0.260
[17:15:13.688] GRBL WPos updated: X=18.780 Y=-32.156 Z=-0.260
[17:15:13.788] GRBL WPos updated: X=18.760 Y=-32.156 Z=-0.260
[17:15:13.884] GRBL WPos updated: X=18.752 Y=-32.156 Z=-0.260
[17:15:13.988] GRBL WPos updated: X=18.740 Y=-32.156 Z=-0.260
[17:15:14.081] GRBL WPos updated: X=18.732 Y=-32.156 Z=-0.260
[17:15:14.180] GRBL WPos updated: X=18.724 Y=-32.156 Z=-0.260
[17:15:14.285] GRBL WPos updated: X=18.720 Y=-32.156 Z=-0.260
[17:15:14.797] GRBL WPos updated: X=18.720 Y=-32.144 Z=-0.260
[17:15:14.893] GRBL WPos updated: X=18.720 Y=-32.136 Z=-0.260
[17:15:15.005] GRBL WPos updated: X=18.720 Y=-32.128 Z=-0.260
[17:15:15.091] GRBL WPos updated: X=18.720 Y=-32.116 Z=-0.260
[17:15:15.185] GRBL WPos updated: X=18.720 Y=-32.108 Z=-0.260
[17:15:15.293] GRBL WPos updated: X=18.720 Y=-32.096 Z=-0.260
[17:15:15.404] GRBL WPos updated: X=18.720 Y=-32.088 Z=-0.260
[17:15:15.499] GRBL WPos updated: X=18.720 Y=-32.076 Z=-0.260
[17:15:15.603] GRBL WPos updated: X=18.720 Y=-32.068 Z=-0.260
[17:15:15.715] GRBL WPos updated: X=18.720 Y=-32.056 Z=-0.260
[17:15:15.814] GRBL WPos updated: X=18.720 Y=-32.048 Z=-0.260
[17:15:15.938] GRBL WPos updated: X=18.720 Y=-32.036 Z=-0.260
[17:15:16.109] GRBL WPos updated: X=18.720 Y=-32.028 Z=-0.260
[17:15:16.193] GRBL WPos updated: X=18.720 Y=-32.016 Z=-0.260
[17:15:16.298] GRBL WPos updated: X=18.720 Y=-32.008 Z=-0.260
[17:15:16.412] GRBL WPos updated: X=18.720 Y=-31.996 Z=-0.260
[17:15:16.509] GRBL WPos updated: X=18.720 Y=-31.988 Z=-0.260
[17:15:16.605] GRBL WPos updated: X=18.720 Y=-31.976 Z=-0.260
[17:15:16.716] GRBL WPos updated: X=18.720 Y=-31.968 Z=-0.260
[17:15:16.813] GRBL WPos updated: X=18.720 Y=-31.956 Z=-0.260
[17:15:16.912] GRBL WPos updated: X=18.720 Y=-31.948 Z=-0.260
[17:15:17.117] GRBL WPos updated: X=18.720 Y=-31.936 Z=-0.260
[17:15:17.127] GRBL WPos updated: X=18.720 Y=-31.928 Z=-0.260
[17:15:17.416] GRBL WPos updated: X=18.720 Y=-31.912 Z=-0.260
[17:15:17.515] GRBL WPos updated: X=18.720 Y=-31.896 Z=-0.260
[17:15:17.609] GRBL WPos updated: X=18.720 Y=-31.888 Z=-0.260
[17:15:17.725] GRBL WPos updated: X=18.720 Y=-31.876 Z=-0.260
[17:15:17.820] GRBL WPos updated: X=18.720 Y=-31.868 Z=-0.260
[17:15:17.916] GRBL WPos updated: X=18.720 Y=-31.856 Z=-0.260
[17:15:18.012] GRBL WPos updated: X=18.720 Y=-31.848 Z=-0.260
[17:15:18.124] GRBL WPos updated: X=18.720 Y=-31.836 Z=-0.260
[17:15:18.224] GRBL WPos updated: X=18.720 Y=-31.828 Z=-0.260
[17:15:18.417] GRBL WPos updated: X=18.720 Y=-31.816 Z=-0.260
[17:15:18.442] GRBL WPos updated: X=18.720 Y=-31.808 Z=-0.260
[17:15:19.022] GRBL WPos updated: X=18.720 Y=-31.816 Z=-0.260
[17:15:19.226] GRBL WPos updated: X=18.720 Y=-31.828 Z=-0.260
[17:15:19.324] GRBL WPos updated: X=18.720 Y=-31.840 Z=-0.260
[17:15:19.438] GRBL WPos updated: X=18.720 Y=-31.848 Z=-0.260
[17:15:19.545] GRBL WPos updated: X=18.720 Y=-31.856 Z=-0.260
[17:15:19.725] GRBL WPos updated: X=18.720 Y=-31.868 Z=-0.260
[17:15:19.835] GRBL WPos updated: X=18.720 Y=-31.888 Z=-0.260
[17:15:19.875] GRBL WPos updated: X=18.720 Y=-31.896 Z=-0.260
[17:15:20.029] GRBL WPos updated: X=18.720 Y=-31.900 Z=-0.260
[17:15:20.140] GRBL WPos updated: X=18.720 Y=-31.916 Z=-0.260
[17:15:20.236] GRBL WPos updated: X=18.720 Y=-31.928 Z=-0.260
[17:15:20.332] GRBL WPos updated: X=18.720 Y=-31.936 Z=-0.260
[17:15:20.537] GRBL WPos updated: X=18.720 Y=-31.948 Z=-0.260
[17:15:20.627] GRBL WPos updated: X=18.720 Y=-31.956 Z=-0.260
[17:15:20.737] GRBL WPos updated: X=18.720 Y=-31.968 Z=-0.260
[17:15:20.845] GRBL WPos updated: X=18.720 Y=-31.976 Z=-0.260
[17:15:21.035] GRBL WPos updated: X=18.720 Y=-31.988 Z=-0.260
[17:15:21.148] GRBL WPos updated: X=18.720 Y=-32.008 Z=-0.260
[17:15:21.180] GRBL WPos updated: X=18.720 Y=-32.016 Z=-0.260
[17:15:21.448] GRBL WPos updated: X=18.720 Y=-32.036 Z=-0.260
[17:15:21.547] GRBL WPos updated: X=18.720 Y=-32.048 Z=-0.260
[17:15:21.640] GRBL WPos updated: X=18.720 Y=-32.056 Z=-0.260
[17:15:21.846] GRBL WPos updated: X=18.720 Y=-32.068 Z=-0.260
[17:15:21.949] GRBL WPos updated: X=18.720 Y=-32.076 Z=-0.260
[17:15:22.050] GRBL WPos updated: X=18.720 Y=-32.088 Z=-0.260
[17:15:22.159] GRBL WPos updated: X=18.720 Y=-32.096 Z=-0.260
[17:15:22.271] GRBL WPos updated: X=18.720 Y=-32.108 Z=-0.260
[17:15:22.433] GRBL WPos updated: X=18.720 Y=-32.116 Z=-0.260
[17:15:22.557] GRBL WPos updated: X=18.720 Y=-32.136 Z=-0.260
[17:15:22.747] GRBL WPos updated: X=18.720 Y=-32.144 Z=-0.260
[17:15:22.850] GRBL WPos updated: X=18.720 Y=-32.160 Z=-0.260
[17:15:22.959] GRBL WPos updated: X=18.720 Y=-32.164 Z=-0.260
[17:15:23.052] GRBL WPos updated: X=18.720 Y=-32.176 Z=-0.260
[17:15:23.159] GRBL WPos updated: X=18.720 Y=-32.184 Z=-0.260
[17:15:23.261] GRBL WPos updated: X=18.720 Y=-32.196 Z=-0.260
[17:15:23.365] GRBL WPos updated: X=18.720 Y=-32.204 Z=-0.260
[17:15:23.477] GRBL WPos updated: X=18.720 Y=-32.216 Z=-0.260
[17:15:23.659] GRBL WPos updated: X=18.720 Y=-32.224 Z=-0.260
[17:15:23.756] GRBL WPos updated: X=18.720 Y=-32.244 Z=-0.260
[17:15:23.803] GRBL WPos updated: X=18.720 Y=-32.252 Z=-0.260
[17:15:23.952] GRBL WPos updated: X=18.720 Y=-32.260 Z=-0.260
[17:15:24.060] GRBL WPos updated: X=18.720 Y=-32.272 Z=-0.260
[17:15:24.164] GRBL WPos updated: X=18.720 Y=-32.284 Z=-0.260
[17:15:24.359] GRBL WPos updated: X=18.720 Y=-32.296 Z=-0.260
[17:15:24.465] GRBL WPos updated: X=18.720 Y=-32.304 Z=-0.260
[17:15:24.689] GRBL WPos updated: X=18.720 Y=-32.316 Z=-0.260
[17:15:24.866] GRBL WPos updated: X=18.720 Y=-32.340 Z=-0.260
[17:15:24.972] GRBL WPos updated: X=18.720 Y=-32.356 Z=-0.260
[17:15:25.016] GRBL WPos updated: X=18.720 Y=-32.364 Z=-0.260
[17:15:25.272] GRBL WPos updated: X=18.720 Y=-32.376 Z=-0.260
[17:15:25.374] GRBL WPos updated: X=18.720 Y=-32.384 Z=-0.260
[17:15:25.468] GRBL WPos updated: X=18.720 Y=-32.396 Z=-0.260
[17:15:25.575] GRBL WPos updated: X=18.720 Y=-32.404 Z=-0.260
[17:15:25.679] GRBL WPos updated: X=18.720 Y=-32.416 Z=-0.260
[17:15:25.886] GRBL WPos updated: X=18.720 Y=-32.424 Z=-0.260
[17:15:25.895] GRBL WPos updated: X=18.720 Y=-32.444 Z=-0.260
[17:15:26.161] GRBL WPos updated: X=18.720 Y=-32.460 Z=-0.260
[17:15:26.285] GRBL WPos updated: X=18.720 Y=-32.472 Z=-0.260
[17:15:26.345] GRBL WPos updated: X=18.720 Y=-32.484 Z=-0.260
[17:15:26.589] GRBL WPos updated: X=18.720 Y=-32.496 Z=-0.260
[17:15:26.684] GRBL WPos updated: X=18.720 Y=-32.504 Z=-0.260
[17:15:26.782] GRBL WPos updated: X=18.720 Y=-32.516 Z=-0.260
[17:15:26.893] GRBL WPos updated: X=18.720 Y=-32.524 Z=-0.260
[17:15:26.988] GRBL WPos updated: X=18.720 Y=-32.536 Z=-0.260
[17:15:27.099] GRBL WPos updated: X=18.720 Y=-32.544 Z=-0.260
[17:15:29.900] GRBL WPos updated: X=18.732 Y=-32.544 Z=-0.260
[17:15:30.013] GRBL WPos updated: X=18.748 Y=-32.544 Z=-0.260
[17:15:30.053] GRBL WPos updated: X=18.752 Y=-32.544 Z=-0.260
[17:15:30.202] GRBL WPos updated: X=18.756 Y=-32.544 Z=-0.260
[17:15:30.317] GRBL WPos updated: X=18.776 Y=-32.544 Z=-0.260
[17:15:30.413] GRBL WPos updated: X=18.780 Y=-32.544 Z=-0.260
[17:15:30.510] GRBL WPos updated: X=18.792 Y=-32.544 Z=-0.260
[17:15:30.599] GRBL WPos updated: X=18.800 Y=-32.544 Z=-0.260
[17:15:30.716] GRBL WPos updated: X=18.808 Y=-32.544 Z=-0.260
[17:15:30.816] GRBL WPos updated: X=18.820 Y=-32.544 Z=-0.260
[17:15:30.924] GRBL WPos updated: X=18.832 Y=-32.544 Z=-0.260
[17:15:31.034] GRBL WPos updated: X=18.840 Y=-32.544 Z=-0.260
[17:15:31.212] GRBL WPos updated: X=18.852 Y=-32.544 Z=-0.260
[17:15:31.324] GRBL WPos updated: X=18.868 Y=-32.544 Z=-0.260
[17:15:31.363] GRBL WPos updated: X=18.872 Y=-32.544 Z=-0.260
[17:15:31.514] GRBL WPos updated: X=18.876 Y=-32.544 Z=-0.260
[17:15:31.612] GRBL WPos updated: X=18.896 Y=-32.544 Z=-0.260
[17:15:31.727] GRBL WPos updated: X=18.900 Y=-32.544 Z=-0.260
[17:15:31.821] GRBL WPos updated: X=18.912 Y=-32.544 Z=-0.260
[17:15:31.916] GRBL WPos updated: X=18.920 Y=-32.544 Z=-0.260
[17:15:32.031] GRBL WPos updated: X=18.932 Y=-32.544 Z=-0.260
[17:15:32.128] GRBL WPos updated: X=18.940 Y=-32.544 Z=-0.260
[17:15:32.236] GRBL WPos updated: X=18.952 Y=-32.544 Z=-0.260
[17:15:32.345] GRBL WPos updated: X=18.960 Y=-32.544 Z=-0.260
[17:15:32.525] GRBL WPos updated: X=18.972 Y=-32.544 Z=-0.260
[17:15:32.623] GRBL WPos updated: X=18.988 Y=-32.544 Z=-0.260
[17:15:32.728] GRBL WPos updated: X=18.992 Y=-32.544 Z=-0.260
[17:15:32.828] GRBL WPos updated: X=19.000 Y=-32.544 Z=-0.260
[17:15:32.925] GRBL WPos updated: X=19.012 Y=-32.544 Z=-0.260
[17:15:33.036] GRBL WPos updated: X=19.020 Y=-32.544 Z=-0.260
[17:15:33.129] GRBL WPos updated: X=19.032 Y=-32.544 Z=-0.260
[17:15:33.223] GRBL WPos updated: X=19.040 Y=-32.544 Z=-0.260
[17:15:33.330] GRBL WPos updated: X=19.052 Y=-32.544 Z=-0.260
[17:15:33.832] GRBL WPos updated: X=19.052 Y=-32.540 Z=-0.260
[17:15:33.932] GRBL WPos updated: X=19.052 Y=-32.536 Z=-0.260
[17:15:35.547] BUTTON command sent: 'G10 L20 P1 X0 Y0 Z0'
[17:15:35.548] ZERO ALL: requested; waiting for updated WPos
[17:15:35.756] GRBL WPos updated: X=0.000 Y=-0.002 Z=0.000
[17:15:41.090] BUTTON command sent: 'G10 L20 P1 X0 Y0 Z0'
[17:15:41.090] ZERO ALL: requested; waiting for updated WPos
[17:15:42.200] GRBL WPos updated: X=0.000 Y=0.018 Z=0.000
[17:15:42.298] GRBL WPos updated: X=0.000 Y=0.054 Z=0.000
[17:15:43.946] GRBL WPos updated: X=0.048 Y=0.054 Z=0.000
[17:15:45.253] GRBL WPos updated: X=0.140 Y=0.054 Z=0.000
[17:15:45.421] GRBL WPos updated: X=0.148 Y=0.054 Z=0.000
[17:15:45.517] GRBL WPos updated: X=0.160 Y=0.054 Z=0.000
[17:15:46.127] GRBL WPos updated: X=0.160 Y=0.094 Z=0.000
[17:15:46.252] GRBL WPos updated: X=0.160 Y=0.150 Z=0.000
[17:15:46.416] GRBL WPos updated: X=0.160 Y=0.170 Z=0.000
[17:15:47.843] BUTTON command sent: 'G10 L20 P1 X0 Y0 Z0'
[17:15:47.844] ZERO ALL: requested; waiting for updated WPos
[17:15:47.931] GRBL WPos updated: X=0.000 Y=0.000 Z=0.000
[17:15:49.356] GRBL WPos updated: X=0.000 Y=0.024 Z=0.000
[17:15:49.452] GRBL WPos updated: X=0.000 Y=0.048 Z=0.000
[17:15:49.548] GRBL WPos updated: X=0.000 Y=0.052 Z=0.000
[17:15:50.459] GRBL WPos updated: X=0.000 Y=0.076 Z=0.000
[17:15:50.544] GRBL WPos updated: X=0.000 Y=0.100 Z=0.000
[17:15:51.398] GRBL WPos updated: X=0.000 Y=0.128 Z=0.000
[17:15:51.565] GRBL WPos updated: X=0.000 Y=0.160 Z=0.000
[17:15:51.649] GRBL WPos updated: X=0.000 Y=0.228 Z=0.000
[17:15:52.376] GRBL WPos updated: X=0.000 Y=0.252 Z=0.000
[17:15:52.569] GRBL WPos updated: X=0.000 Y=0.324 Z=0.000
[17:15:52.612] GRBL WPos updated: X=0.000 Y=0.340 Z=0.000
[17:15:53.376] GRBL WPos updated: X=0.000 Y=0.360 Z=0.000
[17:15:53.487] GRBL WPos updated: X=0.000 Y=0.432 Z=0.000
[17:15:53.595] GRBL WPos updated: X=0.000 Y=0.472 Z=0.000
[17:15:53.784] GRBL WPos updated: X=0.000 Y=0.572 Z=0.000
[17:15:53.875] GRBL WPos updated: X=0.000 Y=0.736 Z=0.000
[17:15:53.973] GRBL WPos updated: X=0.000 Y=0.824 Z=0.000
[17:15:54.076] GRBL WPos updated: X=0.000 Y=0.920 Z=0.000
[17:15:54.188] GRBL WPos updated: X=0.000 Y=1.024 Z=0.000
[17:15:54.285] GRBL WPos updated: X=0.000 Y=1.132 Z=0.000
[17:15:54.391] GRBL WPos updated: X=0.000 Y=1.220 Z=0.000
[17:15:54.518] GRBL WPos updated: X=0.000 Y=1.324 Z=0.000
[17:15:54.675] GRBL WPos updated: X=0.000 Y=1.436 Z=0.000
[17:15:54.792] GRBL WPos updated: X=0.000 Y=1.580 Z=0.000
[17:15:54.892] GRBL WPos updated: X=0.000 Y=1.640 Z=0.000
[17:15:54.978] GRBL WPos updated: X=0.000 Y=1.696 Z=0.000
[17:15:55.075] GRBL WPos updated: X=0.000 Y=1.780 Z=0.000
[17:15:55.191] GRBL WPos updated: X=0.000 Y=1.900 Z=0.000
[17:15:55.285] GRBL WPos updated: X=0.000 Y=2.032 Z=0.000
[17:15:55.391] GRBL WPos updated: X=0.000 Y=2.128 Z=0.000
[17:15:55.504] GRBL WPos updated: X=0.000 Y=2.228 Z=0.000
[17:15:55.692] GRBL WPos updated: X=0.000 Y=2.340 Z=0.000
[17:15:55.734] GRBL WPos updated: X=0.000 Y=2.512 Z=0.000
[17:15:55.898] GRBL WPos updated: X=0.000 Y=2.532 Z=0.000
[17:15:55.996] GRBL WPos updated: X=0.000 Y=2.616 Z=0.000
[17:15:56.081] GRBL WPos updated: X=0.000 Y=2.720 Z=0.000
[17:15:56.192] GRBL WPos updated: X=0.000 Y=2.812 Z=0.000
[17:15:56.299] GRBL WPos updated: X=0.000 Y=2.932 Z=0.000
[17:15:56.396] GRBL WPos updated: X=0.000 Y=3.036 Z=0.000
[17:15:56.501] GRBL WPos updated: X=0.000 Y=3.128 Z=0.000
[17:15:56.626] GRBL WPos updated: X=0.000 Y=3.228 Z=0.000
[17:15:56.795] GRBL WPos updated: X=0.000 Y=3.352 Z=0.000
[17:15:56.908] GRBL WPos updated: X=0.000 Y=3.476 Z=0.000
[17:15:56.953] GRBL WPos updated: X=0.000 Y=3.540 Z=0.000
[17:15:57.096] GRBL WPos updated: X=0.000 Y=3.548 Z=0.000
[17:15:57.201] GRBL WPos updated: X=0.000 Y=3.672 Z=0.000
[17:15:57.306] GRBL WPos updated: X=0.000 Y=3.808 Z=0.000
[17:15:57.404] GRBL WPos updated: X=0.000 Y=3.928 Z=0.000
[17:15:57.516] GRBL WPos updated: X=0.000 Y=4.028 Z=0.000
[17:15:57.609] GRBL WPos updated: X=0.000 Y=4.136 Z=0.000
[17:15:57.710] GRBL WPos updated: X=0.000 Y=4.228 Z=0.000
[17:15:57.825] GRBL WPos updated: X=0.000 Y=4.324 Z=0.000
[17:15:57.936] GRBL WPos updated: X=0.000 Y=4.436 Z=0.000
[17:15:58.098] GRBL WPos updated: X=0.000 Y=4.540 Z=0.000
[17:15:58.216] GRBL WPos updated: X=0.000 Y=4.692 Z=0.000
[17:15:58.252] GRBL WPos updated: X=0.000 Y=4.744 Z=0.000
[17:15:58.408] GRBL WPos updated: X=0.000 Y=4.756 Z=0.000
[17:15:58.504] GRBL WPos updated: X=0.000 Y=4.772 Z=0.000
[17:15:58.812] GRBL WPos updated: X=0.000 Y=4.776 Z=0.000
[17:15:59.631] GRBL WPos updated: X=0.000 Y=4.780 Z=0.000
[17:16:00.442] GRBL WPos updated: X=0.000 Y=4.784 Z=0.000
[17:16:00.817] GRBL WPos updated: X=0.000 Y=4.780 Z=0.000
[17:16:00.936] GRBL WPos updated: X=0.000 Y=4.724 Z=0.000
[17:16:01.035] GRBL WPos updated: X=0.000 Y=4.592 Z=0.000
[17:16:01.131] GRBL WPos updated: X=0.000 Y=4.376 Z=0.000
[17:16:01.226] GRBL WPos updated: X=0.000 Y=4.188 Z=0.000
[17:16:01.437] GRBL WPos updated: X=0.000 Y=4.040 Z=0.000
[17:16:01.537] GRBL WPos updated: X=0.000 Y=3.796 Z=0.000
[17:16:01.649] GRBL WPos updated: X=0.000 Y=3.772 Z=0.000
[17:16:01.752] GRBL WPos updated: X=0.000 Y=3.688 Z=0.000
[17:16:01.863] GRBL WPos updated: X=0.000 Y=3.588 Z=0.000
[17:16:02.033] GRBL WPos updated: X=0.000 Y=3.528 Z=0.000
[17:16:02.237] GRBL WPos updated: X=0.032 Y=3.528 Z=0.000
[17:16:02.350] GRBL WPos updated: X=0.096 Y=3.528 Z=0.000
[17:16:02.444] GRBL WPos updated: X=0.140 Y=3.528 Z=0.000
[17:16:02.541] GRBL WPos updated: X=0.196 Y=3.528 Z=0.000
[17:16:02.653] GRBL WPos updated: X=0.232 Y=3.528 Z=0.000
[17:16:02.750] GRBL WPos updated: X=0.372 Y=3.528 Z=0.000
[17:16:02.846] GRBL WPos updated: X=0.484 Y=3.528 Z=0.000
[17:16:02.955] GRBL WPos updated: X=0.584 Y=3.528 Z=0.000
[17:16:03.079] GRBL WPos updated: X=0.700 Y=3.528 Z=0.000
[17:16:03.242] GRBL WPos updated: X=0.828 Y=3.528 Z=0.000
[17:16:03.361] GRBL WPos updated: X=0.976 Y=3.528 Z=0.000
[17:16:03.407] GRBL WPos updated: X=1.016 Y=3.528 Z=0.000
[17:16:03.543] GRBL WPos updated: X=1.052 Y=3.528 Z=0.000
[17:16:03.659] GRBL WPos updated: X=1.240 Y=3.528 Z=0.000
[17:16:03.757] GRBL WPos updated: X=1.300 Y=3.528 Z=0.000
[17:16:03.851] GRBL WPos updated: X=1.316 Y=3.528 Z=0.000
[17:16:04.158] GRBL WPos updated: X=1.316 Y=3.528 Z=-0.040
[17:16:04.365] GRBL WPos updated: X=1.316 Y=3.528 Z=-0.096
[17:16:04.391] GRBL WPos updated: X=1.316 Y=3.528 Z=-0.248
[17:16:04.502] GRBL WPos updated: X=1.316 Y=3.528 Z=-0.268
[17:16:04.611] GRBL WPos updated: X=1.316 Y=3.528 Z=-0.308
[17:16:04.764] GRBL WPos updated: X=1.316 Y=3.528 Z=-0.400
[17:16:04.860] GRBL WPos updated: X=1.316 Y=3.528 Z=-0.624
[17:16:04.958] GRBL WPos updated: X=1.316 Y=3.528 Z=-0.696
[17:16:05.072] GRBL WPos updated: X=1.316 Y=3.528 Z=-0.728
[17:16:05.164] GRBL WPos updated: X=1.316 Y=3.528 Z=-0.840
[17:16:05.264] GRBL WPos updated: X=1.316 Y=3.528 Z=-0.964
[17:16:05.368] GRBL WPos updated: X=1.316 Y=3.528 Z=-1.084
[17:16:05.469] GRBL WPos updated: X=1.316 Y=3.528 Z=-1.192
[17:16:05.579] GRBL WPos updated: X=1.316 Y=3.528 Z=-1.232
[17:16:06.075] GRBL WPos updated: X=1.316 Y=3.528 Z=-1.228
[17:16:06.172] GRBL WPos updated: X=1.316 Y=3.528 Z=-1.136
[17:16:06.270] GRBL WPos updated: X=1.316 Y=3.528 Z=-1.100
[17:16:06.381] GRBL WPos updated: X=1.316 Y=3.528 Z=-1.000
[17:16:06.465] GRBL WPos updated: X=1.316 Y=3.528 Z=-0.868
[17:16:06.569] GRBL WPos updated: X=1.316 Y=3.528 Z=-0.832
[17:16:06.682] GRBL WPos updated: X=1.316 Y=3.528 Z=-0.776
[17:16:06.790] GRBL WPos updated: X=1.316 Y=3.528 Z=-0.648
[17:16:06.892] GRBL WPos updated: X=1.316 Y=3.528 Z=-0.528
[17:16:07.085] GRBL WPos updated: X=1.316 Y=3.528 Z=-0.448
[17:16:07.117] GRBL WPos updated: X=1.316 Y=3.528 Z=-0.444
[17:16:09.390] GRBL WPos updated: X=1.316 Y=3.528 Z=-0.456
[17:16:09.417] GRBL WPos updated: X=1.316 Y=3.528 Z=-0.552
[17:16:09.531] GRBL WPos updated: X=1.316 Y=3.528 Z=-0.568
[17:16:09.692] GRBL WPos updated: X=1.316 Y=3.528 Z=-0.660
[17:16:09.804] GRBL WPos updated: X=1.316 Y=3.528 Z=-0.824
[17:16:09.858] GRBL WPos updated: X=1.316 Y=3.528 Z=-0.936
[17:16:09.996] GRBL WPos updated: X=1.316 Y=3.528 Z=-0.996
[17:16:10.104] GRBL WPos updated: X=1.316 Y=3.528 Z=-1.128
[17:16:10.193] GRBL WPos updated: X=1.316 Y=3.528 Z=-1.236
[17:16:10.300] GRBL WPos updated: X=1.316 Y=3.528 Z=-1.324
[17:16:10.395] GRBL WPos updated: X=1.316 Y=3.528 Z=-1.420
[17:16:10.506] GRBL WPos updated: X=1.316 Y=3.528 Z=-1.496
[17:16:10.695] GRBL WPos updated: X=1.316 Y=3.528 Z=-1.548
[17:16:10.812] GRBL WPos updated: X=1.316 Y=3.528 Z=-1.576
[17:16:11.100] GRBL WPos updated: X=1.316 Y=3.528 Z=-1.580
[17:16:11.930] GRBL WPos updated: X=1.316 Y=3.528 Z=-1.584
[17:16:12.721] GRBL WPos updated: X=1.316 Y=3.528 Z=-1.588
[17:16:13.126] GRBL WPos updated: X=1.316 Y=3.528 Z=-1.584
[17:16:13.327] GRBL WPos updated: X=1.316 Y=3.528 Z=-1.516
[17:16:13.348] GRBL WPos updated: X=1.316 Y=3.528 Z=-1.296
[17:16:13.459] GRBL WPos updated: X=1.316 Y=3.528 Z=-1.272
[17:16:13.629] GRBL WPos updated: X=1.316 Y=3.528 Z=-1.168
[17:16:13.724] GRBL WPos updated: X=1.316 Y=3.528 Z=-1.060
[17:16:14.124] GRBL WPos updated: X=1.316 Y=3.528 Z=-1.036
[17:16:14.231] GRBL WPos updated: X=1.316 Y=3.528 Z=-0.968
[17:16:14.329] GRBL WPos updated: X=1.316 Y=3.528 Z=-0.896
[17:16:14.440] GRBL WPos updated: X=1.316 Y=3.528 Z=-0.800
[17:16:14.548] GRBL WPos updated: X=1.316 Y=3.528 Z=-0.756
[17:16:14.658] GRBL WPos updated: X=1.316 Y=3.528 Z=-0.688
[17:16:14.782] GRBL WPos updated: X=1.316 Y=3.528 Z=-0.568
[17:16:14.931] GRBL WPos updated: X=1.316 Y=3.528 Z=-0.428
[17:16:15.036] GRBL WPos updated: X=1.316 Y=3.528 Z=-0.276
[17:16:15.133] GRBL WPos updated: X=1.316 Y=3.528 Z=-0.168
[17:16:15.244] GRBL WPos updated: X=1.316 Y=3.528 Z=-0.072
[17:16:15.339] GRBL WPos updated: X=1.316 Y=3.528 Z=0.028
[17:16:15.430] GRBL WPos updated: X=1.316 Y=3.528 Z=0.116
[17:16:15.645] GRBL WPos updated: X=1.316 Y=3.528 Z=0.212
[17:16:15.763] GRBL WPos updated: X=1.316 Y=3.528 Z=0.336
[17:16:15.948] GRBL WPos updated: X=1.316 Y=3.528 Z=0.392
[17:16:15.981] GRBL WPos updated: X=1.316 Y=3.528 Z=0.624
[17:16:16.091] GRBL WPos updated: X=1.316 Y=3.528 Z=0.668
[17:16:16.248] GRBL WPos updated: X=1.316 Y=3.528 Z=0.768
[17:16:16.344] GRBL WPos updated: X=1.316 Y=3.528 Z=0.928
[17:16:16.444] GRBL WPos updated: X=1.316 Y=3.528 Z=1.024
[17:16:16.529] GRBL WPos updated: X=1.316 Y=3.528 Z=1.128
[17:16:16.654] GRBL WPos updated: X=1.316 Y=3.528 Z=1.216
[17:16:16.747] GRBL WPos updated: X=1.316 Y=3.528 Z=1.320
[17:16:16.855] GRBL WPos updated: X=1.316 Y=3.528 Z=1.344
[17:16:16.957] GRBL WPos updated: X=1.316 Y=3.528 Z=1.428
[17:16:17.074] GRBL WPos updated: X=1.316 Y=3.528 Z=1.572
[17:16:17.260] GRBL WPos updated: X=1.316 Y=3.528 Z=1.640
[17:16:17.292] GRBL WPos updated: X=1.316 Y=3.528 Z=1.780
[17:16:17.402] GRBL WPos updated: X=1.316 Y=3.528 Z=1.832
[17:16:17.548] GRBL WPos updated: X=1.316 Y=3.528 Z=1.968
[17:16:17.650] GRBL WPos updated: X=1.316 Y=3.528 Z=2.068
[17:16:19.059] GRBL WPos updated: X=1.316 Y=3.528 Z=2.112
[17:16:19.155] GRBL WPos updated: X=1.316 Y=3.528 Z=2.164
[17:16:19.259] GRBL WPos updated: X=1.316 Y=3.528 Z=2.196
[17:16:19.374] GRBL WPos updated: X=1.316 Y=3.528 Z=2.300
[17:16:19.471] GRBL WPos updated: X=1.316 Y=3.528 Z=2.444
[17:16:19.594] GRBL WPos updated: X=1.316 Y=3.528 Z=2.472
[17:16:19.702] GRBL WPos updated: X=1.316 Y=3.528 Z=2.568
[17:16:19.868] GRBL WPos updated: X=1.316 Y=3.528 Z=2.720
[17:16:19.980] GRBL WPos updated: X=1.316 Y=3.528 Z=2.828
[17:16:20.019] GRBL WPos updated: X=1.316 Y=3.528 Z=2.948
[17:16:20.166] GRBL WPos updated: X=1.316 Y=3.528 Z=3.000
[17:16:20.257] GRBL WPos updated: X=1.316 Y=3.528 Z=3.140
[17:16:20.381] GRBL WPos updated: X=1.316 Y=3.528 Z=3.236
[17:16:20.475] GRBL WPos updated: X=1.316 Y=3.528 Z=3.360
[17:16:20.574] GRBL WPos updated: X=1.316 Y=3.528 Z=3.448
[17:16:20.685] GRBL WPos updated: X=1.316 Y=3.528 Z=3.544
[17:16:20.797] GRBL WPos updated: X=1.316 Y=3.528 Z=3.640
[17:16:20.966] GRBL WPos updated: X=1.316 Y=3.528 Z=3.676
[17:16:21.085] GRBL WPos updated: X=1.316 Y=3.528 Z=3.820
[17:16:21.116] GRBL WPos updated: X=1.316 Y=3.528 Z=3.892
[17:16:21.580] GRBL WPos updated: X=1.316 Y=3.528 Z=3.860
[17:16:21.692] GRBL WPos updated: X=1.316 Y=3.528 Z=3.796
[17:16:21.792] GRBL WPos updated: X=1.316 Y=3.528 Z=3.752
[17:16:21.905] GRBL WPos updated: X=1.316 Y=3.528 Z=3.648
[17:16:22.091] GRBL WPos updated: X=1.316 Y=3.528 Z=3.520
[17:16:22.121] GRBL WPos updated: X=1.316 Y=3.528 Z=3.432
[17:16:22.233] GRBL WPos updated: X=1.316 Y=3.528 Z=3.408
[17:16:22.386] GRBL WPos updated: X=1.316 Y=3.528 Z=3.280
[17:16:22.485] GRBL WPos updated: X=1.316 Y=3.528 Z=3.112
[17:16:22.588] GRBL WPos updated: X=1.316 Y=3.528 Z=3.004
[17:16:22.700] GRBL WPos updated: X=1.316 Y=3.528 Z=2.900
[17:16:22.796] GRBL WPos updated: X=1.316 Y=3.528 Z=2.792
[17:16:22.891] GRBL WPos updated: X=1.316 Y=3.528 Z=2.704
[17:16:22.992] GRBL WPos updated: X=1.316 Y=3.528 Z=2.616
[17:16:23.101] GRBL WPos updated: X=1.316 Y=3.528 Z=2.512
[17:16:23.205] GRBL WPos updated: X=1.316 Y=3.528 Z=2.416
[17:16:23.403] GRBL WPos updated: X=1.316 Y=3.528 Z=2.380
[17:16:24.413] GRBL WPos updated: X=1.292 Y=3.528 Z=2.380
[17:16:24.519] GRBL WPos updated: X=1.220 Y=3.528 Z=2.380
[17:16:24.698] GRBL WPos updated: X=1.176 Y=3.528 Z=2.380
[17:16:24.813] GRBL WPos updated: X=1.020 Y=3.528 Z=2.380
[17:16:24.848] GRBL WPos updated: X=0.932 Y=3.528 Z=2.380
[17:16:25.004] GRBL WPos updated: X=0.896 Y=3.528 Z=2.380
[17:16:25.117] GRBL WPos updated: X=0.740 Y=3.528 Z=2.380
[17:16:25.212] GRBL WPos updated: X=0.620 Y=3.528 Z=2.380
[17:16:25.310] GRBL WPos updated: X=0.528 Y=3.528 Z=2.380
[17:16:25.410] GRBL WPos updated: X=0.432 Y=3.528 Z=2.380
[17:16:25.516] GRBL WPos updated: X=0.332 Y=3.528 Z=2.380
[17:16:25.615] GRBL WPos updated: X=0.232 Y=3.528 Z=2.380
[17:16:25.809] GRBL WPos updated: X=0.176 Y=3.528 Z=2.380
[17:16:25.915] GRBL WPos updated: X=0.016 Y=3.528 Z=2.380
[17:16:26.405] GRBL WPos updated: X=0.048 Y=3.528 Z=2.380
[17:16:26.524] GRBL WPos updated: X=0.108 Y=3.528 Z=2.380
[17:16:26.621] GRBL WPos updated: X=0.128 Y=3.528 Z=2.380
[17:16:26.922] GRBL WPos updated: X=0.164 Y=3.528 Z=2.380
[17:16:27.123] GRBL WPos updated: X=0.224 Y=3.528 Z=2.380
[17:16:27.143] GRBL WPos updated: X=0.240 Y=3.528 Z=2.380
[17:16:27.420] GRBL WPos updated: X=0.288 Y=3.528 Z=2.380
[17:16:27.532] GRBL WPos updated: X=0.316 Y=3.528 Z=2.380
[17:16:27.628] GRBL WPos updated: X=0.336 Y=3.528 Z=2.380
[17:16:27.725] GRBL WPos updated: X=0.340 Y=3.528 Z=2.380
[17:16:27.832] GRBL WPos updated: X=0.356 Y=3.528 Z=2.380
[17:16:27.929] GRBL WPos updated: X=0.388 Y=3.528 Z=2.380
[17:16:28.130] GRBL WPos updated: X=0.412 Y=3.528 Z=2.380
[17:16:28.141] GRBL WPos updated: X=0.516 Y=3.528 Z=2.380
[17:16:28.250] GRBL WPos updated: X=0.520 Y=3.528 Z=2.380
[17:16:28.428] GRBL WPos updated: X=0.548 Y=3.528 Z=2.380
[17:16:28.540] GRBL WPos updated: X=0.636 Y=3.528 Z=2.380
[17:16:28.582] GRBL WPos updated: X=0.692 Y=3.528 Z=2.380
[17:16:28.939] GRBL WPos updated: X=0.728 Y=3.528 Z=2.380
[17:16:29.030] GRBL WPos updated: X=0.788 Y=3.528 Z=2.380
[17:16:29.134] GRBL WPos updated: X=0.808 Y=3.528 Z=2.380
[17:16:29.240] GRBL WPos updated: X=0.840 Y=3.528 Z=2.380
[17:16:29.549] GRBL WPos updated: X=0.928 Y=3.528 Z=2.380
[17:16:29.581] GRBL WPos updated: X=0.956 Y=3.528 Z=2.380
[17:16:29.854] GRBL WPos updated: X=1.012 Y=3.528 Z=2.380
[17:16:30.044] GRBL WPos updated: X=1.036 Y=3.528 Z=2.380
[17:16:30.143] GRBL WPos updated: X=1.060 Y=3.528 Z=2.380
[17:16:30.554] GRBL WPos updated: X=1.040 Y=3.528 Z=2.380
[17:16:30.669] GRBL WPos updated: X=1.012 Y=3.528 Z=2.380
[17:16:30.877] GRBL WPos updated: X=0.916 Y=3.528 Z=2.380
[17:16:30.996] GRBL WPos updated: X=0.912 Y=3.528 Z=2.380
[17:16:31.142] GRBL WPos updated: X=0.884 Y=3.528 Z=2.380
[17:16:31.252] GRBL WPos updated: X=0.856 Y=3.528 Z=2.380
[17:16:31.356] GRBL WPos updated: X=0.832 Y=3.528 Z=2.380
[17:16:31.448] GRBL WPos updated: X=0.804 Y=3.528 Z=2.380
[17:16:31.564] GRBL WPos updated: X=0.784 Y=3.528 Z=2.380
[17:16:31.870] GRBL WPos updated: X=0.784 Y=3.520 Z=2.380
[17:16:31.980] GRBL WPos updated: X=0.784 Y=3.436 Z=2.380
[17:16:32.157] GRBL WPos updated: X=0.784 Y=3.412 Z=2.380
[17:16:32.266] GRBL WPos updated: X=0.784 Y=3.364 Z=2.380
[17:16:32.302] GRBL WPos updated: X=0.784 Y=3.332 Z=2.380
[17:16:32.456] GRBL WPos updated: X=0.784 Y=3.300 Z=2.380
[17:16:32.572] GRBL WPos updated: X=0.784 Y=3.252 Z=2.380
[17:16:32.669] GRBL WPos updated: X=0.784 Y=3.200 Z=2.380
[17:16:32.758] GRBL WPos updated: X=0.784 Y=3.164 Z=2.380
[17:16:32.863] GRBL WPos updated: X=0.784 Y=3.152 Z=2.380
[17:16:32.973] GRBL WPos updated: X=0.784 Y=3.148 Z=2.380
[17:16:33.067] GRBL WPos updated: X=0.784 Y=3.124 Z=2.380
[17:16:33.179] GRBL WPos updated: X=0.784 Y=3.092 Z=2.380
[17:16:33.580] GRBL WPos updated: X=0.784 Y=3.116 Z=2.380
[17:16:33.620] GRBL WPos updated: X=0.784 Y=3.188 Z=2.380
[17:16:33.774] GRBL WPos updated: X=0.784 Y=3.196 Z=2.380
[17:16:33.868] GRBL WPos updated: X=0.784 Y=3.224 Z=2.380
[17:16:33.979] GRBL WPos updated: X=0.784 Y=3.236 Z=2.380
[17:16:34.077] GRBL WPos updated: X=0.784 Y=3.316 Z=2.380
[17:16:34.164] GRBL WPos updated: X=0.784 Y=3.336 Z=2.380
[17:16:34.278] GRBL WPos updated: X=0.784 Y=3.356 Z=2.380
[17:16:34.386] GRBL WPos updated: X=0.784 Y=3.384 Z=2.380
[17:16:34.493] GRBL WPos updated: X=0.784 Y=3.416 Z=2.380
[17:16:34.602] GRBL WPos updated: X=0.784 Y=3.480 Z=2.380
[17:16:34.780] GRBL WPos updated: X=0.784 Y=3.532 Z=2.380
[17:16:34.876] GRBL WPos updated: X=0.784 Y=3.680 Z=2.380
[17:16:34.989] GRBL WPos updated: X=0.784 Y=3.736 Z=2.380
[17:16:35.084] GRBL WPos updated: X=0.784 Y=3.864 Z=2.380
[17:16:35.172] GRBL WPos updated: X=0.784 Y=3.968 Z=2.380
[17:16:35.281] GRBL WPos updated: X=0.784 Y=4.056 Z=2.380
[17:16:35.388] GRBL WPos updated: X=0.784 Y=4.172 Z=2.380
[17:16:35.482] GRBL WPos updated: X=0.784 Y=4.276 Z=2.380
[17:16:35.586] GRBL WPos updated: X=0.784 Y=4.364 Z=2.380
[17:16:35.698] GRBL WPos updated: X=0.784 Y=4.464 Z=2.380
[17:16:35.805] GRBL WPos updated: X=0.784 Y=4.568 Z=2.380
[17:16:35.915] GRBL WPos updated: X=0.784 Y=4.600 Z=2.380
[17:16:36.092] GRBL WPos updated: X=0.784 Y=4.716 Z=2.380
[17:16:36.187] GRBL WPos updated: X=0.784 Y=4.884 Z=2.380
[17:16:36.284] GRBL WPos updated: X=0.784 Y=4.920 Z=2.380
[17:16:36.385] GRBL WPos updated: X=0.784 Y=5.024 Z=2.380
[17:16:36.492] GRBL WPos updated: X=0.784 Y=5.156 Z=2.380
[17:16:36.587] GRBL WPos updated: X=0.784 Y=5.276 Z=2.380
[17:16:36.695] GRBL WPos updated: X=0.784 Y=5.368 Z=2.380
[17:16:36.795] GRBL WPos updated: X=0.784 Y=5.472 Z=2.380
[17:16:36.895] GRBL WPos updated: X=0.784 Y=5.556 Z=2.380
[17:16:37.010] GRBL WPos updated: X=0.784 Y=5.564 Z=2.380
[17:16:37.600] GRBL WPos updated: X=0.784 Y=5.544 Z=2.380
[17:16:37.708] GRBL WPos updated: X=0.784 Y=5.468 Z=2.380
[17:16:37.805] GRBL WPos updated: X=0.784 Y=5.432 Z=2.380
[17:16:37.900] GRBL WPos updated: X=0.784 Y=5.344 Z=2.380
[17:16:38.008] GRBL WPos updated: X=0.784 Y=5.268 Z=2.380
[17:16:38.110] GRBL WPos updated: X=0.784 Y=5.204 Z=2.380
[17:16:38.206] GRBL WPos updated: X=0.784 Y=5.088 Z=2.380
[17:16:38.316] GRBL WPos updated: X=0.784 Y=4.984 Z=2.380
[17:16:38.426] GRBL WPos updated: X=0.784 Y=4.876 Z=2.380
[17:16:38.536] GRBL WPos updated: X=0.784 Y=4.756 Z=2.380
[17:16:38.714] GRBL WPos updated: X=0.784 Y=4.656 Z=2.380
[17:16:38.800] GRBL WPos updated: X=0.784 Y=4.624 Z=2.380
[17:16:39.115] GRBL WPos updated: X=0.784 Y=4.628 Z=2.380
[17:16:39.208] GRBL WPos updated: X=0.784 Y=4.708 Z=2.380
[17:16:39.305] GRBL WPos updated: X=0.784 Y=4.732 Z=2.380
[17:16:39.421] GRBL WPos updated: X=0.784 Y=4.804 Z=2.380
[17:16:39.521] GRBL WPos updated: X=0.784 Y=4.916 Z=2.380
[17:16:39.627] GRBL WPos updated: X=0.784 Y=5.020 Z=2.380
[17:16:39.737] GRBL WPos updated: X=0.784 Y=5.120 Z=2.380
[17:16:39.847] GRBL WPos updated: X=0.784 Y=5.228 Z=2.380
[17:16:40.003] GRBL WPos updated: X=0.784 Y=5.340 Z=2.380
[17:16:40.124] GRBL WPos updated: X=0.784 Y=5.488 Z=2.380
[17:16:40.221] GRBL WPos updated: X=0.784 Y=5.592 Z=2.380
[17:16:40.317] GRBL WPos updated: X=0.784 Y=5.628 Z=2.380
[17:16:40.429] GRBL WPos updated: X=0.784 Y=5.688 Z=2.380
[17:16:40.525] GRBL WPos updated: X=0.784 Y=5.812 Z=2.380
[17:16:40.617] GRBL WPos updated: X=0.784 Y=5.912 Z=2.380
[17:16:40.733] GRBL WPos updated: X=0.784 Y=6.004 Z=2.380
[17:16:40.832] GRBL WPos updated: X=0.784 Y=6.116 Z=2.380
[17:16:40.939] GRBL WPos updated: X=0.784 Y=6.212 Z=2.380
[17:16:41.127] GRBL WPos updated: X=0.784 Y=6.316 Z=2.380
[17:16:41.160] GRBL WPos updated: X=0.784 Y=6.508 Z=2.380
[17:16:41.319] GRBL WPos updated: X=0.784 Y=6.520 Z=2.380
[17:16:41.438] GRBL WPos updated: X=0.784 Y=6.540 Z=2.380
[17:16:41.934] GRBL WPos updated: X=0.784 Y=6.540 Z=2.416
[17:16:42.042] GRBL WPos updated: X=0.784 Y=6.540 Z=2.476
[17:16:42.143] GRBL WPos updated: X=0.784 Y=6.540 Z=2.524
[17:16:42.331] GRBL WPos updated: X=0.784 Y=6.540 Z=2.628
[17:16:42.440] GRBL WPos updated: X=0.784 Y=6.540 Z=2.780
[17:16:42.481] GRBL WPos updated: X=0.784 Y=6.540 Z=2.840
[17:16:42.634] GRBL WPos updated: X=0.784 Y=6.540 Z=2.876
[17:16:42.733] GRBL WPos updated: X=0.784 Y=6.540 Z=3.052
[17:16:42.844] GRBL WPos updated: X=0.784 Y=6.540 Z=3.156
[17:16:42.943] GRBL WPos updated: X=0.784 Y=6.540 Z=3.260
[17:16:43.037] GRBL WPos updated: X=0.784 Y=6.540 Z=3.272
[17:16:43.355] GRBL WPos updated: X=0.784 Y=6.540 Z=3.260
[17:16:43.463] GRBL WPos updated: X=0.784 Y=6.540 Z=3.180
[17:16:43.633] GRBL WPos updated: X=0.784 Y=6.540 Z=3.148
[17:16:43.740] GRBL WPos updated: X=0.784 Y=6.540 Z=2.996
[17:16:43.795] GRBL WPos updated: X=0.784 Y=6.540 Z=2.880
[17:16:43.948] GRBL WPos updated: X=0.784 Y=6.540 Z=2.820
[17:16:44.044] GRBL WPos updated: X=0.784 Y=6.540 Z=2.684
[17:16:44.157] GRBL WPos updated: X=0.784 Y=6.540 Z=2.592
[17:16:44.252] GRBL WPos updated: X=0.784 Y=6.540 Z=2.472
[17:16:44.340] GRBL WPos updated: X=0.784 Y=6.540 Z=2.384
[17:16:44.445] GRBL WPos updated: X=0.784 Y=6.540 Z=2.304
[17:16:44.550] GRBL WPos updated: X=0.784 Y=6.540 Z=2.196
[17:16:44.673] GRBL WPos updated: X=0.784 Y=6.540 Z=2.164
[17:16:44.772] GRBL WPos updated: X=0.784 Y=6.540 Z=2.160
[17:16:45.001] GRBL WPos updated: X=0.808 Y=6.540 Z=2.160
[17:16:45.164] GRBL WPos updated: X=0.848 Y=6.540 Z=2.160
[17:16:45.256] GRBL WPos updated: X=0.916 Y=6.540 Z=2.160
[17:16:45.353] GRBL WPos updated: X=0.980 Y=6.540 Z=2.160
[17:16:45.441] GRBL WPos updated: X=1.044 Y=6.540 Z=2.160
[17:16:45.564] GRBL WPos updated: X=1.152 Y=6.540 Z=2.160
[17:16:45.661] GRBL WPos updated: X=1.284 Y=6.540 Z=2.160
[17:16:45.752] GRBL WPos updated: X=1.376 Y=6.540 Z=2.160
[17:16:45.869] GRBL WPos updated: X=1.456 Y=6.540 Z=2.160
[17:16:46.060] GRBL WPos updated: X=1.580 Y=6.540 Z=2.160
[17:16:46.093] GRBL WPos updated: X=1.760 Y=6.540 Z=2.160
[17:16:46.200] GRBL WPos updated: X=1.788 Y=6.540 Z=2.160
[17:16:46.362] GRBL WPos updated: X=1.904 Y=6.540 Z=2.160
[17:16:46.451] GRBL WPos updated: X=1.912 Y=6.540 Z=2.160
[17:16:47.289] GRBL WPos updated: X=1.948 Y=6.540 Z=2.160
[17:16:47.398] GRBL WPos updated: X=2.012 Y=6.540 Z=2.160
[17:16:47.506] GRBL WPos updated: X=2.068 Y=6.540 Z=2.160
[17:16:47.670] GRBL WPos updated: X=2.184 Y=6.540 Z=2.160
[17:16:47.773] GRBL WPos updated: X=2.364 Y=6.540 Z=2.160
[17:16:47.885] GRBL WPos updated: X=2.412 Y=6.540 Z=2.160
[17:16:47.980] GRBL WPos updated: X=2.476 Y=6.540 Z=2.160
[17:16:48.078] GRBL WPos updated: X=2.572 Y=6.540 Z=2.160
[17:16:48.172] GRBL WPos updated: X=2.688 Y=6.540 Z=2.160
[17:16:48.284] GRBL WPos updated: X=2.792 Y=6.540 Z=2.160
[17:16:48.386] GRBL WPos updated: X=2.908 Y=6.540 Z=2.160
[17:16:48.500] GRBL WPos updated: X=3.008 Y=6.540 Z=2.160
[17:16:48.611] GRBL WPos updated: X=3.112 Y=6.540 Z=2.160
[17:16:48.774] GRBL WPos updated: X=3.208 Y=6.540 Z=2.160
[17:16:48.893] GRBL WPos updated: X=3.368 Y=6.540 Z=2.160
[17:16:48.926] GRBL WPos updated: X=3.416 Y=6.540 Z=2.160
[17:16:49.085] GRBL WPos updated: X=3.428 Y=6.540 Z=2.160
[17:16:49.177] GRBL WPos updated: X=3.588 Y=6.540 Z=2.160
[17:16:49.283] GRBL WPos updated: X=3.692 Y=6.540 Z=2.160
[17:16:49.380] GRBL WPos updated: X=3.804 Y=6.540 Z=2.160
[17:16:49.484] GRBL WPos updated: X=3.900 Y=6.540 Z=2.160
[17:16:49.595] GRBL WPos updated: X=4.000 Y=6.540 Z=2.160
[17:16:49.695] GRBL WPos updated: X=4.108 Y=6.540 Z=2.160
[17:16:49.800] GRBL WPos updated: X=4.204 Y=6.540 Z=2.160
[17:16:49.924] GRBL WPos updated: X=4.300 Y=6.540 Z=2.160
[17:16:50.091] GRBL WPos updated: X=4.424 Y=6.540 Z=2.160
[17:16:50.189] GRBL WPos updated: X=4.544 Y=6.540 Z=2.160
[17:16:50.295] GRBL WPos updated: X=4.608 Y=6.540 Z=2.160
[17:16:50.388] GRBL WPos updated: X=4.656 Y=6.540 Z=2.160
[17:16:50.494] GRBL WPos updated: X=4.760 Y=6.540 Z=2.160
[17:16:50.604] GRBL WPos updated: X=4.896 Y=6.540 Z=2.160
[17:16:50.691] GRBL WPos updated: X=5.012 Y=6.540 Z=2.160
[17:16:50.800] GRBL WPos updated: X=5.096 Y=6.540 Z=2.160
[17:16:50.893] GRBL WPos updated: X=5.200 Y=6.540 Z=2.160
[17:16:51.006] GRBL WPos updated: X=5.296 Y=6.540 Z=2.160
[17:16:51.127] GRBL WPos updated: X=5.408 Y=6.540 Z=2.160
[17:16:51.235] GRBL WPos updated: X=5.524 Y=6.540 Z=2.160
[17:16:51.404] GRBL WPos updated: X=5.612 Y=6.540 Z=2.160
[17:16:51.501] GRBL WPos updated: X=5.776 Y=6.540 Z=2.160
[17:16:51.600] GRBL WPos updated: X=5.816 Y=6.540 Z=2.160
[17:16:51.709] GRBL WPos updated: X=5.872 Y=6.540 Z=2.160
[17:16:51.805] GRBL WPos updated: X=5.980 Y=6.540 Z=2.160
[17:16:51.901] GRBL WPos updated: X=6.092 Y=6.540 Z=2.160
[17:16:52.001] GRBL WPos updated: X=6.192 Y=6.540 Z=2.160
[17:16:52.108] GRBL WPos updated: X=6.296 Y=6.540 Z=2.160
[17:16:52.217] GRBL WPos updated: X=6.404 Y=6.540 Z=2.160
[17:16:52.323] GRBL WPos updated: X=6.516 Y=6.540 Z=2.160
[17:16:52.434] GRBL WPos updated: X=6.608 Y=6.540 Z=2.160
[17:16:52.545] GRBL WPos updated: X=6.708 Y=6.540 Z=2.160
[17:16:52.717] GRBL WPos updated: X=6.812 Y=6.540 Z=2.160
[17:16:52.804] GRBL WPos updated: X=6.972 Y=6.540 Z=2.160
[17:16:52.901] GRBL WPos updated: X=7.012 Y=6.540 Z=2.160
[17:16:53.020] GRBL WPos updated: X=7.056 Y=6.540 Z=2.160
[17:16:53.106] GRBL WPos updated: X=7.192 Y=6.540 Z=2.160
[17:16:53.211] GRBL WPos updated: X=7.288 Y=6.540 Z=2.160
[17:16:53.324] GRBL WPos updated: X=7.396 Y=6.540 Z=2.160
[17:16:53.422] GRBL WPos updated: X=7.508 Y=6.540 Z=2.160
[17:16:53.519] GRBL WPos updated: X=7.600 Y=6.540 Z=2.160
[17:16:53.725] GRBL WPos updated: X=7.696 Y=6.540 Z=2.160
[17:16:53.746] GRBL WPos updated: X=7.896 Y=6.540 Z=2.160
[17:16:53.856] GRBL WPos updated: X=7.904 Y=6.540 Z=2.160
[17:16:54.029] GRBL WPos updated: X=7.940 Y=6.540 Z=2.160
[17:16:54.124] GRBL WPos updated: X=8.156 Y=6.540 Z=2.160
[17:16:54.209] GRBL WPos updated: X=8.208 Y=6.540 Z=2.160
[17:16:54.309] GRBL WPos updated: X=8.240 Y=6.540 Z=2.160
[17:16:54.429] GRBL WPos updated: X=8.336 Y=6.540 Z=2.160
[17:16:54.526] GRBL WPos updated: X=8.508 Y=6.540 Z=2.160
[17:16:54.619] GRBL WPos updated: X=8.604 Y=6.540 Z=2.160
[17:16:54.734] GRBL WPos updated: X=8.692 Y=6.540 Z=2.160
[17:16:54.832] GRBL WPos updated: X=8.812 Y=6.540 Z=2.160
[17:16:54.940] GRBL WPos updated: X=8.904 Y=6.540 Z=2.160
[17:16:55.066] GRBL WPos updated: X=9.004 Y=6.540 Z=2.160
[17:16:55.228] GRBL WPos updated: X=9.132 Y=6.540 Z=2.160
[17:16:55.314] GRBL WPos updated: X=9.224 Y=6.540 Z=2.160
[17:16:56.283] GRBL WPos updated: X=9.224 Y=6.632 Z=2.160
[17:16:56.432] GRBL WPos updated: X=9.224 Y=6.644 Z=2.160
[17:16:56.531] GRBL WPos updated: X=9.224 Y=6.704 Z=2.160
[17:17:12.565] Motion controller disconnected
[17:17:14.569] EMERGENCY STOP: no active GRBL connection
[17:17:15.281] No active motion connection
[17:17:15.493] No active motion connection
[17:17:15.604] No active motion connection
[17:17:15.778] No active motion connection
[17:17:15.883] No active motion connection
[17:17:16.080] No active motion connection
[17:17:16.211] No active motion connection
[17:17:16.396] No active motion connection
[17:17:16.592] No active motion connection
[17:17:16.793] No active motion connection
[17:17:16.883] No active motion connection
[17:17:18.219] Connected to COM5 at 115200 baud; status polling started
[17:17:18.340] GRBL reply without MPos: ok\r
[17:17:19.916] GRBL WPos updated: X=9.252 Y=6.704 Z=2.160
[17:17:20.013] GRBL WPos updated: X=9.320 Y=6.704 Z=2.160
[17:17:20.103] GRBL WPos updated: X=9.340 Y=6.704 Z=2.160
[17:17:20.927] GRBL WPos updated: X=9.388 Y=6.704 Z=2.160
[17:17:21.517] GRBL WPos updated: X=9.408 Y=6.704 Z=2.160
[17:17:21.622] GRBL WPos updated: X=9.436 Y=6.704 Z=2.160
[17:17:21.724] GRBL WPos updated: X=9.468 Y=6.704 Z=2.160
[17:17:21.840] GRBL WPos updated: X=9.484 Y=6.704 Z=2.160
[17:17:21.946] GRBL WPos updated: X=9.520 Y=6.704 Z=2.160
[17:17:22.117] GRBL WPos updated: X=9.532 Y=6.704 Z=2.160
[17:17:22.225] GRBL WPos updated: X=9.580 Y=6.704 Z=2.160
[17:17:22.277] GRBL WPos updated: X=9.612 Y=6.704 Z=2.160
[17:17:22.416] GRBL WPos updated: X=9.628 Y=6.704 Z=2.160
[17:17:22.524] GRBL WPos updated: X=9.648 Y=6.704 Z=2.160
[17:17:22.629] GRBL WPos updated: X=9.676 Y=6.704 Z=2.160
[17:17:22.733] GRBL WPos updated: X=9.704 Y=6.704 Z=2.160
[17:17:22.823] GRBL WPos updated: X=9.724 Y=6.704 Z=2.160
[17:17:23.259] GRBL WPos updated: X=9.736 Y=6.704 Z=2.160
[17:17:23.432] GRBL WPos updated: X=9.772 Y=6.704 Z=2.160
[17:17:23.532] GRBL WPos updated: X=9.804 Y=6.704 Z=2.160
[17:17:23.641] GRBL WPos updated: X=9.840 Y=6.704 Z=2.160
[17:17:23.740] GRBL WPos updated: X=9.912 Y=6.704 Z=2.160
[17:17:23.836] GRBL WPos updated: X=9.932 Y=6.704 Z=2.160
[17:17:23.946] GRBL WPos updated: X=9.972 Y=6.704 Z=2.160
[17:17:24.045] GRBL WPos updated: X=10.080 Y=6.704 Z=2.160
[17:17:24.132] GRBL WPos updated: X=10.148 Y=6.704 Z=2.160
[17:17:25.359] GRBL WPos updated: X=10.124 Y=6.704 Z=2.160
[17:17:25.452] GRBL WPos updated: X=10.100 Y=6.704 Z=2.160
[17:17:25.879] GRBL WPos updated: X=10.064 Y=6.704 Z=2.160
[17:17:26.050] GRBL WPos updated: X=10.052 Y=6.704 Z=2.160
[17:17:26.253] GRBL WPos updated: X=10.028 Y=6.704 Z=2.160
[17:17:26.365] GRBL WPos updated: X=10.004 Y=6.704 Z=2.160
[17:17:26.459] GRBL WPos updated: X=9.988 Y=6.704 Z=2.160
[17:17:26.544] GRBL WPos updated: X=9.916 Y=6.704 Z=2.160
[17:17:26.667] GRBL WPos updated: X=9.896 Y=6.704 Z=2.160
[17:17:26.764] GRBL WPos updated: X=9.856 Y=6.704 Z=2.160
[17:17:26.866] GRBL WPos updated: X=9.792 Y=6.704 Z=2.160
[17:17:27.065] GRBL WPos updated: X=9.772 Y=6.704 Z=2.160
[17:17:27.080] GRBL WPos updated: X=9.676 Y=6.704 Z=2.160
[17:17:27.197] GRBL WPos updated: X=9.672 Y=6.704 Z=2.160
[17:17:27.367] GRBL WPos updated: X=9.652 Y=6.704 Z=2.160
[17:17:27.468] GRBL WPos updated: X=9.616 Y=6.704 Z=2.160
[17:17:27.556] GRBL WPos updated: X=9.572 Y=6.704 Z=2.160
[17:17:27.648] GRBL WPos updated: X=9.552 Y=6.704 Z=2.160
[17:17:27.773] GRBL WPos updated: X=9.516 Y=6.704 Z=2.160
[17:17:27.870] GRBL WPos updated: X=9.468 Y=6.704 Z=2.160
[17:17:27.965] GRBL WPos updated: X=9.416 Y=6.704 Z=2.160
[17:17:28.076] GRBL WPos updated: X=9.400 Y=6.704 Z=2.160
[17:17:28.972] GRBL WPos updated: X=9.424 Y=6.704 Z=2.160
[17:17:29.084] GRBL WPos updated: X=9.448 Y=6.704 Z=2.160
[17:17:29.277] GRBL WPos updated: X=9.468 Y=6.704 Z=2.160
[17:17:29.384] GRBL WPos updated: X=9.496 Y=6.704 Z=2.160
[17:17:32.213] BUTTON command sent: 'G91\nG0 X0.1 F600\nG90'
[17:17:32.508] GRBL WPos updated: X=9.544 Y=6.704 Z=2.160
[17:17:32.600] GRBL WPos updated: X=9.596 Y=6.704 Z=2.160
[17:17:32.915] BUTTON command sent: 'G91\nG0 X0.1 F600\nG90'
[17:17:33.095] GRBL WPos updated: X=9.616 Y=6.704 Z=2.160
[17:17:33.125] BUTTON command sent: 'G91\nG0 X0.1 F600\nG90'
[17:17:33.207] GRBL WPos updated: X=9.688 Y=6.704 Z=2.160
[17:17:33.313] BUTTON command sent: 'G91\nG0 X0.1 F600\nG90'
[17:17:33.316] GRBL WPos updated: X=9.720 Y=6.704 Z=2.160
[17:17:33.519] GRBL WPos updated: X=9.792 Y=6.704 Z=2.160
[17:17:33.526] BUTTON command sent: 'G91\nG0 X0.1 F600\nG90'
[17:17:33.562] GRBL WPos updated: X=9.892 Y=6.704 Z=2.160
[17:17:33.645] BUTTON command sent: 'G91\nG0 X0.1 F600\nG90'
[17:17:33.649] GRBL WPos updated: X=9.900 Y=6.704 Z=2.160
[17:17:33.820] GRBL WPos updated: X=9.960 Y=6.704 Z=2.160
[17:17:33.828] BUTTON command sent: 'G91\nG0 X0.1 F600\nG90'
[17:17:33.910] GRBL WPos updated: X=10.032 Y=6.704 Z=2.160
[17:17:34.011] GRBL WPos updated: X=10.092 Y=6.704 Z=2.160
[17:17:34.018] BUTTON command sent: 'G91\nG0 X0.1 F600\nG90'
[17:17:34.108] GRBL WPos updated: X=10.124 Y=6.704 Z=2.160
[17:17:34.213] GRBL WPos updated: X=10.192 Y=6.704 Z=2.160
[17:17:34.316] GRBL WPos updated: X=10.228 Y=6.704 Z=2.160
[17:17:34.323] BUTTON command sent: 'G91\nG0 X0.1 F600\nG90'
[17:17:34.410] GRBL WPos updated: X=10.292 Y=6.704 Z=2.160
[17:17:34.516] GRBL WPos updated: X=10.324 Y=6.704 Z=2.160
[17:17:34.522] BUTTON command sent: 'G91\nG0 X0.1 F600\nG90'
[17:17:34.631] GRBL WPos updated: X=10.392 Y=6.704 Z=2.160
[17:17:34.819] GRBL WPos updated: X=10.444 Y=6.704 Z=2.160
[17:17:34.826] BUTTON command sent: 'G91\nG0 X0.1 F600\nG90'
[17:17:34.863] GRBL WPos updated: X=10.496 Y=6.704 Z=2.160
[17:17:34.962] GRBL WPos updated: X=10.500 Y=6.704 Z=2.160
[17:17:35.022] BUTTON command sent: 'G91\nG0 X0.1 F600\nG90'
[17:17:35.110] GRBL WPos updated: X=10.560 Y=6.704 Z=2.160
[17:17:35.132] BUTTON command sent: 'G91\nG0 X0.1 F600\nG90'
[17:17:35.228] GRBL WPos updated: X=10.616 Y=6.704 Z=2.160
[17:17:35.324] GRBL WPos updated: X=10.692 Y=6.704 Z=2.160
[17:17:35.333] BUTTON command sent: 'G91\nG0 X0.1 F600\nG90'
[17:17:35.414] GRBL WPos updated: X=10.724 Y=6.704 Z=2.160
[17:17:35.521] GRBL WPos updated: X=10.788 Y=6.704 Z=2.160
[17:17:35.525] BUTTON command sent: 'G91\nG0 X0.1 F600\nG90'
[17:17:35.623] GRBL WPos updated: X=10.824 Y=6.704 Z=2.160
[17:17:35.630] BUTTON command sent: 'G91\nG0 X0.1 F600\nG90'
[17:17:35.725] GRBL WPos updated: X=10.892 Y=6.704 Z=2.160
[17:17:35.822] BUTTON command sent: 'G91\nG0 X0.1 F600\nG90'
[17:17:35.835] GRBL WPos updated: X=10.964 Y=6.704 Z=2.160
[17:17:35.944] GRBL WPos updated: X=11.072 Y=6.704 Z=2.160
[17:17:36.033] BUTTON command sent: 'G91\nG0 X0.1 F600\nG90'
[17:17:36.123] GRBL WPos updated: X=11.104 Y=6.704 Z=2.160
[17:17:36.230] GRBL WPos updated: X=11.200 Y=6.704 Z=2.160
[17:17:36.238] BUTTON command sent: 'G91\nG0 X0.1 F600\nG90'
[17:17:36.274] GRBL WPos updated: X=11.268 Y=6.704 Z=2.160
[17:17:36.336] BUTTON command sent: 'G91\nG0 X0.1 F600\nG90'
[17:17:36.423] GRBL WPos updated: X=11.288 Y=6.704 Z=2.160
[17:17:36.541] GRBL WPos updated: X=11.364 Y=6.704 Z=2.160
[17:17:36.550] BUTTON command sent: 'G91\nG0 X0.1 F600\nG90'
[17:17:36.626] GRBL WPos updated: X=11.472 Y=6.704 Z=2.160
[17:17:36.722] GRBL WPos updated: X=11.500 Y=6.704 Z=2.160
[17:17:36.823] GRBL WPos updated: X=11.560 Y=6.704 Z=2.160
[17:17:36.829] BUTTON command sent: 'G91\nG0 X0.1 F600\nG90'
[17:17:36.938] GRBL WPos updated: X=11.596 Y=6.704 Z=2.160
[17:17:37.037] GRBL WPos updated: X=11.636 Y=6.704 Z=2.160
[17:17:37.046] BUTTON command sent: 'G91\nG0 X0.1 F600\nG90'
[17:17:37.141] GRBL WPos updated: X=11.692 Y=6.704 Z=2.160
[17:17:37.247] BUTTON command sent: 'G91\nG0 X0.1 F600\nG90'
[17:17:37.251] GRBL WPos updated: X=11.740 Y=6.704 Z=2.160
[17:17:37.438] GRBL WPos updated: X=11.796 Y=6.704 Z=2.160
[17:17:37.446] BUTTON command sent: 'G91\nG0 X0.1 F600\nG90'
[17:17:37.544] GRBL WPos updated: X=11.892 Y=6.704 Z=2.160
[17:17:37.552] BUTTON command sent: 'G91\nG0 X0.1 F600\nG90'
[17:17:37.588] GRBL WPos updated: X=11.940 Y=6.704 Z=2.160
[17:17:37.676] BUTTON command sent: 'G91\nG0 X0.1 F600\nG90'
[17:17:37.739] GRBL WPos updated: X=11.976 Y=6.704 Z=2.160
[17:17:37.826] GRBL WPos updated: X=12.036 Y=6.704 Z=2.160
[17:17:37.850] BUTTON command sent: 'G91\nG0 X0.1 F600\nG90'
[17:17:37.951] GRBL WPos updated: X=12.116 Y=6.704 Z=2.160
[17:17:38.045] GRBL WPos updated: X=12.196 Y=6.704 Z=2.160
[17:17:38.052] BUTTON command sent: 'G91\nG0 X0.1 F600\nG90'
[17:17:38.139] GRBL WPos updated: X=12.240 Y=6.704 Z=2.160
[17:17:38.252] GRBL WPos updated: X=12.292 Y=6.704 Z=2.160
[17:17:38.261] BUTTON command sent: 'G91\nG0 X0.1 F600\nG90'
[17:17:38.346] GRBL WPos updated: X=12.348 Y=6.704 Z=2.160
[17:17:38.448] BUTTON command sent: 'G91\nG0 X0.1 F600\nG90'
[17:17:38.456] GRBL WPos updated: X=12.396 Y=6.704 Z=2.160
[17:17:38.577] GRBL WPos updated: X=12.448 Y=6.704 Z=2.160
[17:17:38.658] BUTTON command sent: 'G91\nG0 X0.1 F600\nG90'
[17:17:38.748] GRBL WPos updated: X=12.500 Y=6.704 Z=2.160
[17:17:38.844] GRBL WPos updated: X=12.596 Y=6.704 Z=2.160
[17:17:38.944] GRBL WPos updated: X=12.636 Y=6.704 Z=2.160
[17:17:39.050] GRBL WPos updated: X=12.696 Y=6.704 Z=2.160
[17:17:42.084] BUTTON command sent: 'G91\nG0 X1 F600\nG90'
[17:17:42.371] GRBL WPos updated: X=12.720 Y=6.704 Z=2.160
[17:17:42.395] GRBL WPos updated: X=13.052 Y=6.704 Z=2.160
[17:17:42.505] GRBL WPos updated: X=13.120 Y=6.704 Z=2.160
[17:17:42.683] GRBL WPos updated: X=13.428 Y=6.704 Z=2.160
[17:17:42.779] GRBL WPos updated: X=13.680 Y=6.704 Z=2.160
[17:17:42.876] GRBL WPos updated: X=13.696 Y=6.704 Z=2.160
[17:17:42.883] BUTTON command sent: 'G91\nG0 X1 F600\nG90'
[17:17:43.084] GRBL WPos updated: X=13.720 Y=6.704 Z=2.160
[17:17:43.184] GRBL WPos updated: X=13.856 Y=6.704 Z=2.160
[17:17:43.266] GRBL WPos updated: X=14.092 Y=6.704 Z=2.160
[17:17:43.379] GRBL WPos updated: X=14.332 Y=6.704 Z=2.160
[17:17:43.486] GRBL WPos updated: X=14.572 Y=6.704 Z=2.160
[17:17:43.692] GRBL WPos updated: X=14.684 Y=6.704 Z=2.160
[17:17:43.704] GRBL WPos updated: X=14.696 Y=6.704 Z=2.160
[17:17:44.702] BUTTON command sent: 'G10 L20 P1 X0 Y0 Z0'
[17:17:44.703] ZERO ALL: requested; waiting for updated WPos
[17:17:44.892] GRBL WPos updated: X=0.001 Y=0.000 Z=0.000
[17:17:47.925] BUTTON command sent: 'G91\nG0 Y-1 F600\nG90'
[17:17:48.123] GRBL WPos updated: X=0.001 Y=-0.020 Z=0.000
[17:17:48.222] GRBL WPos updated: X=0.001 Y=-0.156 Z=0.000
[17:17:48.345] GRBL WPos updated: X=0.001 Y=-0.380 Z=0.000
[17:17:48.454] GRBL WPos updated: X=0.001 Y=-0.724 Z=0.000
[17:17:48.618] GRBL WPos updated: X=0.001 Y=-0.920 Z=0.000
[17:17:48.711] GRBL WPos updated: X=0.001 Y=-1.000 Z=0.000
[17:17:49.424] BUTTON command sent: 'G91\nG0 Y-1 F600\nG90'
[17:17:49.723] GRBL WPos updated: X=0.001 Y=-1.172 Z=0.000
[17:17:49.836] GRBL WPos updated: X=0.001 Y=-1.388 Z=0.000
[17:17:49.927] GRBL WPos updated: X=0.001 Y=-1.712 Z=0.000
[17:17:50.028] GRBL WPos updated: X=0.001 Y=-1.888 Z=0.000
[17:17:50.140] GRBL WPos updated: X=0.001 Y=-1.988 Z=0.000
[17:17:50.236] GRBL WPos updated: X=0.001 Y=-2.000 Z=0.000
[17:17:50.849] BUTTON command sent: 'G91\nG0 X1 F600\nG90'
[17:17:51.037] GRBL WPos updated: X=0.021 Y=-2.000 Z=0.000
[17:17:51.131] GRBL WPos updated: X=0.141 Y=-2.000 Z=0.000
[17:17:51.244] GRBL WPos updated: X=0.345 Y=-2.000 Z=0.000
[17:17:51.343] GRBL WPos updated: X=0.669 Y=-2.000 Z=0.000
[17:17:51.443] GRBL WPos updated: X=0.877 Y=-2.000 Z=0.000
[17:17:51.550] GRBL WPos updated: X=0.985 Y=-2.000 Z=0.000
[17:17:51.668] GRBL WPos updated: X=1.001 Y=-2.000 Z=0.000
[17:17:52.756] BUTTON command sent: 'G91\nG0 Y-1 F600\nG90'
[17:17:52.980] GRBL WPos updated: X=1.001 Y=-2.036 Z=0.000
[17:17:53.147] GRBL WPos updated: X=1.001 Y=-2.204 Z=0.000
[17:17:53.259] GRBL WPos updated: X=1.001 Y=-2.656 Z=0.000
[17:17:53.299] GRBL WPos updated: X=1.001 Y=-2.888 Z=0.000
[17:17:53.451] GRBL WPos updated: X=1.001 Y=-2.936 Z=0.000
[17:17:53.565] GRBL WPos updated: X=1.001 Y=-3.000 Z=0.000
[17:17:55.073] BUTTON command sent: 'G91\nG0 Z1 F600\nG90'
[17:17:55.276] GRBL WPos updated: X=1.001 Y=-3.000 Z=0.020
[17:17:55.377] GRBL WPos updated: X=1.001 Y=-3.000 Z=0.168
[17:17:55.488] GRBL WPos updated: X=1.001 Y=-3.000 Z=0.400
[17:17:55.596] GRBL WPos updated: X=1.001 Y=-3.000 Z=0.716
[17:17:55.772] GRBL WPos updated: X=1.001 Y=-3.000 Z=0.916
[17:17:55.868] GRBL WPos updated: X=1.001 Y=-3.000 Z=1.000
[17:17:56.480] BUTTON command sent: 'G91\nG0 Z1 F600\nG90'
[17:17:56.710] GRBL WPos updated: X=1.001 Y=-3.000 Z=1.036
[17:17:56.819] GRBL WPos updated: X=1.001 Y=-3.000 Z=1.220
[17:17:56.989] GRBL WPos updated: X=1.001 Y=-3.000 Z=1.508
[17:17:57.085] GRBL WPos updated: X=1.001 Y=-3.000 Z=1.896
[17:17:57.181] GRBL WPos updated: X=1.001 Y=-3.000 Z=1.988
[17:17:57.291] GRBL WPos updated: X=1.001 Y=-3.000 Z=2.000
[17:17:58.093] BUTTON command sent: 'G91\nG0 Z1 F600\nG90'
[17:17:58.285] GRBL WPos updated: X=1.001 Y=-3.000 Z=2.004
[17:17:58.388] GRBL WPos updated: X=1.001 Y=-3.000 Z=2.148
[17:17:58.490] GRBL WPos updated: X=1.001 Y=-3.000 Z=2.376
[17:17:58.577] GRBL WPos updated: X=1.001 Y=-3.000 Z=2.668
[17:17:58.698] GRBL WPos updated: X=1.001 Y=-3.000 Z=2.856
[17:17:58.795] GRBL WPos updated: X=1.001 Y=-3.000 Z=2.988
[17:17:58.896] GRBL WPos updated: X=1.001 Y=-3.000 Z=3.000
[17:17:59.503] BUTTON command sent: 'G91\nG0 Z1 F600\nG90'
[17:17:59.707] GRBL WPos updated: X=1.001 Y=-3.000 Z=3.020
[17:17:59.802] GRBL WPos updated: X=1.001 Y=-3.000 Z=3.168
[17:17:59.898] GRBL WPos updated: X=1.001 Y=-3.000 Z=3.388
[17:18:00.010] GRBL WPos updated: X=1.001 Y=-3.000 Z=3.668
[17:18:00.105] GRBL WPos updated: X=1.001 Y=-3.000 Z=3.892
[17:18:00.296] GRBL WPos updated: X=1.001 Y=-3.000 Z=3.988
[17:18:00.326] GRBL WPos updated: X=1.001 Y=-3.000 Z=4.000
[17:18:01.009] BUTTON command sent: 'G91\nG0 Z1 F600\nG90'
[17:18:01.202] GRBL WPos updated: X=1.001 Y=-3.000 Z=4.036
[17:18:01.307] GRBL WPos updated: X=1.001 Y=-3.000 Z=4.148
[17:18:01.421] GRBL WPos updated: X=1.001 Y=-3.000 Z=4.388
[17:18:01.626] GRBL WPos updated: X=1.001 Y=-3.000 Z=4.712
[17:18:01.750] GRBL WPos updated: X=1.001 Y=-3.000 Z=4.992
[17:18:01.917] GRBL WPos updated: X=1.001 Y=-3.000 Z=5.000
[17:18:02.626] BUTTON command sent: 'G91\nG0 Z1 F600\nG90'
[17:18:02.831] GRBL WPos updated: X=1.001 Y=-3.000 Z=5.036
[17:18:02.951] GRBL WPos updated: X=1.001 Y=-3.000 Z=5.168
[17:18:03.058] GRBL WPos updated: X=1.001 Y=-3.000 Z=5.464
[17:18:03.227] GRBL WPos updated: X=1.001 Y=-3.000 Z=5.756
[17:18:03.322] GRBL WPos updated: X=1.001 Y=-3.000 Z=5.988
[17:18:03.435] GRBL WPos updated: X=1.001 Y=-3.000 Z=6.000
[17:18:04.140] BUTTON command sent: 'G91\nG0 Z1 F600\nG90'
[17:18:04.367] GRBL WPos updated: X=1.001 Y=-3.000 Z=6.044
[17:18:04.636] GRBL WPos updated: X=1.001 Y=-3.000 Z=6.212
[17:18:04.728] GRBL WPos updated: X=1.001 Y=-3.000 Z=6.876
[17:18:04.842] GRBL WPos updated: X=1.001 Y=-3.000 Z=6.980
[17:18:04.937] GRBL WPos updated: X=1.001 Y=-3.000 Z=7.000
[17:18:05.267] BUTTON command sent: 'G91\nG0 Z1 F600\nG90'
[17:18:05.456] GRBL WPos updated: X=1.001 Y=-3.000 Z=7.020
[17:18:05.548] BUTTON command sent: 'G91\nG0 Z1 F600\nG90'
[17:18:05.643] GRBL WPos updated: X=1.001 Y=-3.000 Z=7.144
[17:18:05.738] GRBL WPos updated: X=1.001 Y=-3.000 Z=7.620
[17:18:05.746] BUTTON command sent: 'G91\nG0 Z1 F600\nG90'
[17:18:05.853] GRBL WPos updated: X=1.001 Y=-3.000 Z=7.936
[17:18:05.861] BUTTON command sent: 'G91\nG0 Z1 F600\nG90'
[17:18:05.937] GRBL WPos updated: X=1.001 Y=-3.000 Z=8.388
[17:18:06.044] GRBL WPos updated: X=1.001 Y=-3.000 Z=8.760
[17:18:06.053] BUTTON command sent: 'G91\nG0 Z1 F600\nG90'
[17:18:06.154] GRBL WPos updated: X=1.001 Y=-3.000 Z=9.320
[17:18:06.253] BUTTON command sent: 'G91\nG0 Z1 F600\nG90'
[17:18:06.254] GRBL WPos updated: X=1.001 Y=-3.000 Z=9.904
[17:18:06.361] GRBL WPos updated: X=1.001 Y=-3.000 Z=10.456
[17:18:06.443] BUTTON command sent: 'G91\nG0 Z1 F600\nG90'
[17:18:06.546] GRBL WPos updated: X=1.001 Y=-3.000 Z=10.996
[17:18:06.580] GRBL WPos updated: X=1.001 Y=-3.000 Z=11.960
[17:18:06.650] BUTTON command sent: 'G91\nG0 Z1 F600\nG90'
[17:18:06.691] GRBL WPos updated: X=1.001 Y=-3.000 Z=12.128
[17:18:06.858] GRBL WPos updated: X=1.001 Y=-3.000 Z=12.724
[17:18:06.863] BUTTON command sent: 'G91\nG0 Z1 F600\nG90'
[17:18:06.944] GRBL WPos updated: X=1.001 Y=-3.000 Z=13.580
[17:18:06.970] BUTTON command sent: 'G91\nG0 Z1 F600\nG90'
[17:18:07.040] GRBL WPos updated: X=1.001 Y=-3.000 Z=14.008
[17:18:07.152] GRBL WPos updated: X=1.001 Y=-3.000 Z=14.488
[17:18:07.157] BUTTON command sent: 'G91\nG0 Z1 F600\nG90'
[17:18:07.248] GRBL WPos updated: X=1.001 Y=-3.000 Z=15.140
[17:18:07.345] GRBL WPos updated: X=1.001 Y=-3.000 Z=15.684
[17:18:07.350] BUTTON command sent: 'G91\nG0 Z1 F600\nG90'
[17:18:07.456] GRBL WPos updated: X=1.001 Y=-3.000 Z=16.248
[17:18:07.568] GRBL WPos updated: X=1.001 Y=-3.000 Z=16.844
[17:18:07.659] BUTTON command sent: 'G91\nG0 Z1 F600\nG90'
[17:18:07.679] GRBL WPos updated: X=1.001 Y=-3.000 Z=17.472
[17:18:07.791] GRBL WPos updated: X=1.001 Y=-3.000 Z=18.032
[17:18:07.861] BUTTON command sent: 'G91\nG0 Z1 F600\nG90'
[17:18:07.953] GRBL WPos updated: X=1.001 Y=-3.000 Z=18.484
[17:18:07.979] BUTTON command sent: 'G91\nG0 Z1 F600\nG90'
[17:18:08.049] GRBL WPos updated: X=1.001 Y=-3.000 Z=19.220
[17:18:08.161] GRBL WPos updated: X=1.001 Y=-3.000 Z=19.688
[17:18:08.258] GRBL WPos updated: X=1.001 Y=-3.000 Z=20.300
[17:18:08.353] GRBL WPos updated: X=1.001 Y=-3.000 Z=20.816
[17:18:08.449] GRBL WPos updated: X=1.001 Y=-3.000 Z=21.236
[17:18:08.561] GRBL WPos updated: X=1.001 Y=-3.000 Z=21.568
[17:18:08.571] BUTTON command sent: 'G91\nG0 Z1 F600\nG90'
[17:18:08.659] GRBL WPos updated: X=1.001 Y=-3.000 Z=21.832
[17:18:08.767] BUTTON command sent: 'G91\nG0 Z1 F600\nG90'
[17:18:08.770] GRBL WPos updated: X=1.001 Y=-3.000 Z=21.964
[17:18:08.877] GRBL WPos updated: X=1.001 Y=-3.000 Z=22.124
[17:18:08.971] BUTTON command sent: 'G91\nG0 Z1 F600\nG90'
[17:18:09.005] GRBL WPos updated: X=1.001 Y=-3.000 Z=22.404
[17:18:09.165] GRBL WPos updated: X=1.001 Y=-3.000 Z=22.876
[17:18:09.172] BUTTON command sent: 'G91\nG0 Z1 F600\nG90'
[17:18:09.276] GRBL WPos updated: X=1.001 Y=-3.000 Z=23.656
[17:18:09.284] BUTTON command sent: 'G91\nG0 Z1 F600\nG90'
[17:18:09.365] GRBL WPos updated: X=1.001 Y=-3.000 Z=24.176
[17:18:09.464] GRBL WPos updated: X=1.001 Y=-3.000 Z=24.620
[17:18:09.471] BUTTON command sent: 'G91\nG0 Z1 F600\nG90'
[17:18:09.569] GRBL WPos updated: X=1.001 Y=-3.000 Z=25.184
[17:18:09.595] BUTTON command sent: 'G91\nG0 Z1 F600\nG90'
[17:18:09.667] GRBL WPos updated: X=1.001 Y=-3.000 Z=25.760
[17:18:09.773] GRBL WPos updated: X=1.001 Y=-3.000 Z=26.324
[17:18:09.882] GRBL WPos updated: X=1.001 Y=-3.000 Z=26.972
[17:18:09.984] GRBL WPos updated: X=1.001 Y=-3.000 Z=27.608
[17:18:10.160] GRBL WPos updated: X=1.001 Y=-3.000 Z=28.096
[17:18:10.277] GRBL WPos updated: X=1.001 Y=-3.000 Z=28.692
[17:18:10.315] GRBL WPos updated: X=1.001 Y=-3.000 Z=28.912
[17:18:10.476] GRBL WPos updated: X=1.001 Y=-3.000 Z=28.956
[17:18:10.589] GRBL WPos updated: X=1.001 Y=-3.000 Z=29.000
[17:18:10.688] BUTTON command sent: 'G91\nG0 Y1 F600\nG90'
[17:18:10.881] GRBL WPos updated: X=1.001 Y=-2.980 Z=29.000
[17:18:10.885] BUTTON command sent: 'G91\nG0 Y1 F600\nG90'
[17:18:10.985] GRBL WPos updated: X=1.001 Y=-2.856 Z=29.000
[17:18:10.995] BUTTON command sent: 'G91\nG0 Y1 F600\nG90'
[17:18:11.087] GRBL WPos updated: X=1.001 Y=-2.620 Z=29.000
[17:18:11.185] BUTTON command sent: 'G91\nG0 Y1 F600\nG90'
[17:18:11.189] GRBL WPos updated: X=1.001 Y=-2.288 Z=29.000
[17:18:11.304] GRBL WPos updated: X=1.001 Y=-1.848 Z=29.000
[17:18:11.393] BUTTON command sent: 'G91\nG0 Y1 F600\nG90'
[17:18:11.475] GRBL WPos updated: X=1.001 Y=-1.236 Z=29.000
[17:18:11.596] GRBL WPos updated: X=1.001 Y=-0.252 Z=29.000
[17:18:11.603] BUTTON command sent: 'G91\nG0 Y1 F600\nG90'
[17:18:11.629] GRBL WPos updated: X=1.001 Y=0.400 Z=29.000
[17:18:11.699] BUTTON command sent: 'G91\nG0 Y1 F600\nG90'
[17:18:11.786] GRBL WPos updated: X=1.001 Y=0.588 Z=29.000
[17:18:11.885] GRBL WPos updated: X=1.001 Y=1.408 Z=29.000
[17:18:11.985] GRBL WPos updated: X=1.001 Y=2.016 Z=29.000
[17:18:12.091] GRBL WPos updated: X=1.001 Y=2.600 Z=29.000
[17:18:12.189] GRBL WPos updated: X=1.001 Y=3.104 Z=29.000
[17:18:12.299] GRBL WPos updated: X=1.001 Y=3.472 Z=29.000
[17:18:12.306] BUTTON command sent: 'G91\nG0 X1 F600\nG90'
[17:18:12.394] GRBL WPos updated: X=1.001 Y=3.772 Z=29.000
[17:18:12.495] BUTTON command sent: 'G91\nG0 X1 F600\nG90'
[17:18:12.505] GRBL WPos updated: X=1.001 Y=3.928 Z=29.000
[17:18:12.615] GRBL WPos updated: X=1.029 Y=4.000 Z=29.000
[17:18:12.702] BUTTON command sent: 'G91\nG0 X1 F600\nG90'
[17:18:12.790] GRBL WPos updated: X=1.193 Y=4.000 Z=29.000
[17:18:12.889] GRBL WPos updated: X=1.705 Y=4.000 Z=29.000
[17:18:12.896] BUTTON command sent: 'G91\nG0 X1 F600\nG90'
[17:18:12.998] GRBL WPos updated: X=2.129 Y=4.000 Z=29.000
[17:18:13.019] BUTTON command sent: 'G91\nG0 X1 F600\nG90'
[17:18:13.088] GRBL WPos updated: X=2.701 Y=4.000 Z=29.000
[17:18:13.195] GRBL WPos updated: X=3.237 Y=4.000 Z=29.000
[17:18:13.211] BUTTON command sent: 'G91\nG0 X1 F600\nG90'
[17:18:13.308] GRBL WPos updated: X=3.901 Y=4.000 Z=29.000
[17:18:13.405] GRBL WPos updated: X=4.573 Y=4.000 Z=29.000
[17:18:13.414] BUTTON command sent: 'G91\nG0 X1 F600\nG90'
[17:18:13.499] GRBL WPos updated: X=5.153 Y=4.000 Z=29.000
[17:18:13.600] BUTTON command sent: 'G91\nG0 X1 F600\nG90'
[17:18:13.601] GRBL WPos updated: X=5.685 Y=4.000 Z=29.000
[17:18:13.723] BUTTON command sent: 'G91\nG0 X1 F600\nG90'
[17:18:13.816] GRBL WPos updated: X=6.249 Y=4.000 Z=29.000
[17:18:13.909] BUTTON command sent: 'G91\nG0 X1 F600\nG90'
[17:18:13.925] GRBL WPos updated: X=7.445 Y=4.000 Z=29.000
[17:18:14.098] GRBL WPos updated: X=8.141 Y=4.000 Z=29.000
[17:18:14.102] BUTTON command sent: 'G91\nG0 X1 F600\nG90'
[17:18:14.198] GRBL WPos updated: X=9.157 Y=4.000 Z=29.000
[17:18:14.313] GRBL WPos updated: X=9.725 Y=4.000 Z=29.000
[17:18:14.320] BUTTON command sent: 'G91\nG0 X1 F600\nG90'
[17:18:14.406] GRBL WPos updated: X=10.381 Y=4.000 Z=29.000
[17:18:14.436] BUTTON command sent: 'G91\nG0 X1 F600\nG90'
[17:18:14.505] GRBL WPos updated: X=10.877 Y=4.000 Z=29.000
[17:18:14.604] GRBL WPos updated: X=11.389 Y=4.000 Z=29.000
[17:18:14.620] BUTTON command sent: 'G91\nG0 X1 F600\nG90'
[17:18:14.709] GRBL WPos updated: X=11.977 Y=4.000 Z=29.000
[17:18:14.811] GRBL WPos updated: X=12.593 Y=4.000 Z=29.000
[17:18:14.818] BUTTON command sent: 'G91\nG0 X1 F600\nG90'
[17:18:14.910] GRBL WPos updated: X=13.185 Y=4.000 Z=29.000
[17:18:15.025] BUTTON command sent: 'G91\nG0 X1 F600\nG90'
[17:18:15.130] GRBL WPos updated: X=13.733 Y=4.000 Z=29.000
[17:18:15.205] BUTTON command sent: 'G91\nG0 X1 F600\nG90'
[17:18:15.239] GRBL WPos updated: X=14.933 Y=4.000 Z=29.000
[17:18:15.328] BUTTON command sent: 'G91\nG0 X1 F600\nG90'
[17:18:15.414] GRBL WPos updated: X=15.541 Y=4.000 Z=29.000
[17:18:15.512] GRBL WPos updated: X=16.481 Y=4.000 Z=29.000
[17:18:15.612] GRBL WPos updated: X=17.073 Y=4.000 Z=29.000
[17:18:15.726] GRBL WPos updated: X=17.645 Y=4.000 Z=29.000
[17:18:15.740] BUTTON command sent: 'G91\nG0 Y1 F600\nG90'
[17:18:15.814] GRBL WPos updated: X=18.173 Y=4.000 Z=29.000
[17:18:15.914] GRBL WPos updated: X=18.497 Y=4.000 Z=29.000
[17:18:16.025] GRBL WPos updated: X=18.769 Y=4.000 Z=29.000
[17:18:16.032] BUTTON command sent: 'G91\nG0 Y1 F600\nG90'
[17:18:16.118] GRBL WPos updated: X=18.957 Y=4.000 Z=29.000
[17:18:16.220] BUTTON command sent: 'G91\nG0 Y1 F600\nG90'
[17:18:16.222] GRBL WPos updated: X=19.001 Y=4.032 Z=29.000
[17:18:16.417] GRBL WPos updated: X=19.001 Y=4.188 Z=29.000
[17:18:16.420] BUTTON command sent: 'G91\nG0 Y1 F600\nG90'
[17:18:16.440] GRBL WPos updated: X=19.001 Y=4.772 Z=29.000
[17:18:16.553] GRBL WPos updated: X=19.001 Y=4.864 Z=29.000
[17:18:16.616] BUTTON command sent: 'G91\nG0 Y1 F600\nG90'
[17:18:16.733] GRBL WPos updated: X=19.001 Y=5.400 Z=29.000
[17:18:16.741] BUTTON command sent: 'G91\nG0 Y1 F600\nG90'
[17:18:16.829] GRBL WPos updated: X=19.001 Y=6.484 Z=29.000
[17:18:16.924] GRBL WPos updated: X=19.001 Y=7.108 Z=29.000
[17:18:16.932] BUTTON command sent: 'G91\nG0 Y1 F600\nG90'
[17:18:17.033] GRBL WPos updated: X=19.001 Y=7.748 Z=29.000
[17:18:17.133] GRBL WPos updated: X=19.001 Y=8.420 Z=29.000
[17:18:17.140] BUTTON command sent: 'G91\nG0 Y1 F600\nG90'
[17:18:17.222] GRBL WPos updated: X=19.001 Y=9.060 Z=29.000
[17:18:17.323] GRBL WPos updated: X=19.001 Y=9.576 Z=29.000
[17:18:17.330] BUTTON command sent: 'G91\nG0 Y1 F600\nG90'
[17:18:17.426] GRBL WPos updated: X=19.001 Y=10.172 Z=29.000
[17:18:17.533] GRBL WPos updated: X=19.001 Y=10.744 Z=29.000
[17:18:17.740] GRBL WPos updated: X=19.001 Y=11.352 Z=29.000
[17:18:17.753] GRBL WPos updated: X=19.001 Y=12.328 Z=29.000
[17:18:17.864] GRBL WPos updated: X=19.001 Y=12.380 Z=29.000
[17:18:18.041] GRBL WPos updated: X=19.001 Y=12.704 Z=29.000
[17:18:18.135] GRBL WPos updated: X=19.001 Y=12.980 Z=29.000
[17:18:18.234] GRBL WPos updated: X=19.001 Y=13.000 Z=29.000
[17:18:19.857] BUTTON command sent: 'G91\nG0 X10 F600\nG90'
[17:18:20.049] BUTTON command sent: 'G91\nG0 X10 F600\nG90'
[17:18:20.052] GRBL WPos updated: X=19.021 Y=13.000 Z=29.000
[17:18:20.161] GRBL WPos updated: X=19.153 Y=13.000 Z=29.000
[17:18:20.257] BUTTON command sent: 'G91\nG0 X10 F600\nG90'
[17:18:20.348] GRBL WPos updated: X=19.405 Y=13.000 Z=29.000
[17:18:20.356] BUTTON command sent: 'G91\nG0 X10 F600\nG90'
[17:18:20.454] GRBL WPos updated: X=20.109 Y=13.000 Z=29.000
[17:18:20.553] GRBL WPos updated: X=20.669 Y=13.000 Z=29.000
[17:18:20.559] BUTTON command sent: 'G91\nG0 X10 F600\nG90'
[17:18:20.650] GRBL WPos updated: X=21.289 Y=13.000 Z=29.000
[17:18:20.668] BUTTON command sent: 'G91\nG0 X10 F600\nG90'
[17:18:20.765] GRBL WPos updated: X=21.997 Y=13.000 Z=29.000
[17:18:20.858] GRBL WPos updated: X=22.941 Y=13.000 Z=29.000
[17:18:20.951] GRBL WPos updated: X=23.721 Y=13.000 Z=29.000
[17:18:21.049] GRBL WPos updated: X=24.497 Y=13.000 Z=29.000
[17:18:21.171] BUTTON command sent: 'G91\nG0 Y10 F600\nG90'
[17:18:21.270] GRBL WPos updated: X=25.317 Y=13.000 Z=29.000
[17:18:21.358] BUTTON command sent: 'G91\nG0 Y10 F600\nG90'
[17:18:21.376] GRBL WPos updated: X=27.145 Y=13.000 Z=29.000
[17:18:21.563] GRBL WPos updated: X=28.041 Y=13.000 Z=29.000
[17:18:21.570] BUTTON command sent: 'G91\nG0 Y10 F600\nG90'
[17:18:21.594] GRBL WPos updated: X=29.613 Y=13.000 Z=29.000
[17:18:21.662] BUTTON command sent: 'G91\nG0 Y10 F600\nG90'
[17:18:21.757] GRBL WPos updated: X=29.865 Y=13.000 Z=29.000
[17:18:21.863] GRBL WPos updated: X=31.225 Y=13.000 Z=29.000
[17:18:21.872] BUTTON command sent: 'G91\nG0 Y10 F600\nG90'
[17:18:21.958] GRBL WPos updated: X=32.113 Y=13.000 Z=29.000
[17:18:22.056] GRBL WPos updated: X=32.897 Y=13.000 Z=29.000
[17:18:22.063] BUTTON command sent: 'G91\nG0 Y10 F600\nG90'
[17:18:22.164] GRBL WPos updated: X=33.717 Y=13.000 Z=29.000
[17:18:22.268] GRBL WPos updated: X=34.629 Y=13.000 Z=29.000
[17:18:22.277] BUTTON command sent: 'G91\nG0 Y10 F600\nG90'
[17:18:22.364] GRBL WPos updated: X=35.497 Y=13.000 Z=29.000
[17:18:22.469] GRBL WPos updated: X=36.293 Y=13.000 Z=29.000
[17:18:22.578] GRBL WPos updated: X=37.169 Y=13.000 Z=29.000
[17:18:22.690] GRBL WPos updated: X=38.089 Y=13.000 Z=29.000
[17:18:22.801] GRBL WPos updated: X=39.017 Y=13.000 Z=29.000
[17:18:22.971] GRBL WPos updated: X=39.945 Y=13.000 Z=29.000
[17:18:23.068] GRBL WPos updated: X=41.365 Y=13.000 Z=29.000
[17:18:23.180] GRBL WPos updated: X=42.177 Y=13.000 Z=29.000
[17:18:23.266] GRBL WPos updated: X=43.113 Y=13.000 Z=29.000
[17:18:23.369] GRBL WPos updated: X=43.833 Y=13.000 Z=29.000
[17:18:23.483] GRBL WPos updated: X=44.681 Y=13.000 Z=29.000
[17:18:23.569] GRBL WPos updated: X=45.637 Y=13.000 Z=29.000
[17:18:23.674] GRBL WPos updated: X=46.357 Y=13.000 Z=29.000
[17:18:23.786] GRBL WPos updated: X=47.233 Y=13.000 Z=29.000
[17:18:23.894] GRBL WPos updated: X=48.161 Y=13.000 Z=29.000
[17:18:24.003] GRBL WPos updated: X=49.081 Y=13.000 Z=29.000
[17:18:24.115] GRBL WPos updated: X=49.985 Y=13.000 Z=29.000
[17:18:24.283] GRBL WPos updated: X=50.913 Y=13.000 Z=29.000
[17:18:24.370] GRBL WPos updated: X=52.317 Y=13.000 Z=29.000
[17:18:24.466] GRBL WPos updated: X=53.053 Y=13.000 Z=29.000
[17:18:24.585] GRBL WPos updated: X=53.853 Y=13.000 Z=29.000
[17:18:24.684] GRBL WPos updated: X=54.833 Y=13.000 Z=29.000
[17:18:24.782] GRBL WPos updated: X=55.677 Y=13.000 Z=29.000
[17:18:24.892] GRBL WPos updated: X=56.485 Y=13.000 Z=29.000
[17:18:24.988] GRBL WPos updated: X=57.405 Y=13.000 Z=29.000
[17:18:25.096] GRBL WPos updated: X=58.209 Y=13.000 Z=29.000
[17:18:25.204] GRBL WPos updated: X=59.113 Y=13.000 Z=29.000
[17:18:25.315] GRBL WPos updated: X=60.013 Y=13.000 Z=29.000
[17:18:25.442] GRBL WPos updated: X=60.933 Y=13.000 Z=29.000
[17:18:25.595] GRBL WPos updated: X=61.985 Y=13.000 Z=29.000
[17:18:25.693] GRBL WPos updated: X=63.281 Y=13.000 Z=29.000
[17:18:25.786] GRBL WPos updated: X=64.093 Y=13.000 Z=29.000
[17:18:25.899] GRBL WPos updated: X=64.877 Y=13.000 Z=29.000
[17:18:26.003] GRBL WPos updated: X=65.817 Y=13.000 Z=29.000
[17:18:26.205] GRBL WPos updated: X=66.677 Y=13.000 Z=29.000
[17:18:26.222] GRBL WPos updated: X=68.373 Y=13.000 Z=29.000
[17:18:26.333] GRBL WPos updated: X=68.513 Y=13.000 Z=29.000
[17:18:26.488] GRBL WPos updated: X=69.425 Y=13.000 Z=29.000
[17:18:26.592] GRBL WPos updated: X=70.737 Y=13.000 Z=29.000
[17:18:26.698] GRBL WPos updated: X=71.609 Y=13.000 Z=29.000
[17:18:26.795] GRBL WPos updated: X=72.485 Y=13.000 Z=29.000
[17:18:26.902] GRBL WPos updated: X=73.305 Y=13.000 Z=29.000
[17:18:27.005] GRBL WPos updated: X=74.189 Y=13.000 Z=29.000
[17:18:27.099] GRBL WPos updated: X=75.053 Y=13.000 Z=29.000
[17:18:27.208] GRBL WPos updated: X=75.841 Y=13.000 Z=29.000
[17:18:27.316] GRBL WPos updated: X=76.641 Y=13.000 Z=29.000
[17:18:27.496] GRBL WPos updated: X=77.333 Y=13.000 Z=29.000
[17:18:27.609] GRBL WPos updated: X=78.221 Y=13.000 Z=29.000
[17:18:27.644] GRBL WPos updated: X=78.605 Y=13.000 Z=29.000
[17:18:27.798] GRBL WPos updated: X=78.701 Y=13.000 Z=29.000
[17:18:27.915] GRBL WPos updated: X=78.969 Y=13.000 Z=29.000
[17:18:28.008] GRBL WPos updated: X=79.001 Y=13.076 Z=29.000
[17:18:28.104] GRBL WPos updated: X=79.001 Y=13.248 Z=29.000
[17:18:28.203] GRBL WPos updated: X=79.001 Y=13.512 Z=29.000
[17:18:28.317] GRBL WPos updated: X=79.001 Y=13.892 Z=29.000
[17:18:28.412] GRBL WPos updated: X=79.001 Y=14.440 Z=29.000
[17:18:28.519] GRBL WPos updated: X=79.001 Y=15.000 Z=29.000
[17:18:28.627] GRBL WPos updated: X=79.001 Y=15.732 Z=29.000
[17:18:28.809] GRBL WPos updated: X=79.001 Y=16.600 Z=29.000
[17:18:28.896] GRBL WPos updated: X=79.001 Y=18.116 Z=29.000
[17:18:29.020] GRBL WPos updated: X=79.001 Y=18.852 Z=29.000
[17:18:29.115] GRBL WPos updated: X=79.001 Y=19.880 Z=29.000
[17:18:29.213] GRBL WPos updated: X=79.001 Y=20.664 Z=29.000
[17:18:29.321] GRBL WPos updated: X=79.001 Y=21.492 Z=29.000
[17:18:29.419] GRBL WPos updated: X=79.001 Y=22.396 Z=29.000
[17:18:29.517] GRBL WPos updated: X=79.001 Y=23.212 Z=29.000
[17:18:29.627] GRBL WPos updated: X=79.001 Y=24.024 Z=29.000
[17:18:29.724] GRBL WPos updated: X=79.001 Y=24.952 Z=29.000
[17:18:29.831] GRBL WPos updated: X=79.001 Y=25.756 Z=29.000
[17:18:29.940] GRBL WPos updated: X=79.001 Y=26.640 Z=29.000
[17:18:30.116] GRBL WPos updated: X=79.001 Y=27.560 Z=29.000
[17:18:30.221] GRBL WPos updated: X=79.001 Y=29.032 Z=29.000
[17:18:30.271] GRBL WPos updated: X=79.001 Y=29.908 Z=29.000
[17:18:30.425] GRBL WPos updated: X=79.001 Y=30.320 Z=29.000
[17:18:30.523] GRBL WPos updated: X=79.001 Y=31.604 Z=29.000
[17:18:30.635] GRBL WPos updated: X=79.001 Y=32.424 Z=29.000
[17:18:30.729] GRBL WPos updated: X=79.001 Y=33.360 Z=29.000
[17:18:30.824] GRBL WPos updated: X=79.001 Y=34.156 Z=29.000
[17:18:30.927] GRBL WPos updated: X=79.001 Y=34.948 Z=29.000
[17:18:31.042] GRBL WPos updated: X=79.001 Y=35.800 Z=29.000
[17:18:31.154] GRBL WPos updated: X=79.001 Y=36.764 Z=29.000
[17:18:31.265] GRBL WPos updated: X=79.001 Y=37.700 Z=29.000
[17:18:31.437] GRBL WPos updated: X=79.001 Y=38.620 Z=29.000
[17:18:31.532] GRBL WPos updated: X=79.001 Y=40.056 Z=29.000
[17:18:31.625] GRBL WPos updated: X=79.001 Y=40.852 Z=29.000
[17:18:31.740] GRBL WPos updated: X=79.001 Y=41.628 Z=29.000
[17:18:31.839] GRBL WPos updated: X=79.001 Y=42.588 Z=29.000
[17:18:31.928] GRBL WPos updated: X=79.001 Y=43.416 Z=29.000
[17:18:32.044] GRBL WPos updated: X=79.001 Y=44.160 Z=29.000
[17:18:32.138] GRBL WPos updated: X=79.001 Y=45.128 Z=29.000
[17:18:32.244] GRBL WPos updated: X=79.001 Y=45.916 Z=29.000
[17:18:32.346] GRBL WPos updated: X=79.001 Y=46.800 Z=29.000
[17:18:32.465] GRBL WPos updated: X=79.001 Y=47.656 Z=29.000
[17:18:32.572] GRBL WPos updated: X=79.001 Y=48.640 Z=29.000
[17:18:32.742] GRBL WPos updated: X=79.001 Y=49.536 Z=29.000
[17:18:32.842] GRBL WPos updated: X=79.001 Y=50.964 Z=29.000
[17:18:32.940] GRBL WPos updated: X=79.001 Y=51.792 Z=29.000
[17:18:33.051] GRBL WPos updated: X=79.001 Y=52.612 Z=29.000
[17:18:33.146] GRBL WPos updated: X=79.001 Y=53.548 Z=29.000
[17:18:33.244] GRBL WPos updated: X=79.001 Y=54.332 Z=29.000
[17:18:33.345] GRBL WPos updated: X=79.001 Y=55.152 Z=29.000
[17:18:33.451] GRBL WPos updated: X=79.001 Y=55.996 Z=29.000
[17:18:33.550] GRBL WPos updated: X=79.001 Y=56.884 Z=29.000
[17:18:33.757] GRBL WPos updated: X=79.001 Y=57.708 Z=29.000
[17:18:33.776] GRBL WPos updated: X=79.001 Y=59.432 Z=29.000
[17:18:33.885] GRBL WPos updated: X=79.001 Y=59.592 Z=29.000
[17:18:34.054] GRBL WPos updated: X=79.001 Y=60.500 Z=29.000
[17:18:34.151] GRBL WPos updated: X=79.001 Y=61.916 Z=29.000
[17:18:34.250] GRBL WPos updated: X=79.001 Y=62.724 Z=29.000
[17:18:34.346] GRBL WPos updated: X=79.001 Y=63.552 Z=29.000
[17:18:34.449] GRBL WPos updated: X=79.001 Y=64.356 Z=29.000
[17:18:34.554] GRBL WPos updated: X=79.001 Y=65.216 Z=29.000
[17:18:34.653] GRBL WPos updated: X=79.001 Y=66.092 Z=29.000
[17:18:34.765] GRBL WPos updated: X=79.001 Y=66.912 Z=29.000
[17:18:34.864] GRBL WPos updated: X=79.001 Y=67.856 Z=29.000
[17:18:35.064] GRBL WPos updated: X=79.001 Y=68.676 Z=29.000
[17:18:35.090] GRBL WPos updated: X=79.001 Y=70.348 Z=29.000
[17:18:35.199] GRBL WPos updated: X=79.001 Y=70.564 Z=29.000
[17:18:35.354] GRBL WPos updated: X=79.001 Y=71.476 Z=29.000
[17:18:35.459] GRBL WPos updated: X=79.001 Y=72.772 Z=29.000
[17:18:35.555] GRBL WPos updated: X=79.001 Y=73.640 Z=29.000
[17:18:35.660] GRBL WPos updated: X=79.001 Y=74.452 Z=29.000
[17:18:35.772] GRBL WPos updated: X=79.001 Y=75.320 Z=29.000
[17:18:35.869] GRBL WPos updated: X=79.001 Y=76.256 Z=29.000
[17:18:35.963] GRBL WPos updated: X=79.001 Y=77.068 Z=29.000
[17:18:36.076] GRBL WPos updated: X=79.001 Y=77.864 Z=29.000
[17:18:36.174] GRBL WPos updated: X=79.001 Y=78.800 Z=29.000
[17:18:36.363] GRBL WPos updated: X=79.001 Y=79.616 Z=29.000
[17:18:36.397] GRBL WPos updated: X=79.001 Y=81.000 Z=29.000
[17:18:36.505] GRBL WPos updated: X=79.001 Y=81.204 Z=29.000
[17:18:36.664] GRBL WPos updated: X=79.001 Y=81.796 Z=29.000
[17:18:36.775] GRBL WPos updated: X=79.001 Y=82.452 Z=29.000
[17:18:36.872] GRBL WPos updated: X=79.001 Y=82.756 Z=29.000
[17:18:36.969] GRBL WPos updated: X=79.001 Y=82.924 Z=29.000
[17:18:37.059] GRBL WPos updated: X=79.001 Y=82.996 Z=29.000
[17:18:37.176] GRBL WPos updated: X=79.001 Y=83.000 Z=29.000
[17:18:44.032] BUTTON command sent: 'G91\nG0 Y10 F600\nG90'
[17:18:44.333] GRBL WPos updated: X=79.001 Y=83.064 Z=29.000
[17:18:44.429] GRBL WPos updated: X=79.001 Y=83.396 Z=29.000
[17:18:44.526] GRBL WPos updated: X=79.001 Y=83.712 Z=29.000
[17:18:44.636] GRBL WPos updated: X=79.001 Y=84.124 Z=29.000
[17:18:44.726] GRBL WPos updated: X=79.001 Y=84.712 Z=29.000
[17:18:44.829] GRBL WPos updated: X=79.001 Y=85.284 Z=29.000
[17:18:44.942] GRBL WPos updated: X=79.001 Y=86.028 Z=29.000
[17:18:44.950] BUTTON command sent: 'G91\nG0 Y-10 F600\nG90'
[17:18:45.035] GRBL WPos updated: X=79.001 Y=86.948 Z=29.000
[17:18:45.144] GRBL WPos updated: X=79.001 Y=87.744 Z=29.000
[17:18:45.341] GRBL WPos updated: X=79.001 Y=88.648 Z=29.000
[17:18:45.366] GRBL WPos updated: X=79.001 Y=90.244 Z=29.000
[17:18:45.476] GRBL WPos updated: X=79.001 Y=90.428 Z=29.000
[17:18:45.642] GRBL WPos updated: X=79.001 Y=91.160 Z=29.000
[17:18:45.740] GRBL WPos updated: X=79.001 Y=92.032 Z=29.000
[17:18:45.838] GRBL WPos updated: X=79.001 Y=92.420 Z=29.000
[17:18:45.949] GRBL WPos updated: X=79.001 Y=92.700 Z=29.000
[17:18:46.045] GRBL WPos updated: X=79.001 Y=92.912 Z=29.000
[17:18:46.139] GRBL WPos updated: X=79.001 Y=92.992 Z=29.000
[17:18:46.239] GRBL WPos updated: X=79.001 Y=92.980 Z=29.000
[17:18:46.346] GRBL WPos updated: X=79.001 Y=92.876 Z=29.000
[17:18:46.456] GRBL WPos updated: X=79.001 Y=92.648 Z=29.000
[17:18:46.653] GRBL WPos updated: X=79.001 Y=92.292 Z=29.000
[17:18:46.675] GRBL WPos updated: X=79.001 Y=91.360 Z=29.000
[17:18:46.786] GRBL WPos updated: X=79.001 Y=91.232 Z=29.000
[17:18:46.936] GRBL WPos updated: X=79.001 Y=90.504 Z=29.000
[17:18:46.943] BUTTON command sent: 'G91\nG0 Y-10 F600\nG90'
[17:18:47.052] GRBL WPos updated: X=79.001 Y=89.332 Z=29.000
[17:18:47.148] GRBL WPos updated: X=79.001 Y=88.360 Z=29.000
[17:18:47.246] GRBL WPos updated: X=79.001 Y=87.560 Z=29.000
[17:18:47.346] GRBL WPos updated: X=79.001 Y=86.748 Z=29.000
[17:18:47.446] GRBL WPos updated: X=79.001 Y=85.904 Z=29.000
[17:18:47.550] GRBL WPos updated: X=79.001 Y=85.068 Z=29.000
[17:18:47.660] GRBL WPos updated: X=79.001 Y=84.208 Z=29.000
[17:18:47.769] GRBL WPos updated: X=79.001 Y=83.280 Z=29.000
[17:18:47.947] GRBL WPos updated: X=79.001 Y=82.368 Z=29.000
[17:18:48.059] GRBL WPos updated: X=79.001 Y=80.888 Z=29.000
[17:18:48.100] GRBL WPos updated: X=79.001 Y=79.952 Z=29.000
[17:18:48.251] GRBL WPos updated: X=79.001 Y=79.620 Z=29.000
[17:18:48.364] GRBL WPos updated: X=79.001 Y=78.340 Z=29.000
[17:18:48.450] GRBL WPos updated: X=79.001 Y=77.404 Z=29.000
[17:18:48.544] GRBL WPos updated: X=79.001 Y=76.684 Z=29.000
[17:18:48.669] GRBL WPos updated: X=79.001 Y=75.920 Z=29.000
[17:18:48.762] GRBL WPos updated: X=79.001 Y=75.040 Z=29.000
[17:18:48.861] GRBL WPos updated: X=79.001 Y=74.488 Z=29.000
[17:18:48.970] GRBL WPos updated: X=79.001 Y=74.000 Z=29.000
[17:18:49.079] GRBL WPos updated: X=79.001 Y=73.568 Z=29.000
[17:18:49.190] GRBL WPos updated: X=79.001 Y=73.260 Z=29.000
[17:18:49.372] GRBL WPos updated: X=79.001 Y=73.068 Z=29.000
[17:18:49.467] GRBL WPos updated: X=79.001 Y=73.000 Z=29.000
[17:18:50.184] Saved profile to E:\PROGRAM\ProbeCAM-CNC\.git\ProbeCAM-CNC\data\probe_cam_profile.json
[17:18:50.191] Failed to read camera frame
[17:21:01.469] Detected cameras: ['Camera 0 (dshow)']
[17:21:01.475] Detected serial ports: ['COM1', 'COM4', 'COM3', 'COM5']
[17:21:01.475] Loaded profile from E:\PROGRAM\ProbeCAM-CNC\.git\ProbeCAM-CNC\data\probe_cam_profile.json
[17:21:01.476] Application initialized. Load a profile or start scanning cameras.
[17:21:01.510] Connected to COM5 at 115200 baud; status polling started
[17:21:01.615] GRBL reply without MPos: ok\r\n
[17:21:01.727] GRBL WPos updated: X=741.188 Y=115.732 Z=30.160
[17:21:01.837] GRBL WPos updated: X=79.001 Y=73.000 Z=29.000
[17:21:02.526] Motion controller disconnected
[17:21:02.528] Saved profile to E:\PROGRAM\ProbeCAM-CNC\.git\ProbeCAM-CNC\data\probe_cam_profile.json
[17:21:17.311] Detected cameras: ['Camera 0 (dshow)']
[17:21:17.316] Detected serial ports: ['COM1', 'COM4', 'COM3', 'COM5']
[17:21:17.317] Loaded profile from E:\PROGRAM\ProbeCAM-CNC\.git\ProbeCAM-CNC\data\probe_cam_profile.json
[17:21:17.317] Application initialized. Load a profile or start scanning cameras.
[17:21:17.351] Connected to COM5 at 115200 baud; status polling started
[17:21:17.456] GRBL WPos updated: X=741.188 Y=115.732 Z=30.160
[17:21:17.564] GRBL WPos updated: X=79.001 Y=73.000 Z=29.000
[17:21:17.973] Motion controller disconnected
[17:56:34.506] Detected cameras: ['Camera 0 (dshow)']
[17:56:34.512] Detected serial ports: ['COM1', 'COM4', 'COM3', 'COM5']
[17:56:34.513] Loaded profile from E:\PROGRAM\ProbeCAM-CNC\.git\ProbeCAM-CNC\data\probe_cam_profile.json
[17:56:34.513] Application initialized. Load a profile or start scanning cameras.
[17:56:44.612] No active motion connection
[17:56:45.856] No active motion connection
[17:56:46.827] No active motion connection
[17:56:47.089] No active motion connection
[17:56:47.309] No active motion connection
[17:56:47.707] No active motion connection
[17:56:49.397] RESET ALARM failed: GRBL is not connected
[17:56:50.745] RESET ALARM failed: GRBL is not connected
[17:56:51.634] No active motion connection
[17:56:52.134] No active motion connection
[17:56:52.438] No active motion connection
[17:56:53.433] RESET ALARM failed: GRBL is not connected
[17:56:53.837] RESET ALARM failed: GRBL is not connected
[17:56:54.053] RESET ALARM failed: GRBL is not connected
[17:56:54.242] RESET ALARM failed: GRBL is not connected
[17:56:55.234] No active motion connection
[17:56:55.753] No active motion connection
[17:56:55.935] No active motion connection
[17:56:56.157] No active motion connection
[17:56:56.401] No active motion connection
[17:56:56.915] No active motion connection
[17:56:58.105] No active motion connection
[17:56:58.336] No active motion connection
[17:56:58.530] No active motion connection
[17:56:59.621] No active motion connection
[17:56:59.622] ZERO X: requested; waiting for updated WPos
[17:57:00.324] No active motion connection
[17:57:00.327] ZERO X: requested; waiting for updated WPos
[17:57:01.892] No active motion connection
[17:57:03.495] Connected to COM5 at 115200 baud; status polling started
[17:57:03.603] GRBL WPos updated: X=741.188 Y=115.732 Z=30.160
[17:57:04.052] GRBL WPos updated: X=79.001 Y=73.000 Z=29.000
[17:57:06.915] BUTTON command sent: 'G91\nG0 Y0.01 F600\nG90'
[17:57:07.126] GRBL WPos updated: X=79.001 Y=73.012 Z=29.000
[17:57:08.239] BUTTON command sent: 'G91\nG0 Y0.01 F600\nG90'
[17:57:08.455] GRBL WPos updated: X=79.001 Y=73.020 Z=29.000
[17:57:09.373] RESET ALARM: sent $X to GRBL
[17:57:10.444] BUTTON command sent: 'G91\nG0 X0.01 F600\nG90'
[17:57:10.671] GRBL WPos updated: X=79.009 Y=73.020 Z=29.000
[17:57:11.193] BUTTON command sent: 'G91\nG0 X0.01 F600\nG90'
[17:57:11.425] GRBL WPos updated: X=79.021 Y=73.020 Z=29.000
[17:57:13.076] BUTTON command sent: 'G91\nG0 X0.01 F600\nG90'
[17:57:13.288] GRBL WPos updated: X=79.029 Y=73.020 Z=29.000
[17:57:13.725] BUTTON command sent: 'G91\nG0 X0.01 F600\nG90'
[17:57:13.946] GRBL WPos updated: X=79.041 Y=73.020 Z=29.000
[17:57:16.350] GRBL WPos updated: X=79.049 Y=73.020 Z=29.000
[17:57:16.457] GRBL WPos updated: X=79.057 Y=73.020 Z=29.000
[17:57:16.566] GRBL WPos updated: X=79.069 Y=73.020 Z=29.000
[17:57:16.676] GRBL WPos updated: X=79.077 Y=73.020 Z=29.000
[17:57:16.783] GRBL WPos updated: X=79.089 Y=73.020 Z=29.000
[17:57:16.892] GRBL WPos updated: X=79.097 Y=73.020 Z=29.000
[17:57:17.002] GRBL WPos updated: X=79.109 Y=73.020 Z=29.000
[17:57:17.125] GRBL WPos updated: X=79.117 Y=73.020 Z=29.000
[17:57:17.233] GRBL WPos updated: X=79.129 Y=73.020 Z=29.000
[17:57:17.340] GRBL WPos updated: X=79.137 Y=73.020 Z=29.000
[17:57:17.450] GRBL WPos updated: X=79.149 Y=73.020 Z=29.000
[17:57:17.549] GRBL WPos updated: X=79.157 Y=73.020 Z=29.000
[17:57:17.664] GRBL WPos updated: X=79.169 Y=73.020 Z=29.000
[17:57:17.780] GRBL WPos updated: X=79.177 Y=73.020 Z=29.000
[17:57:17.877] GRBL WPos updated: X=79.189 Y=73.020 Z=29.000
[17:57:17.987] GRBL WPos updated: X=79.197 Y=73.020 Z=29.000
[17:57:18.096] GRBL WPos updated: X=79.209 Y=73.020 Z=29.000
[17:57:18.205] GRBL WPos updated: X=79.217 Y=73.020 Z=29.000
[17:57:18.325] GRBL WPos updated: X=79.229 Y=73.020 Z=29.000
[17:57:18.422] GRBL WPos updated: X=79.237 Y=73.020 Z=29.000
[17:57:18.541] GRBL WPos updated: X=79.245 Y=73.020 Z=29.000
[17:57:18.643] GRBL WPos updated: X=79.257 Y=73.020 Z=29.000
[17:57:18.768] GRBL WPos updated: X=79.265 Y=73.020 Z=29.000
[17:57:18.878] GRBL WPos updated: X=79.277 Y=73.020 Z=29.000
[17:57:18.991] GRBL WPos updated: X=79.289 Y=73.020 Z=29.000
[17:57:19.097] GRBL WPos updated: X=79.297 Y=73.020 Z=29.000
[17:57:19.206] GRBL WPos updated: X=79.309 Y=73.020 Z=29.000
[17:57:19.318] GRBL WPos updated: X=79.317 Y=73.020 Z=29.000
[17:57:19.427] GRBL WPos updated: X=79.329 Y=73.020 Z=29.000
[17:57:20.105] GRBL WPos updated: X=79.337 Y=73.020 Z=29.000
[17:57:20.215] GRBL WPos updated: X=79.349 Y=73.020 Z=29.000
[17:57:20.323] GRBL WPos updated: X=79.357 Y=73.020 Z=29.000
[17:57:20.424] GRBL WPos updated: X=79.369 Y=73.020 Z=29.000
[17:57:20.542] GRBL WPos updated: X=79.377 Y=73.020 Z=29.000
[17:57:20.652] GRBL WPos updated: X=79.389 Y=73.020 Z=29.000
[17:57:20.760] GRBL WPos updated: X=79.397 Y=73.020 Z=29.000
[17:57:20.871] GRBL WPos updated: X=79.409 Y=73.020 Z=29.000
[17:57:20.979] GRBL WPos updated: X=79.417 Y=73.020 Z=29.000
[17:57:21.088] GRBL WPos updated: X=79.429 Y=73.020 Z=29.000
[17:57:21.196] GRBL WPos updated: X=79.437 Y=73.020 Z=29.000
[17:57:21.306] GRBL WPos updated: X=79.449 Y=73.020 Z=29.000
[17:57:21.415] GRBL WPos updated: X=79.457 Y=73.020 Z=29.000
[17:57:21.525] GRBL WPos updated: X=79.469 Y=73.020 Z=29.000
[17:57:21.629] GRBL WPos updated: X=79.477 Y=73.020 Z=29.000
[17:57:21.743] GRBL WPos updated: X=79.489 Y=73.020 Z=29.000
[17:57:21.850] GRBL WPos updated: X=79.497 Y=73.020 Z=29.000
[17:57:21.958] GRBL WPos updated: X=79.509 Y=73.020 Z=29.000
[17:57:22.067] GRBL WPos updated: X=79.517 Y=73.020 Z=29.000
[17:57:22.178] GRBL WPos updated: X=79.529 Y=73.020 Z=29.000
[17:57:22.300] GRBL WPos updated: X=79.537 Y=73.020 Z=29.000
[17:57:22.412] GRBL WPos updated: X=79.549 Y=73.020 Z=29.000
[17:57:22.523] GRBL WPos updated: X=79.561 Y=73.020 Z=29.000
[17:57:22.631] GRBL WPos updated: X=79.569 Y=73.020 Z=29.000
[17:57:23.285] GRBL WPos updated: X=79.569 Y=73.032 Z=29.000
[17:57:23.395] GRBL WPos updated: X=79.569 Y=73.040 Z=29.000
[17:57:23.505] GRBL WPos updated: X=79.569 Y=73.052 Z=29.000
[17:57:23.616] GRBL WPos updated: X=79.569 Y=73.060 Z=29.000
[17:57:23.724] GRBL WPos updated: X=79.569 Y=73.072 Z=29.000
[17:57:23.836] GRBL WPos updated: X=79.569 Y=73.080 Z=29.000
[17:57:23.945] GRBL WPos updated: X=79.569 Y=73.092 Z=29.000
[17:57:24.054] GRBL WPos updated: X=79.569 Y=73.100 Z=29.000
[17:57:24.164] GRBL WPos updated: X=79.569 Y=73.112 Z=29.000
[17:57:24.271] GRBL WPos updated: X=79.569 Y=73.120 Z=29.000
[17:57:24.381] GRBL WPos updated: X=79.569 Y=73.132 Z=29.000
[17:57:24.490] GRBL WPos updated: X=79.569 Y=73.140 Z=29.000
[17:57:24.596] GRBL WPos updated: X=79.569 Y=73.152 Z=29.000
[17:57:24.707] GRBL WPos updated: X=79.569 Y=73.160 Z=29.000
[17:57:24.817] GRBL WPos updated: X=79.569 Y=73.172 Z=29.000
[17:57:25.378] GRBL WPos updated: X=79.569 Y=73.164 Z=29.000
[17:57:25.489] GRBL WPos updated: X=79.569 Y=73.152 Z=29.000
[17:57:25.601] GRBL WPos updated: X=79.569 Y=73.140 Z=29.000
[17:57:25.706] GRBL WPos updated: X=79.569 Y=73.132 Z=29.000
[17:57:25.820] GRBL WPos updated: X=79.569 Y=73.120 Z=29.000
[17:57:25.929] GRBL WPos updated: X=79.569 Y=73.112 Z=29.000
[17:57:26.038] GRBL WPos updated: X=79.569 Y=73.100 Z=29.000
[17:57:26.148] GRBL WPos updated: X=79.569 Y=73.092 Z=29.000
[17:57:26.257] GRBL WPos updated: X=79.569 Y=73.080 Z=29.000
[17:57:26.381] GRBL WPos updated: X=79.569 Y=73.072 Z=29.000
[17:57:26.487] GRBL WPos updated: X=79.569 Y=73.060 Z=29.000
[17:57:27.037] GRBL WPos updated: X=79.565 Y=73.060 Z=29.000
[17:57:27.146] GRBL WPos updated: X=79.557 Y=73.060 Z=29.000
[17:57:27.253] GRBL WPos updated: X=79.545 Y=73.060 Z=29.000
[17:57:27.361] GRBL WPos updated: X=79.533 Y=73.060 Z=29.000
[17:57:27.484] GRBL WPos updated: X=79.525 Y=73.060 Z=29.000
[17:57:27.578] GRBL WPos updated: X=79.517 Y=73.060 Z=29.000
[17:57:28.127] GRBL WPos updated: X=79.517 Y=73.060 Z=29.004
[17:57:28.237] GRBL WPos updated: X=79.517 Y=73.060 Z=29.016
[17:57:28.350] GRBL WPos updated: X=79.517 Y=73.060 Z=29.024
[17:57:28.462] GRBL WPos updated: X=79.517 Y=73.060 Z=29.036
[17:57:28.573] GRBL WPos updated: X=79.517 Y=73.060 Z=29.044
[17:57:28.682] GRBL WPos updated: X=79.517 Y=73.060 Z=29.056
[17:57:28.785] GRBL WPos updated: X=79.517 Y=73.060 Z=29.064
[17:57:28.897] GRBL WPos updated: X=79.517 Y=73.060 Z=29.076
[17:57:29.005] GRBL WPos updated: X=79.517 Y=73.060 Z=29.084
[17:57:29.116] GRBL WPos updated: X=79.517 Y=73.060 Z=29.096
[17:57:29.224] GRBL WPos updated: X=79.517 Y=73.060 Z=29.104
[17:57:29.333] GRBL WPos updated: X=79.517 Y=73.060 Z=29.116
[17:57:29.446] GRBL WPos updated: X=79.517 Y=73.060 Z=29.124
[17:57:29.555] GRBL WPos updated: X=79.517 Y=73.060 Z=29.136
[17:57:29.663] GRBL WPos updated: X=79.517 Y=73.060 Z=29.144
[17:57:29.772] GRBL WPos updated: X=79.517 Y=73.060 Z=29.156
[17:57:29.881] GRBL WPos updated: X=79.517 Y=73.060 Z=29.164
[17:57:29.990] GRBL WPos updated: X=79.517 Y=73.060 Z=29.176
[17:57:30.098] GRBL WPos updated: X=79.517 Y=73.060 Z=29.184
[17:57:30.208] GRBL WPos updated: X=79.517 Y=73.060 Z=29.196
[17:57:30.318] GRBL WPos updated: X=79.517 Y=73.060 Z=29.204
[17:57:30.426] GRBL WPos updated: X=79.517 Y=73.060 Z=29.216
[17:57:30.536] GRBL WPos updated: X=79.517 Y=73.060 Z=29.224
[17:57:30.644] GRBL WPos updated: X=79.517 Y=73.060 Z=29.236
[17:57:30.753] GRBL WPos updated: X=79.517 Y=73.060 Z=29.244
[17:57:30.866] GRBL WPos updated: X=79.517 Y=73.060 Z=29.256
[17:57:30.970] GRBL WPos updated: X=79.517 Y=73.060 Z=29.264
[17:57:31.080] GRBL WPos updated: X=79.517 Y=73.060 Z=29.272
[17:57:31.190] GRBL WPos updated: X=79.517 Y=73.060 Z=29.280
[17:57:31.298] GRBL WPos updated: X=79.517 Y=73.060 Z=29.292
[17:57:31.410] GRBL WPos updated: X=79.517 Y=73.060 Z=29.300
[17:57:31.516] GRBL WPos updated: X=79.517 Y=73.060 Z=29.312
[17:57:31.627] GRBL WPos updated: X=79.517 Y=73.060 Z=29.320
[17:57:31.750] GRBL WPos updated: X=79.517 Y=73.060 Z=29.332
[17:57:31.860] GRBL WPos updated: X=79.517 Y=73.060 Z=29.340
[17:57:31.970] GRBL WPos updated: X=79.517 Y=73.060 Z=29.356
[17:57:32.064] GRBL WPos updated: X=79.517 Y=73.060 Z=29.360
[17:57:32.175] GRBL WPos updated: X=79.517 Y=73.060 Z=29.372
[17:57:32.284] GRBL WPos updated: X=79.517 Y=73.060 Z=29.380
[17:57:32.394] GRBL WPos updated: X=79.517 Y=73.060 Z=29.392
[17:57:32.518] GRBL WPos updated: X=79.517 Y=73.060 Z=29.400
[17:57:32.611] GRBL WPos updated: X=79.517 Y=73.060 Z=29.412
[17:57:32.722] GRBL WPos updated: X=79.517 Y=73.060 Z=29.420
[17:57:32.832] GRBL WPos updated: X=79.517 Y=73.060 Z=29.432
[17:57:32.940] GRBL WPos updated: X=79.517 Y=73.060 Z=29.440
[17:57:33.051] GRBL WPos updated: X=79.517 Y=73.060 Z=29.452
[17:57:33.162] GRBL WPos updated: X=79.517 Y=73.060 Z=29.460
[17:57:33.272] GRBL WPos updated: X=79.517 Y=73.060 Z=29.472
[17:57:33.380] GRBL WPos updated: X=79.517 Y=73.060 Z=29.480
[17:57:33.489] GRBL WPos updated: X=79.517 Y=73.060 Z=29.492
[17:57:33.600] GRBL WPos updated: X=79.517 Y=73.060 Z=29.500
[17:57:33.708] GRBL WPos updated: X=79.517 Y=73.060 Z=29.512
[17:57:33.821] GRBL WPos updated: X=79.517 Y=73.060 Z=29.520
[17:57:33.930] GRBL WPos updated: X=79.517 Y=73.060 Z=29.532
[17:57:34.040] GRBL WPos updated: X=79.517 Y=73.060 Z=29.540
[17:57:34.148] GRBL WPos updated: X=79.517 Y=73.060 Z=29.552
[17:57:34.255] GRBL WPos updated: X=79.517 Y=73.060 Z=29.560
[17:57:34.363] GRBL WPos updated: X=79.517 Y=73.060 Z=29.572
[17:57:34.473] GRBL WPos updated: X=79.517 Y=73.060 Z=29.580
[17:57:34.581] GRBL WPos updated: X=79.517 Y=73.060 Z=29.592
[17:57:34.690] GRBL WPos updated: X=79.517 Y=73.060 Z=29.600
[17:57:34.798] GRBL WPos updated: X=79.517 Y=73.060 Z=29.612
[17:57:34.911] GRBL WPos updated: X=79.517 Y=73.060 Z=29.620
[17:57:35.021] GRBL WPos updated: X=79.517 Y=73.060 Z=29.632
[17:57:35.130] GRBL WPos updated: X=79.517 Y=73.060 Z=29.640
[17:57:35.238] GRBL WPos updated: X=79.517 Y=73.060 Z=29.652
[17:57:35.347] GRBL WPos updated: X=79.517 Y=73.060 Z=29.660
[17:57:35.458] GRBL WPos updated: X=79.517 Y=73.060 Z=29.672
[17:57:35.567] GRBL WPos updated: X=79.517 Y=73.060 Z=29.680
[17:57:35.676] GRBL WPos updated: X=79.517 Y=73.060 Z=29.692
[17:57:35.785] GRBL WPos updated: X=79.517 Y=73.060 Z=29.700
[17:57:35.893] GRBL WPos updated: X=79.517 Y=73.060 Z=29.712
[17:57:56.064] GRBL WPos updated: X=79.529 Y=73.060 Z=29.712
[17:57:58.938] GRBL WPos updated: X=79.541 Y=73.060 Z=29.712
[17:57:59.036] GRBL WPos updated: X=79.549 Y=73.060 Z=29.712
[17:58:00.014] RESET ALARM: sent $X to GRBL
[17:58:02.425] GRBL WPos updated: X=79.561 Y=73.060 Z=29.712
[17:58:02.533] GRBL WPos updated: X=79.569 Y=73.060 Z=29.712
[17:58:03.983] GRBL WPos updated: X=79.581 Y=73.060 Z=29.712
[17:58:04.096] GRBL WPos updated: X=79.589 Y=73.060 Z=29.712
[17:58:04.890] GRBL WPos updated: X=79.601 Y=73.060 Z=29.712
[17:58:04.999] GRBL WPos updated: X=79.609 Y=73.060 Z=29.712
[17:58:05.650] GRBL WPos updated: X=79.621 Y=73.060 Z=29.712
[17:58:05.760] GRBL WPos updated: X=79.629 Y=73.060 Z=29.712
[17:58:06.417] GRBL WPos updated: X=79.633 Y=73.060 Z=29.712
[17:58:06.518] GRBL WPos updated: X=79.645 Y=73.060 Z=29.712
[17:58:06.637] GRBL WPos updated: X=79.649 Y=73.060 Z=29.712
[17:58:06.852] GRBL WPos updated: X=79.661 Y=73.060 Z=29.712
[17:58:06.956] GRBL WPos updated: X=79.665 Y=73.060 Z=29.712
[17:58:07.073] GRBL WPos updated: X=79.673 Y=73.060 Z=29.712
[17:58:07.508] GRBL WPos updated: X=79.673 Y=73.072 Z=29.712
[17:58:07.615] GRBL WPos updated: X=79.673 Y=73.080 Z=29.712
[17:58:07.944] GRBL WPos updated: X=79.673 Y=73.088 Z=29.712
[17:58:08.052] GRBL WPos updated: X=79.673 Y=73.100 Z=29.712
[17:58:08.160] GRBL WPos updated: X=79.673 Y=73.108 Z=29.712
[17:58:08.268] GRBL WPos updated: X=79.673 Y=73.112 Z=29.712
[17:58:08.726] GRBL WPos updated: X=79.673 Y=73.128 Z=29.712
[17:58:08.845] GRBL WPos updated: X=79.673 Y=73.132 Z=29.712
[17:58:08.953] GRBL WPos updated: X=79.673 Y=73.148 Z=29.712
[17:58:09.062] GRBL WPos updated: X=79.673 Y=73.152 Z=29.712
[17:58:09.171] GRBL WPos updated: X=79.673 Y=73.168 Z=29.712
[17:58:09.282] GRBL WPos updated: X=79.673 Y=73.172 Z=29.712
[17:58:09.385] GRBL WPos updated: X=79.673 Y=73.184 Z=29.712
[17:58:09.488] GRBL WPos updated: X=79.673 Y=73.192 Z=29.712
[17:58:09.609] GRBL WPos updated: X=79.673 Y=73.208 Z=29.712
[17:58:09.705] GRBL WPos updated: X=79.673 Y=73.212 Z=29.712
[17:58:10.586] GRBL WPos updated: X=79.677 Y=73.212 Z=29.712
[17:58:10.706] GRBL WPos updated: X=79.685 Y=73.212 Z=29.712
[17:58:10.799] GRBL WPos updated: X=79.693 Y=73.212 Z=29.712
[17:58:11.358] GRBL WPos updated: X=79.705 Y=73.212 Z=29.712
[17:58:11.463] GRBL WPos updated: X=79.713 Y=73.212 Z=29.712
[17:58:11.574] GRBL WPos updated: X=79.725 Y=73.212 Z=29.712
[17:58:12.229] GRBL WPos updated: X=79.737 Y=73.212 Z=29.712
[17:58:12.337] GRBL WPos updated: X=79.745 Y=73.212 Z=29.712
[17:58:12.447] GRBL WPos updated: X=79.757 Y=73.212 Z=29.712
[17:58:12.995] GRBL WPos updated: X=79.761 Y=73.212 Z=29.712
[17:58:13.103] GRBL WPos updated: X=79.773 Y=73.212 Z=29.712
[17:58:13.212] GRBL WPos updated: X=79.781 Y=73.212 Z=29.712
[17:58:13.321] GRBL WPos updated: X=79.789 Y=73.212 Z=29.712
[17:58:14.087] GRBL WPos updated: X=79.793 Y=73.212 Z=29.712
[17:58:14.190] GRBL WPos updated: X=79.805 Y=73.212 Z=29.712
[17:58:14.300] GRBL WPos updated: X=79.813 Y=73.212 Z=29.712
[17:58:14.409] GRBL WPos updated: X=79.821 Y=73.212 Z=29.712
[17:58:23.187] GRBL WPos updated: X=79.833 Y=73.212 Z=29.712
[17:58:23.298] GRBL WPos updated: X=79.841 Y=73.212 Z=29.712
[17:58:23.405] GRBL WPos updated: X=79.853 Y=73.212 Z=29.712
[17:58:23.514] GRBL WPos updated: X=79.861 Y=73.212 Z=29.712
[17:58:23.623] GRBL WPos updated: X=79.873 Y=73.212 Z=29.712
[17:58:23.734] GRBL WPos updated: X=79.881 Y=73.212 Z=29.712
[17:58:23.842] GRBL WPos updated: X=79.893 Y=73.212 Z=29.712
[17:58:24.497] GRBL WPos updated: X=79.901 Y=73.212 Z=29.712
[17:58:24.604] GRBL WPos updated: X=79.913 Y=73.212 Z=29.712
[17:58:24.715] GRBL WPos updated: X=79.921 Y=73.212 Z=29.712
[17:58:24.825] GRBL WPos updated: X=79.925 Y=73.212 Z=29.712
[17:58:25.479] GRBL WPos updated: X=79.937 Y=73.212 Z=29.712
[17:58:25.583] GRBL WPos updated: X=79.945 Y=73.212 Z=29.712
[17:58:26.352] GRBL WPos updated: X=79.953 Y=73.212 Z=29.712
[17:58:26.461] GRBL WPos updated: X=79.965 Y=73.212 Z=29.712
[17:58:27.441] GRBL WPos updated: X=79.977 Y=73.212 Z=29.712
[17:58:27.550] GRBL WPos updated: X=79.985 Y=73.212 Z=29.712
[17:58:28.881] GRBL WPos updated: X=79.989 Y=73.212 Z=29.712
[17:58:28.993] GRBL WPos updated: X=80.001 Y=73.212 Z=29.712
[17:58:29.103] GRBL WPos updated: X=80.005 Y=73.212 Z=29.712
[17:58:30.097] GRBL WPos updated: X=80.001 Y=73.212 Z=29.712
[17:58:30.223] GRBL WPos updated: X=79.993 Y=73.212 Z=29.712
[17:58:30.334] GRBL WPos updated: X=79.985 Y=73.212 Z=29.712
[17:58:30.911] GRBL WPos updated: X=79.981 Y=73.212 Z=29.712
[17:58:31.021] GRBL WPos updated: X=79.973 Y=73.212 Z=29.712
[17:58:31.130] GRBL WPos updated: X=79.961 Y=73.212 Z=29.712
[17:58:31.237] GRBL WPos updated: X=79.949 Y=73.212 Z=29.712
[17:58:31.348] GRBL WPos updated: X=79.941 Y=73.212 Z=29.712
[17:58:31.458] GRBL WPos updated: X=79.929 Y=73.212 Z=29.712
[17:58:31.568] GRBL WPos updated: X=79.921 Y=73.212 Z=29.712
[17:58:31.676] GRBL WPos updated: X=79.909 Y=73.212 Z=29.712
[17:58:31.786] GRBL WPos updated: X=79.901 Y=73.212 Z=29.712
[17:58:31.892] GRBL WPos updated: X=79.889 Y=73.212 Z=29.712
[17:58:32.005] GRBL WPos updated: X=79.881 Y=73.212 Z=29.712
[17:58:32.115] GRBL WPos updated: X=79.869 Y=73.212 Z=29.712
[17:58:32.225] GRBL WPos updated: X=79.861 Y=73.212 Z=29.712
[17:58:32.333] GRBL WPos updated: X=79.849 Y=73.212 Z=29.712
[17:58:32.446] GRBL WPos updated: X=79.841 Y=73.212 Z=29.712
[17:58:32.555] GRBL WPos updated: X=79.829 Y=73.212 Z=29.712
[17:58:32.663] GRBL WPos updated: X=79.821 Y=73.212 Z=29.712
[17:58:32.771] GRBL WPos updated: X=79.809 Y=73.212 Z=29.712
[17:58:32.881] GRBL WPos updated: X=79.801 Y=73.212 Z=29.712
[17:58:32.989] GRBL WPos updated: X=79.789 Y=73.212 Z=29.712
[17:58:33.098] GRBL WPos updated: X=79.781 Y=73.212 Z=29.712
[17:58:33.208] GRBL WPos updated: X=79.769 Y=73.212 Z=29.712
[17:58:33.317] GRBL WPos updated: X=79.761 Y=73.212 Z=29.712
[17:58:33.424] GRBL WPos updated: X=79.749 Y=73.212 Z=29.712
[17:58:33.549] GRBL WPos updated: X=79.741 Y=73.212 Z=29.712
[17:58:33.659] GRBL WPos updated: X=79.729 Y=73.212 Z=29.712
[17:58:33.782] GRBL WPos updated: X=79.721 Y=73.212 Z=29.712
[17:58:33.892] GRBL WPos updated: X=79.709 Y=73.212 Z=29.712
[17:58:33.999] GRBL WPos updated: X=79.701 Y=73.212 Z=29.712
[17:58:34.105] GRBL WPos updated: X=79.685 Y=73.212 Z=29.712
[17:58:34.219] GRBL WPos updated: X=79.681 Y=73.212 Z=29.712
[17:58:34.329] GRBL WPos updated: X=79.669 Y=73.212 Z=29.712
[17:58:34.439] GRBL WPos updated: X=79.661 Y=73.212 Z=29.712
[17:58:34.549] GRBL WPos updated: X=79.649 Y=73.212 Z=29.712
[17:58:34.660] GRBL WPos updated: X=79.637 Y=73.212 Z=29.712
[17:58:34.767] GRBL WPos updated: X=79.625 Y=73.212 Z=29.712
[17:58:34.879] GRBL WPos updated: X=79.617 Y=73.212 Z=29.712
[17:58:34.985] GRBL WPos updated: X=79.613 Y=73.212 Z=29.712
[17:58:35.557] GRBL WPos updated: X=79.625 Y=73.212 Z=29.712
[17:58:35.663] GRBL WPos updated: X=79.633 Y=73.212 Z=29.712
[17:58:36.645] GRBL WPos updated: X=79.645 Y=73.212 Z=29.712
[17:58:36.753] GRBL WPos updated: X=79.653 Y=73.212 Z=29.712
[17:58:37.517] GRBL WPos updated: X=79.657 Y=73.212 Z=29.712
[17:58:37.643] GRBL WPos updated: X=79.669 Y=73.212 Z=29.712
[17:58:37.766] GRBL WPos updated: X=79.673 Y=73.212 Z=29.712
[17:58:38.642] GRBL WPos updated: X=79.685 Y=73.212 Z=29.712
[17:58:38.752] GRBL WPos updated: X=79.693 Y=73.212 Z=29.712
[17:58:39.547] GRBL WPos updated: X=79.709 Y=73.212 Z=29.712
[17:58:39.642] GRBL WPos updated: X=79.713 Y=73.212 Z=29.712
[17:58:40.318] GRBL WPos updated: X=79.725 Y=73.212 Z=29.712
[17:58:40.427] GRBL WPos updated: X=79.733 Y=73.212 Z=29.712
[17:58:41.123] GRBL WPos updated: X=79.745 Y=73.212 Z=29.712
[17:58:41.232] GRBL WPos updated: X=79.753 Y=73.212 Z=29.712
[17:58:41.886] GRBL WPos updated: X=79.765 Y=73.212 Z=29.712
[17:58:41.995] GRBL WPos updated: X=79.773 Y=73.212 Z=29.712
[17:58:42.649] GRBL WPos updated: X=79.777 Y=73.212 Z=29.712
[17:58:42.759] GRBL WPos updated: X=79.789 Y=73.212 Z=29.712
[17:58:42.863] GRBL WPos updated: X=79.793 Y=73.212 Z=29.712
[17:58:43.418] GRBL WPos updated: X=79.801 Y=73.212 Z=29.712
[17:58:43.525] GRBL WPos updated: X=79.805 Y=73.212 Z=29.712
[17:58:44.192] GRBL WPos updated: X=79.813 Y=73.212 Z=29.712
[17:58:44.304] GRBL WPos updated: X=79.825 Y=73.212 Z=29.712
[17:58:44.956] GRBL WPos updated: X=79.833 Y=73.212 Z=29.712
[17:58:45.065] GRBL WPos updated: X=79.845 Y=73.212 Z=29.712
[17:58:45.739] GRBL WPos updated: X=79.853 Y=73.212 Z=29.712
[17:58:45.845] GRBL WPos updated: X=79.865 Y=73.212 Z=29.712
[17:58:45.955] GRBL WPos updated: X=79.873 Y=73.212 Z=29.712
[17:58:46.065] GRBL WPos updated: X=79.885 Y=73.212 Z=29.712
[17:58:46.174] GRBL WPos updated: X=79.893 Y=73.212 Z=29.712
[17:58:46.296] GRBL WPos updated: X=79.905 Y=73.212 Z=29.712
[17:58:46.407] GRBL WPos updated: X=79.913 Y=73.212 Z=29.712
[17:58:46.501] GRBL WPos updated: X=79.925 Y=73.212 Z=29.712
[17:58:46.628] GRBL WPos updated: X=79.929 Y=73.212 Z=29.712
[17:58:46.738] GRBL WPos updated: X=79.945 Y=73.212 Z=29.712
[17:58:46.859] GRBL WPos updated: X=79.953 Y=73.212 Z=29.712
[17:58:46.987] GRBL WPos updated: X=79.965 Y=73.212 Z=29.712
[17:58:47.111] GRBL WPos updated: X=79.977 Y=73.212 Z=29.712
[17:58:47.235] GRBL WPos updated: X=79.985 Y=73.212 Z=29.712
[17:58:47.343] GRBL WPos updated: X=79.997 Y=73.212 Z=29.712
[17:58:47.453] GRBL WPos updated: X=80.005 Y=73.212 Z=29.712
[17:58:47.562] GRBL WPos updated: X=80.017 Y=73.212 Z=29.712
[17:58:47.664] GRBL WPos updated: X=80.025 Y=73.212 Z=29.712
[17:58:47.781] GRBL WPos updated: X=80.037 Y=73.212 Z=29.712
[17:58:47.890] GRBL WPos updated: X=80.045 Y=73.212 Z=29.712
[17:58:47.989] GRBL WPos updated: X=80.057 Y=73.212 Z=29.712
[17:58:48.097] GRBL WPos updated: X=80.065 Y=73.212 Z=29.712
[17:58:48.222] GRBL WPos updated: X=80.077 Y=73.212 Z=29.712
[17:58:48.331] GRBL WPos updated: X=80.085 Y=73.212 Z=29.712
[17:58:48.441] GRBL WPos updated: X=80.097 Y=73.212 Z=29.712
[17:58:48.566] GRBL WPos updated: X=80.105 Y=73.212 Z=29.712
[17:58:48.676] GRBL WPos updated: X=80.117 Y=73.212 Z=29.712
[17:58:48.785] GRBL WPos updated: X=80.125 Y=73.212 Z=29.712
[17:58:48.911] GRBL WPos updated: X=80.137 Y=73.212 Z=29.712
[17:58:49.019] GRBL WPos updated: X=80.145 Y=73.212 Z=29.712
[17:58:49.127] GRBL WPos updated: X=80.157 Y=73.212 Z=29.712
[17:58:49.238] GRBL WPos updated: X=80.165 Y=73.212 Z=29.712
[17:58:49.361] GRBL WPos updated: X=80.177 Y=73.212 Z=29.712
[17:58:49.455] GRBL WPos updated: X=80.185 Y=73.212 Z=29.712
[17:58:49.565] GRBL WPos updated: X=80.193 Y=73.212 Z=29.712
[17:58:49.674] GRBL WPos updated: X=80.205 Y=73.212 Z=29.712
[17:58:49.800] GRBL WPos updated: X=80.217 Y=73.212 Z=29.712
[17:58:49.891] GRBL WPos updated: X=80.225 Y=73.212 Z=29.712
[17:58:50.018] GRBL WPos updated: X=80.233 Y=73.212 Z=29.712
[17:58:50.143] GRBL WPos updated: X=80.245 Y=73.212 Z=29.712
[17:58:50.266] GRBL WPos updated: X=80.257 Y=73.212 Z=29.712
[17:58:50.374] GRBL WPos updated: X=80.265 Y=73.212 Z=29.712
[17:58:50.484] GRBL WPos updated: X=80.277 Y=73.212 Z=29.712
[17:58:50.592] GRBL WPos updated: X=80.285 Y=73.212 Z=29.712
[17:58:50.700] GRBL WPos updated: X=80.297 Y=73.212 Z=29.712
[17:58:50.809] GRBL WPos updated: X=80.305 Y=73.212 Z=29.712
[17:58:50.909] GRBL WPos updated: X=80.317 Y=73.212 Z=29.712
[17:58:51.024] GRBL WPos updated: X=80.325 Y=73.212 Z=29.712
[17:58:51.136] GRBL WPos updated: X=80.337 Y=73.212 Z=29.712
[17:58:51.244] GRBL WPos updated: X=80.345 Y=73.212 Z=29.712
[17:58:51.354] GRBL WPos updated: X=80.357 Y=73.212 Z=29.712
[17:58:51.465] GRBL WPos updated: X=80.365 Y=73.212 Z=29.712
[17:58:51.573] GRBL WPos updated: X=80.377 Y=73.212 Z=29.712
[17:58:51.683] GRBL WPos updated: X=80.385 Y=73.212 Z=29.712
[17:58:51.791] GRBL WPos updated: X=80.397 Y=73.212 Z=29.712
[17:58:51.899] GRBL WPos updated: X=80.405 Y=73.212 Z=29.712
[17:58:52.010] GRBL WPos updated: X=80.417 Y=73.212 Z=29.712
[17:58:52.117] GRBL WPos updated: X=80.425 Y=73.212 Z=29.712
[17:58:52.223] GRBL WPos updated: X=80.437 Y=73.212 Z=29.712
[17:58:52.338] GRBL WPos updated: X=80.445 Y=73.212 Z=29.712
[17:58:52.447] GRBL WPos updated: X=80.457 Y=73.212 Z=29.712
[17:58:52.558] GRBL WPos updated: X=80.465 Y=73.212 Z=29.712
[17:58:52.667] GRBL WPos updated: X=80.477 Y=73.212 Z=29.712
[17:58:52.777] GRBL WPos updated: X=80.485 Y=73.212 Z=29.712
[17:58:52.887] GRBL WPos updated: X=80.497 Y=73.212 Z=29.712
[17:58:52.995] GRBL WPos updated: X=80.505 Y=73.212 Z=29.712
[17:58:53.103] GRBL WPos updated: X=80.517 Y=73.212 Z=29.712
[17:58:53.210] GRBL WPos updated: X=80.525 Y=73.212 Z=29.712
[17:58:53.321] GRBL WPos updated: X=80.537 Y=73.212 Z=29.712
[17:58:53.426] GRBL WPos updated: X=80.545 Y=73.212 Z=29.712
[17:58:53.539] GRBL WPos updated: X=80.557 Y=73.212 Z=29.712
[17:58:53.649] GRBL WPos updated: X=80.565 Y=73.212 Z=29.712
[17:58:53.759] GRBL WPos updated: X=80.577 Y=73.212 Z=29.712
[17:58:53.870] GRBL WPos updated: X=80.585 Y=73.212 Z=29.712
[17:58:53.978] GRBL WPos updated: X=80.597 Y=73.212 Z=29.712
[17:58:54.087] GRBL WPos updated: X=80.605 Y=73.212 Z=29.712
[17:58:54.197] GRBL WPos updated: X=80.617 Y=73.212 Z=29.712
[17:58:54.308] GRBL WPos updated: X=80.625 Y=73.212 Z=29.712
[17:58:54.419] GRBL WPos updated: X=80.637 Y=73.212 Z=29.712
[17:58:54.526] GRBL WPos updated: X=80.645 Y=73.212 Z=29.712
[17:58:54.635] GRBL WPos updated: X=80.657 Y=73.212 Z=29.712
[17:58:54.746] GRBL WPos updated: X=80.665 Y=73.212 Z=29.712
[17:58:54.854] GRBL WPos updated: X=80.677 Y=73.212 Z=29.712
[17:58:54.965] GRBL WPos updated: X=80.685 Y=73.212 Z=29.712
[17:58:55.074] GRBL WPos updated: X=80.697 Y=73.212 Z=29.712
[17:58:55.186] GRBL WPos updated: X=80.705 Y=73.212 Z=29.712
[17:58:55.292] GRBL WPos updated: X=80.717 Y=73.212 Z=29.712
[17:58:55.402] GRBL WPos updated: X=80.725 Y=73.212 Z=29.712
[17:58:55.511] GRBL WPos updated: X=80.737 Y=73.212 Z=29.712
[17:58:55.619] GRBL WPos updated: X=80.745 Y=73.212 Z=29.712
[17:58:55.727] GRBL WPos updated: X=80.757 Y=73.212 Z=29.712
[17:58:55.838] GRBL WPos updated: X=80.765 Y=73.212 Z=29.712
[17:58:55.941] GRBL WPos updated: X=80.777 Y=73.212 Z=29.712
[17:58:56.058] GRBL WPos updated: X=80.785 Y=73.212 Z=29.712
[17:58:56.165] GRBL WPos updated: X=80.797 Y=73.212 Z=29.712
[17:58:56.272] GRBL WPos updated: X=80.805 Y=73.212 Z=29.712
[17:58:56.382] GRBL WPos updated: X=80.817 Y=73.212 Z=29.712
[17:58:56.491] GRBL WPos updated: X=80.825 Y=73.212 Z=29.712
[17:58:56.600] GRBL WPos updated: X=80.837 Y=73.212 Z=29.712
[17:58:56.710] GRBL WPos updated: X=80.845 Y=73.212 Z=29.712
[17:58:56.814] GRBL WPos updated: X=80.857 Y=73.212 Z=29.712
[17:58:56.927] GRBL WPos updated: X=80.865 Y=73.212 Z=29.712
[17:58:57.038] GRBL WPos updated: X=80.877 Y=73.212 Z=29.712
[17:58:57.145] GRBL WPos updated: X=80.885 Y=73.212 Z=29.712
[17:58:57.258] GRBL WPos updated: X=80.897 Y=73.212 Z=29.712
[17:58:57.368] GRBL WPos updated: X=80.905 Y=73.212 Z=29.712
[17:58:57.476] GRBL WPos updated: X=80.917 Y=73.212 Z=29.712
[17:58:57.586] GRBL WPos updated: X=80.925 Y=73.212 Z=29.712
[17:58:57.694] GRBL WPos updated: X=80.937 Y=73.212 Z=29.712
[17:58:57.806] GRBL WPos updated: X=80.945 Y=73.212 Z=29.712
[17:58:57.917] GRBL WPos updated: X=80.957 Y=73.212 Z=29.712
[17:58:58.028] GRBL WPos updated: X=80.965 Y=73.212 Z=29.712
[17:58:58.137] GRBL WPos updated: X=80.977 Y=73.212 Z=29.712
[17:58:58.249] GRBL WPos updated: X=80.985 Y=73.212 Z=29.712
[17:58:58.357] GRBL WPos updated: X=80.997 Y=73.212 Z=29.712
[17:58:58.465] GRBL WPos updated: X=81.005 Y=73.212 Z=29.712
[17:58:58.573] GRBL WPos updated: X=81.017 Y=73.212 Z=29.712
[17:58:58.684] GRBL WPos updated: X=81.025 Y=73.212 Z=29.712
[17:58:58.793] GRBL WPos updated: X=81.037 Y=73.212 Z=29.712
[17:58:58.899] GRBL WPos updated: X=81.045 Y=73.212 Z=29.712
[17:58:59.011] GRBL WPos updated: X=81.057 Y=73.212 Z=29.712
[17:58:59.120] GRBL WPos updated: X=81.065 Y=73.212 Z=29.712
[17:58:59.228] GRBL WPos updated: X=81.077 Y=73.212 Z=29.712
[17:58:59.338] GRBL WPos updated: X=81.085 Y=73.212 Z=29.712
[17:58:59.448] GRBL WPos updated: X=81.097 Y=73.212 Z=29.712
[17:58:59.558] GRBL WPos updated: X=81.105 Y=73.212 Z=29.712
[17:58:59.667] GRBL WPos updated: X=81.117 Y=73.212 Z=29.712
[17:58:59.778] GRBL WPos updated: X=81.125 Y=73.212 Z=29.712
[17:58:59.886] GRBL WPos updated: X=81.137 Y=73.212 Z=29.712
[17:58:59.994] GRBL WPos updated: X=81.145 Y=73.212 Z=29.712
[17:59:00.106] GRBL WPos updated: X=81.157 Y=73.212 Z=29.712
[17:59:00.217] GRBL WPos updated: X=81.165 Y=73.212 Z=29.712
[17:59:00.324] GRBL WPos updated: X=81.177 Y=73.212 Z=29.712
[17:59:00.435] GRBL WPos updated: X=81.185 Y=73.212 Z=29.712
[17:59:00.540] GRBL WPos updated: X=81.197 Y=73.212 Z=29.712
[17:59:00.649] GRBL WPos updated: X=81.205 Y=73.212 Z=29.712
[17:59:00.757] GRBL WPos updated: X=81.217 Y=73.212 Z=29.712
[17:59:00.865] GRBL WPos updated: X=81.225 Y=73.212 Z=29.712
[17:59:00.975] GRBL WPos updated: X=81.237 Y=73.212 Z=29.712
[17:59:01.877] GRBL WPos updated: X=81.245 Y=73.212 Z=29.712
[17:59:01.987] GRBL WPos updated: X=81.257 Y=73.212 Z=29.712
[17:59:02.099] GRBL WPos updated: X=81.269 Y=73.212 Z=29.712
[17:59:02.204] GRBL WPos updated: X=81.277 Y=73.212 Z=29.712
[17:59:02.318] GRBL WPos updated: X=81.289 Y=73.212 Z=29.712
[17:59:02.424] GRBL WPos updated: X=81.297 Y=73.212 Z=29.712
[17:59:03.316] GRBL WPos updated: X=81.297 Y=73.212 Z=29.724
[17:59:03.428] GRBL WPos updated: X=81.297 Y=73.212 Z=29.732
[17:59:03.537] GRBL WPos updated: X=81.297 Y=73.212 Z=29.744
[17:59:03.645] GRBL WPos updated: X=81.297 Y=73.212 Z=29.752
[17:59:03.768] GRBL WPos updated: X=81.297 Y=73.212 Z=29.764
[17:59:03.864] GRBL WPos updated: X=81.297 Y=73.212 Z=29.772
[17:59:03.983] GRBL WPos updated: X=81.297 Y=73.212 Z=29.784
[17:59:04.095] GRBL WPos updated: X=81.297 Y=73.212 Z=29.792
[17:59:04.204] GRBL WPos updated: X=81.297 Y=73.212 Z=29.804
[17:59:04.329] GRBL WPos updated: X=81.297 Y=73.212 Z=29.812
[17:59:04.440] GRBL WPos updated: X=81.297 Y=73.212 Z=29.824
[17:59:04.554] GRBL WPos updated: X=81.297 Y=73.212 Z=29.832
[17:59:04.678] GRBL WPos updated: X=81.297 Y=73.212 Z=29.844
[17:59:04.788] GRBL WPos updated: X=81.297 Y=73.212 Z=29.852
[17:59:04.897] GRBL WPos updated: X=81.297 Y=73.212 Z=29.864
[17:59:05.020] GRBL WPos updated: X=81.297 Y=73.212 Z=29.872
[17:59:05.145] GRBL WPos updated: X=81.297 Y=73.212 Z=29.884
[17:59:05.253] GRBL WPos updated: X=81.297 Y=73.212 Z=29.892
[17:59:05.374] GRBL WPos updated: X=81.297 Y=73.212 Z=29.904
[17:59:05.470] GRBL WPos updated: X=81.297 Y=73.212 Z=29.912
[17:59:06.141] BUTTON command sent: 'G10 L20 P1 Z0'
[17:59:06.145] ZERO Z: requested; waiting for updated WPos
[17:59:06.354] GRBL WPos updated: X=81.297 Y=73.212 Z=0.000
[17:59:07.332] BUTTON command sent: 'G10 L20 P1 Y0'
[17:59:07.335] ZERO Y: requested; waiting for updated WPos
[17:59:07.442] GRBL WPos updated: X=81.297 Y=0.000 Z=0.000
[17:59:08.652] GRBL WPos updated: X=81.301 Y=0.000 Z=0.000
[17:59:08.759] GRBL WPos updated: X=81.309 Y=0.000 Z=0.000
[17:59:08.870] GRBL WPos updated: X=81.317 Y=0.000 Z=0.000
[17:59:08.979] GRBL WPos updated: X=81.329 Y=0.000 Z=0.000
[17:59:09.087] GRBL WPos updated: X=81.337 Y=0.000 Z=0.000
[17:59:09.196] GRBL WPos updated: X=81.349 Y=0.000 Z=0.000
[17:59:09.306] GRBL WPos updated: X=81.357 Y=0.000 Z=0.000
[17:59:09.416] GRBL WPos updated: X=81.373 Y=0.000 Z=0.000
[17:59:09.524] GRBL WPos updated: X=81.377 Y=0.000 Z=0.000
[17:59:09.634] GRBL WPos updated: X=81.389 Y=0.000 Z=0.000
[17:59:09.742] GRBL WPos updated: X=81.397 Y=0.000 Z=0.000
[17:59:09.850] GRBL WPos updated: X=81.409 Y=0.000 Z=0.000
[17:59:09.962] GRBL WPos updated: X=81.417 Y=0.000 Z=0.000
[17:59:10.618] GRBL WPos updated: X=81.417 Y=0.008 Z=0.000
[17:59:10.726] GRBL WPos updated: X=81.417 Y=0.016 Z=0.000
[17:59:10.837] GRBL WPos updated: X=81.417 Y=0.024 Z=0.000
[17:59:10.942] GRBL WPos updated: X=81.417 Y=0.036 Z=0.000
[17:59:11.057] GRBL WPos updated: X=81.417 Y=0.044 Z=0.000
[17:59:11.167] GRBL WPos updated: X=81.417 Y=0.060 Z=0.000
[17:59:11.275] GRBL WPos updated: X=81.417 Y=0.064 Z=0.000
[17:59:11.383] GRBL WPos updated: X=81.417 Y=0.076 Z=0.000
[17:59:11.495] GRBL WPos updated: X=81.417 Y=0.084 Z=0.000
[17:59:11.603] GRBL WPos updated: X=81.417 Y=0.100 Z=0.000
[17:59:11.713] GRBL WPos updated: X=81.417 Y=0.104 Z=0.000
[17:59:11.819] GRBL WPos updated: X=81.417 Y=0.116 Z=0.000
[17:59:11.928] GRBL WPos updated: X=81.417 Y=0.124 Z=0.000
[17:59:12.036] GRBL WPos updated: X=81.417 Y=0.136 Z=0.000
[17:59:12.144] GRBL WPos updated: X=81.417 Y=0.148 Z=0.000
[17:59:12.258] GRBL WPos updated: X=81.417 Y=0.156 Z=0.000
[17:59:12.366] GRBL WPos updated: X=81.417 Y=0.164 Z=0.000
[17:59:12.474] GRBL WPos updated: X=81.417 Y=0.176 Z=0.000
[17:59:12.584] GRBL WPos updated: X=81.417 Y=0.184 Z=0.000
[17:59:12.693] GRBL WPos updated: X=81.417 Y=0.196 Z=0.000
[17:59:12.803] GRBL WPos updated: X=81.417 Y=0.204 Z=0.000
[17:59:12.912] GRBL WPos updated: X=81.417 Y=0.216 Z=0.000
[17:59:13.021] GRBL WPos updated: X=81.417 Y=0.224 Z=0.000
[17:59:13.130] GRBL WPos updated: X=81.417 Y=0.236 Z=0.000
[17:59:13.243] GRBL WPos updated: X=81.417 Y=0.244 Z=0.000
[17:59:13.351] GRBL WPos updated: X=81.417 Y=0.260 Z=0.000
[17:59:13.460] GRBL WPos updated: X=81.417 Y=0.264 Z=0.000
[17:59:13.567] GRBL WPos updated: X=81.417 Y=0.276 Z=0.000
[17:59:13.677] GRBL WPos updated: X=81.417 Y=0.284 Z=0.000
[17:59:13.788] GRBL WPos updated: X=81.417 Y=0.296 Z=0.000
[17:59:13.898] GRBL WPos updated: X=81.417 Y=0.304 Z=0.000
[17:59:14.006] GRBL WPos updated: X=81.417 Y=0.316 Z=0.000
[17:59:14.113] GRBL WPos updated: X=81.417 Y=0.324 Z=0.000
[17:59:14.224] GRBL WPos updated: X=81.417 Y=0.336 Z=0.000
[17:59:14.335] GRBL WPos updated: X=81.417 Y=0.344 Z=0.000
[17:59:14.444] GRBL WPos updated: X=81.417 Y=0.356 Z=0.000
[17:59:14.553] GRBL WPos updated: X=81.417 Y=0.364 Z=0.000
[17:59:14.662] GRBL WPos updated: X=81.417 Y=0.376 Z=0.000
[17:59:14.771] GRBL WPos updated: X=81.417 Y=0.384 Z=0.000
[17:59:14.881] GRBL WPos updated: X=81.417 Y=0.396 Z=0.000
[17:59:14.989] GRBL WPos updated: X=81.417 Y=0.404 Z=0.000
[17:59:15.098] GRBL WPos updated: X=81.417 Y=0.416 Z=0.000
[17:59:15.208] GRBL WPos updated: X=81.417 Y=0.424 Z=0.000
[17:59:15.334] GRBL WPos updated: X=81.417 Y=0.436 Z=0.000
[17:59:15.444] GRBL WPos updated: X=81.417 Y=0.444 Z=0.000
[17:59:15.554] GRBL WPos updated: X=81.417 Y=0.456 Z=0.000
[17:59:15.664] GRBL WPos updated: X=81.417 Y=0.464 Z=0.000
[17:59:15.774] GRBL WPos updated: X=81.417 Y=0.476 Z=0.000
[17:59:15.885] GRBL WPos updated: X=81.417 Y=0.484 Z=0.000
[17:59:15.991] GRBL WPos updated: X=81.417 Y=0.496 Z=0.000
[17:59:16.106] GRBL WPos updated: X=81.417 Y=0.504 Z=0.000
[17:59:16.215] GRBL WPos updated: X=81.417 Y=0.516 Z=0.000
[17:59:16.316] GRBL WPos updated: X=81.417 Y=0.524 Z=0.000
[17:59:16.433] GRBL WPos updated: X=81.417 Y=0.536 Z=0.000
[17:59:16.542] GRBL WPos updated: X=81.417 Y=0.544 Z=0.000
[17:59:16.651] GRBL WPos updated: X=81.417 Y=0.560 Z=0.000
[17:59:16.763] GRBL WPos updated: X=81.417 Y=0.568 Z=0.000
[17:59:16.870] GRBL WPos updated: X=81.417 Y=0.576 Z=0.000
[17:59:16.981] GRBL WPos updated: X=81.417 Y=0.584 Z=0.000
[17:59:17.091] GRBL WPos updated: X=81.417 Y=0.596 Z=0.000
[17:59:17.201] GRBL WPos updated: X=81.417 Y=0.604 Z=0.000
[17:59:17.304] GRBL WPos updated: X=81.417 Y=0.616 Z=0.000
[17:59:17.419] GRBL WPos updated: X=81.417 Y=0.624 Z=0.000
[17:59:17.530] GRBL WPos updated: X=81.417 Y=0.636 Z=0.000
[17:59:17.640] GRBL WPos updated: X=81.417 Y=0.644 Z=0.000
[17:59:17.748] GRBL WPos updated: X=81.417 Y=0.656 Z=0.000
[17:59:17.857] GRBL WPos updated: X=81.417 Y=0.664 Z=0.000
[17:59:17.965] GRBL WPos updated: X=81.417 Y=0.680 Z=0.000
[17:59:18.074] GRBL WPos updated: X=81.417 Y=0.684 Z=0.000
[17:59:18.184] GRBL WPos updated: X=81.417 Y=0.696 Z=0.000
[17:59:18.293] GRBL WPos updated: X=81.417 Y=0.704 Z=0.000
[17:59:18.400] GRBL WPos updated: X=81.417 Y=0.716 Z=0.000
[17:59:18.503] GRBL WPos updated: X=81.417 Y=0.724 Z=0.000
[17:59:18.623] GRBL WPos updated: X=81.417 Y=0.736 Z=0.000
[17:59:18.732] GRBL WPos updated: X=81.417 Y=0.748 Z=0.000
[17:59:18.840] GRBL WPos updated: X=81.417 Y=0.756 Z=0.000
[17:59:18.950] GRBL WPos updated: X=81.417 Y=0.764 Z=0.000
[17:59:19.059] GRBL WPos updated: X=81.417 Y=0.776 Z=0.000
[17:59:19.169] GRBL WPos updated: X=81.417 Y=0.788 Z=0.000
[17:59:19.278] GRBL WPos updated: X=81.417 Y=0.796 Z=0.000
[17:59:19.386] GRBL WPos updated: X=81.417 Y=0.804 Z=0.000
[17:59:19.497] GRBL WPos updated: X=81.417 Y=0.816 Z=0.000
[17:59:19.604] GRBL WPos updated: X=81.417 Y=0.824 Z=0.000
[17:59:19.705] GRBL WPos updated: X=81.417 Y=0.840 Z=0.000
[17:59:19.825] GRBL WPos updated: X=81.417 Y=0.844 Z=0.000
[17:59:19.932] GRBL WPos updated: X=81.417 Y=0.856 Z=0.000
[17:59:20.039] GRBL WPos updated: X=81.417 Y=0.864 Z=0.000
[17:59:20.151] GRBL WPos updated: X=81.417 Y=0.876 Z=0.000
[17:59:20.259] GRBL WPos updated: X=81.417 Y=0.884 Z=0.000
[17:59:20.369] GRBL WPos updated: X=81.417 Y=0.896 Z=0.000
[17:59:20.476] GRBL WPos updated: X=81.417 Y=0.904 Z=0.000
[17:59:20.587] GRBL WPos updated: X=81.417 Y=0.916 Z=0.000
[17:59:20.688] GRBL WPos updated: X=81.417 Y=0.924 Z=0.000
[17:59:20.806] GRBL WPos updated: X=81.417 Y=0.936 Z=0.000
[17:59:20.914] GRBL WPos updated: X=81.417 Y=0.944 Z=0.000
[17:59:21.024] GRBL WPos updated: X=81.417 Y=0.956 Z=0.000
[17:59:21.133] GRBL WPos updated: X=81.417 Y=0.964 Z=0.000
[17:59:21.242] GRBL WPos updated: X=81.417 Y=0.976 Z=0.000
[17:59:21.351] GRBL WPos updated: X=81.417 Y=0.984 Z=0.000
[17:59:21.462] GRBL WPos updated: X=81.417 Y=0.996 Z=0.000
[17:59:21.571] GRBL WPos updated: X=81.417 Y=1.000 Z=0.000
[18:00:57.153] Detected cameras: ['Camera 0 (dshow)']
[18:00:57.159] Detected serial ports: ['COM1', 'COM4', 'COM3', 'COM5']
[18:00:57.159] Loaded profile from E:\PROGRAM\ProbeCAM-CNC\.git\ProbeCAM-CNC\data\probe_cam_profile.json
[18:00:57.159] Application initialized. Load a profile or start scanning cameras.
[18:00:57.168] Connected to COM5 at 115200 baud; status polling started
[18:00:57.230] BUTTON command sent: 'G91\nG0 Y0.01 F850\nG90'
[18:00:57.325] Saved profile to E:\PROGRAM\ProbeCAM-CNC\.git\ProbeCAM-CNC\data\probe_cam_profile.json
[18:01:16.868] Detected cameras: ['Camera 0 (dshow)']
[18:01:16.875] Detected serial ports: ['COM1', 'COM4', 'COM3', 'COM5']
[18:01:16.876] Loaded profile from E:\PROGRAM\ProbeCAM-CNC\.git\ProbeCAM-CNC\data\probe_cam_profile.json
[18:01:16.876] Application initialized. Load a profile or start scanning cameras.
[18:01:21.171] No active motion connection
[18:01:21.764] No active motion connection
[18:01:23.467] No active motion connection
[18:01:24.537] No active motion connection
[18:01:25.122] No active motion connection
[18:01:26.671] Connected to COM5 at 115200 baud; status polling started
[18:01:26.778] GRBL WPos updated: X=743.604 Y=116.944 Z=31.072
[18:01:26.991] GRBL WPos updated: X=81.417 Y=1.000 Z=0.000
[18:01:27.866] BUTTON command sent: 'G91\nG0 X0.01 F600\nG90'
[18:01:28.092] GRBL WPos updated: X=81.429 Y=1.000 Z=0.000
[18:01:29.906] BUTTON command sent: 'G91\nG0 X0.01 F600\nG90'
[18:01:30.053] GRBL WPos updated: X=81.433 Y=1.000 Z=0.000
[18:01:30.159] GRBL WPos updated: X=81.437 Y=1.000 Z=0.000
[18:01:30.710] BUTTON command sent: 'G91\nG0 X0.01 F600\nG90'
[18:01:30.939] GRBL WPos updated: X=81.449 Y=1.000 Z=0.000
[18:01:33.229] BUTTON command sent: 'G91\nG0 X0.01 F600\nG90'
[18:01:33.441] GRBL WPos updated: X=81.457 Y=1.000 Z=0.000
[18:01:33.622] BUTTON command sent: 'G91\nG0 X0.01 F600\nG90'
[18:01:33.774] GRBL WPos updated: X=81.461 Y=1.000 Z=0.000
[18:01:33.841] BUTTON command sent: 'G91\nG0 X0.01 F600\nG90'
[18:01:33.890] GRBL WPos updated: X=81.469 Y=1.000 Z=0.000
[18:01:33.991] GRBL WPos updated: X=81.473 Y=1.000 Z=0.000
[18:01:34.102] GRBL WPos updated: X=81.477 Y=1.000 Z=0.000
[18:01:34.250] BUTTON command sent: 'G91\nG0 X0.01 F600\nG90'
[18:01:34.435] GRBL WPos updated: X=81.485 Y=1.000 Z=0.000
[18:01:34.546] GRBL WPos updated: X=81.489 Y=1.000 Z=0.000
[18:01:34.980] BUTTON command sent: 'G91\nG0 X0.01 F600\nG90'
[18:01:35.201] GRBL WPos updated: X=81.497 Y=1.000 Z=0.000
[18:01:37.054] GRBL WPos updated: X=81.513 Y=1.000 Z=0.000
[18:01:37.163] GRBL WPos updated: X=81.517 Y=1.000 Z=0.000
[18:01:37.272] GRBL WPos updated: X=81.529 Y=1.000 Z=0.000
[18:01:37.382] GRBL WPos updated: X=81.537 Y=1.000 Z=0.000
[18:01:37.490] GRBL WPos updated: X=81.549 Y=1.000 Z=0.000
[18:01:37.598] GRBL WPos updated: X=81.557 Y=1.000 Z=0.000
[18:01:37.704] GRBL WPos updated: X=81.569 Y=1.000 Z=0.000
[18:01:37.817] GRBL WPos updated: X=81.577 Y=1.000 Z=0.000
[18:01:37.927] GRBL WPos updated: X=81.589 Y=1.000 Z=0.000
[18:01:38.036] GRBL WPos updated: X=81.597 Y=1.000 Z=0.000
[18:01:38.146] GRBL WPos updated: X=81.609 Y=1.000 Z=0.000
[18:01:38.257] GRBL WPos updated: X=81.617 Y=1.000 Z=0.000
[18:01:38.366] GRBL WPos updated: X=81.629 Y=1.000 Z=0.000
[18:01:38.474] GRBL WPos updated: X=81.637 Y=1.000 Z=0.000
[18:01:38.584] GRBL WPos updated: X=81.649 Y=1.000 Z=0.000
[18:01:38.694] GRBL WPos updated: X=81.657 Y=1.000 Z=0.000
[18:01:38.804] GRBL WPos updated: X=81.669 Y=1.000 Z=0.000
[18:01:38.910] GRBL WPos updated: X=81.677 Y=1.000 Z=0.000
[18:01:39.021] GRBL WPos updated: X=81.689 Y=1.000 Z=0.000
[18:01:39.125] GRBL WPos updated: X=81.697 Y=1.000 Z=0.000
[18:01:44.290] GRBL WPos updated: X=81.709 Y=1.000 Z=0.000
[18:01:44.398] GRBL WPos updated: X=81.717 Y=1.000 Z=0.000
[18:01:44.942] GRBL WPos updated: X=81.721 Y=1.000 Z=0.000
[18:01:45.051] GRBL WPos updated: X=81.733 Y=1.000 Z=0.000
[18:01:45.161] GRBL WPos updated: X=81.741 Y=1.000 Z=0.000
[18:01:45.270] GRBL WPos updated: X=81.753 Y=1.000 Z=0.000
[18:01:45.378] GRBL WPos updated: X=81.761 Y=1.000 Z=0.000
[18:01:45.486] GRBL WPos updated: X=81.773 Y=1.000 Z=0.000
[18:01:45.598] GRBL WPos updated: X=81.781 Y=1.000 Z=0.000
[18:01:45.708] GRBL WPos updated: X=81.793 Y=1.000 Z=0.000
[18:01:45.817] GRBL WPos updated: X=81.801 Y=1.000 Z=0.000
[18:01:45.925] GRBL WPos updated: X=81.813 Y=1.000 Z=0.000
[18:01:46.035] GRBL WPos updated: X=81.821 Y=1.000 Z=0.000
[18:01:46.146] GRBL WPos updated: X=81.833 Y=1.000 Z=0.000
[18:01:46.272] GRBL WPos updated: X=81.841 Y=1.000 Z=0.000
[18:01:46.381] GRBL WPos updated: X=81.853 Y=1.000 Z=0.000
[18:01:46.491] GRBL WPos updated: X=81.861 Y=1.000 Z=0.000
[18:01:46.603] GRBL WPos updated: X=81.873 Y=1.000 Z=0.000
[18:01:46.704] GRBL WPos updated: X=81.885 Y=1.000 Z=0.000
[18:01:46.823] GRBL WPos updated: X=81.893 Y=1.000 Z=0.000
[18:01:46.934] GRBL WPos updated: X=81.901 Y=1.000 Z=0.000
[18:01:47.043] GRBL WPos updated: X=81.913 Y=1.000 Z=0.000
[18:01:47.153] GRBL WPos updated: X=81.925 Y=1.000 Z=0.000
[18:01:47.263] GRBL WPos updated: X=81.933 Y=1.000 Z=0.000
[18:01:47.372] GRBL WPos updated: X=81.945 Y=1.000 Z=0.000
[18:01:47.480] GRBL WPos updated: X=81.957 Y=1.000 Z=0.000
[18:01:47.592] GRBL WPos updated: X=81.961 Y=1.000 Z=0.000
[18:01:47.699] GRBL WPos updated: X=81.973 Y=1.000 Z=0.000
[18:01:47.810] GRBL WPos updated: X=81.981 Y=1.000 Z=0.000
[18:01:47.920] GRBL WPos updated: X=81.993 Y=1.000 Z=0.000
[18:01:48.025] GRBL WPos updated: X=82.001 Y=1.000 Z=0.000
[18:01:48.141] GRBL WPos updated: X=82.013 Y=1.000 Z=0.000
[18:01:48.248] GRBL WPos updated: X=82.021 Y=1.000 Z=0.000
[18:01:48.355] GRBL WPos updated: X=82.033 Y=1.000 Z=0.000
[18:01:48.459] GRBL WPos updated: X=82.041 Y=1.000 Z=0.000
[18:01:48.574] GRBL WPos updated: X=82.053 Y=1.000 Z=0.000
[18:01:48.683] GRBL WPos updated: X=82.065 Y=1.000 Z=0.000
[18:01:48.794] GRBL WPos updated: X=82.073 Y=1.000 Z=0.000
[18:01:48.905] GRBL WPos updated: X=82.085 Y=1.000 Z=0.000
[18:01:49.014] GRBL WPos updated: X=82.093 Y=1.000 Z=0.000
[18:01:49.119] GRBL WPos updated: X=82.101 Y=1.000 Z=0.000
[18:01:49.225] GRBL WPos updated: X=82.113 Y=1.000 Z=0.000
[18:01:49.340] GRBL WPos updated: X=82.121 Y=1.000 Z=0.000
[18:01:49.447] GRBL WPos updated: X=82.133 Y=1.000 Z=0.000
[18:01:49.550] GRBL WPos updated: X=82.141 Y=1.000 Z=0.000
[18:01:49.660] GRBL WPos updated: X=82.149 Y=1.000 Z=0.000
[18:01:53.170] GRBL WPos updated: X=82.189 Y=1.000 Z=0.000
[18:01:53.280] GRBL WPos updated: X=82.349 Y=1.000 Z=0.000
[18:01:53.388] GRBL WPos updated: X=82.629 Y=1.000 Z=0.000
[18:01:53.497] GRBL WPos updated: X=83.017 Y=1.000 Z=0.000
[18:01:53.604] GRBL WPos updated: X=83.533 Y=1.000 Z=0.000
[18:01:53.714] GRBL WPos updated: X=84.157 Y=1.000 Z=0.000
[18:01:53.822] GRBL WPos updated: X=84.921 Y=1.000 Z=0.000
[18:01:53.932] GRBL WPos updated: X=85.785 Y=1.000 Z=0.000
[18:01:54.039] GRBL WPos updated: X=86.697 Y=1.000 Z=0.000
[18:01:54.145] GRBL WPos updated: X=87.601 Y=1.000 Z=0.000
[18:01:54.259] GRBL WPos updated: X=88.485 Y=1.000 Z=0.000
[18:01:54.369] GRBL WPos updated: X=89.429 Y=1.000 Z=0.000
[18:01:54.480] GRBL WPos updated: X=90.357 Y=1.000 Z=0.000
[18:01:54.590] GRBL WPos updated: X=91.277 Y=1.000 Z=0.000
[18:01:54.698] GRBL WPos updated: X=92.197 Y=1.000 Z=0.000
[18:01:54.806] GRBL WPos updated: X=93.109 Y=1.000 Z=0.000
[18:01:54.916] GRBL WPos updated: X=94.009 Y=1.000 Z=0.000
[18:01:55.026] GRBL WPos updated: X=94.921 Y=1.000 Z=0.000
[18:01:55.135] GRBL WPos updated: X=95.837 Y=1.000 Z=0.000
[18:01:55.243] GRBL WPos updated: X=96.745 Y=1.000 Z=0.000
[18:01:55.351] GRBL WPos updated: X=97.645 Y=1.000 Z=0.000
[18:01:55.460] GRBL WPos updated: X=98.541 Y=1.000 Z=0.000
[18:01:55.573] GRBL WPos updated: X=99.461 Y=1.000 Z=0.000
[18:01:55.679] GRBL WPos updated: X=100.397 Y=1.000 Z=0.000
[18:01:55.791] GRBL WPos updated: X=101.293 Y=1.000 Z=0.000
[18:01:55.901] GRBL WPos updated: X=102.229 Y=1.000 Z=0.000
[18:01:56.008] GRBL WPos updated: X=103.145 Y=1.000 Z=0.000
[18:01:56.119] GRBL WPos updated: X=104.041 Y=1.000 Z=0.000
[18:01:56.227] GRBL WPos updated: X=104.961 Y=1.000 Z=0.000
[18:01:56.337] GRBL WPos updated: X=105.865 Y=1.000 Z=0.000
[18:01:56.447] GRBL WPos updated: X=106.785 Y=1.000 Z=0.000
[18:01:56.555] GRBL WPos updated: X=107.701 Y=1.000 Z=0.000
[18:01:56.665] GRBL WPos updated: X=108.613 Y=1.000 Z=0.000
[18:01:56.777] GRBL WPos updated: X=109.525 Y=1.000 Z=0.000
[18:01:56.886] GRBL WPos updated: X=110.461 Y=1.000 Z=0.000
[18:01:56.995] GRBL WPos updated: X=111.373 Y=1.000 Z=0.000
[18:01:57.105] GRBL WPos updated: X=112.281 Y=1.000 Z=0.000
[18:01:57.213] GRBL WPos updated: X=113.197 Y=1.000 Z=0.000
[18:01:57.322] GRBL WPos updated: X=114.097 Y=1.000 Z=0.000
[18:01:57.432] GRBL WPos updated: X=115.017 Y=1.000 Z=0.000
[18:01:57.543] GRBL WPos updated: X=115.929 Y=1.000 Z=0.000
[18:01:57.651] GRBL WPos updated: X=116.857 Y=1.000 Z=0.000
[18:01:57.761] GRBL WPos updated: X=117.769 Y=1.000 Z=0.000
[18:01:57.865] GRBL WPos updated: X=118.669 Y=1.000 Z=0.000
[18:01:57.981] GRBL WPos updated: X=119.549 Y=1.000 Z=0.000
[18:01:58.090] GRBL WPos updated: X=120.509 Y=1.000 Z=0.000
[18:01:58.190] GRBL WPos updated: X=121.425 Y=1.000 Z=0.000
[18:01:58.307] GRBL WPos updated: X=122.265 Y=1.000 Z=0.000
[18:01:58.413] GRBL WPos updated: X=123.233 Y=1.000 Z=0.000
[18:01:58.523] GRBL WPos updated: X=124.121 Y=1.000 Z=0.000
[18:01:58.632] GRBL WPos updated: X=125.041 Y=1.000 Z=0.000
[18:01:58.742] GRBL WPos updated: X=125.953 Y=1.000 Z=0.000
[18:01:58.850] GRBL WPos updated: X=126.873 Y=1.000 Z=0.000
[18:01:58.961] GRBL WPos updated: X=127.749 Y=1.000 Z=0.000
[18:01:59.063] GRBL WPos updated: X=128.701 Y=1.000 Z=0.000
[18:01:59.179] GRBL WPos updated: X=129.553 Y=1.000 Z=0.000
[18:01:59.287] GRBL WPos updated: X=130.437 Y=1.000 Z=0.000
[18:01:59.396] GRBL WPos updated: X=131.149 Y=1.000 Z=0.000
[18:01:59.504] GRBL WPos updated: X=131.745 Y=1.000 Z=0.000
[18:01:59.611] GRBL WPos updated: X=132.221 Y=1.000 Z=0.000
[18:01:59.722] GRBL WPos updated: X=132.577 Y=1.000 Z=0.000
[18:01:59.846] GRBL WPos updated: X=132.821 Y=1.000 Z=0.000
[18:01:59.970] GRBL WPos updated: X=132.945 Y=1.000 Z=0.000
[18:02:00.064] GRBL WPos updated: X=132.953 Y=1.000 Z=0.000
[18:02:00.970] GRBL WPos updated: X=132.961 Y=1.000 Z=0.000
[18:02:01.079] GRBL WPos updated: X=133.077 Y=1.000 Z=0.000
[18:02:01.203] GRBL WPos updated: X=133.309 Y=1.000 Z=0.000
[18:02:01.311] GRBL WPos updated: X=133.713 Y=1.000 Z=0.000
[18:02:01.421] GRBL WPos updated: X=134.197 Y=1.000 Z=0.000
[18:02:01.529] GRBL WPos updated: X=134.809 Y=1.000 Z=0.000
[18:02:01.640] GRBL WPos updated: X=135.533 Y=1.000 Z=0.000
[18:02:01.749] GRBL WPos updated: X=136.393 Y=1.000 Z=0.000
[18:02:01.861] GRBL WPos updated: X=137.297 Y=1.000 Z=0.000
[18:02:01.969] GRBL WPos updated: X=138.225 Y=1.000 Z=0.000
[18:02:02.062] GRBL WPos updated: X=139.137 Y=1.000 Z=0.000
[18:02:02.182] GRBL WPos updated: X=139.921 Y=1.000 Z=0.000
[18:02:02.296] GRBL WPos updated: X=140.925 Y=1.000 Z=0.000
[18:02:02.406] GRBL WPos updated: X=141.869 Y=1.000 Z=0.000
[18:02:02.518] GRBL WPos updated: X=142.773 Y=1.000 Z=0.000
[18:02:02.625] GRBL WPos updated: X=143.717 Y=1.000 Z=0.000
[18:02:02.734] GRBL WPos updated: X=144.613 Y=1.000 Z=0.000
[18:02:02.843] GRBL WPos updated: X=145.521 Y=1.000 Z=0.000
[18:02:02.952] GRBL WPos updated: X=146.433 Y=1.000 Z=0.000
[18:02:03.063] GRBL WPos updated: X=147.345 Y=1.000 Z=0.000
[18:02:03.172] GRBL WPos updated: X=148.265 Y=1.000 Z=0.000
[18:02:03.281] GRBL WPos updated: X=149.185 Y=1.000 Z=0.000
[18:02:03.383] GRBL WPos updated: X=150.097 Y=1.000 Z=0.000
[18:02:03.500] GRBL WPos updated: X=150.949 Y=1.000 Z=0.000
[18:02:03.609] GRBL WPos updated: X=151.893 Y=1.000 Z=0.000
[18:02:03.712] GRBL WPos updated: X=152.829 Y=1.000 Z=0.000
[18:02:03.827] GRBL WPos updated: X=153.689 Y=1.000 Z=0.000
[18:02:03.936] GRBL WPos updated: X=154.641 Y=1.000 Z=0.000
[18:02:04.043] GRBL WPos updated: X=155.561 Y=1.000 Z=0.000
[18:02:04.152] GRBL WPos updated: X=156.465 Y=1.000 Z=0.000
[18:02:04.261] GRBL WPos updated: X=157.361 Y=1.000 Z=0.000
[18:02:04.370] GRBL WPos updated: X=158.269 Y=1.000 Z=0.000
[18:02:04.482] GRBL WPos updated: X=159.189 Y=1.000 Z=0.000
[18:02:04.584] GRBL WPos updated: X=160.125 Y=1.000 Z=0.000
[18:02:04.695] GRBL WPos updated: X=160.969 Y=1.000 Z=0.000
[18:02:04.810] GRBL WPos updated: X=161.905 Y=1.000 Z=0.000
[18:02:04.913] GRBL WPos updated: X=162.861 Y=1.000 Z=0.000
[18:02:05.030] GRBL WPos updated: X=163.713 Y=1.000 Z=0.000
[18:02:05.137] GRBL WPos updated: X=164.689 Y=1.000 Z=0.000
[18:02:05.240] GRBL WPos updated: X=165.557 Y=1.000 Z=0.000
[18:02:05.350] GRBL WPos updated: X=166.293 Y=1.000 Z=0.000
[18:02:05.463] GRBL WPos updated: X=166.953 Y=1.000 Z=0.000
[18:02:05.575] GRBL WPos updated: X=167.505 Y=1.000 Z=0.000
[18:02:05.685] GRBL WPos updated: X=167.917 Y=1.000 Z=0.000
[18:02:05.784] GRBL WPos updated: X=168.209 Y=1.000 Z=0.000
[18:02:05.903] GRBL WPos updated: X=168.365 Y=1.000 Z=0.000
[18:02:06.013] GRBL WPos updated: X=168.421 Y=1.000 Z=0.000
[18:02:07.648] GRBL WPos updated: X=168.441 Y=1.000 Z=0.000
[18:02:07.754] GRBL WPos updated: X=168.569 Y=1.000 Z=0.000
[18:02:07.866] GRBL WPos updated: X=168.809 Y=1.000 Z=0.000
[18:02:07.974] GRBL WPos updated: X=169.185 Y=1.000 Z=0.000
[18:02:08.084] GRBL WPos updated: X=169.665 Y=1.000 Z=0.000
[18:02:08.192] GRBL WPos updated: X=170.273 Y=1.000 Z=0.000
[18:02:08.302] GRBL WPos updated: X=171.001 Y=1.000 Z=0.000
[18:02:08.409] GRBL WPos updated: X=171.805 Y=1.000 Z=0.000
[18:02:08.519] GRBL WPos updated: X=172.749 Y=1.000 Z=0.000
[18:02:08.642] GRBL WPos updated: X=173.653 Y=1.000 Z=0.000
[18:02:08.752] GRBL WPos updated: X=174.689 Y=1.000 Z=0.000
[18:02:08.876] GRBL WPos updated: X=175.565 Y=1.000 Z=0.000
[18:02:08.987] GRBL WPos updated: X=176.653 Y=1.000 Z=0.000
[18:02:09.110] GRBL WPos updated: X=177.565 Y=1.000 Z=0.000
[18:02:09.219] GRBL WPos updated: X=178.593 Y=1.000 Z=0.000
[18:02:09.328] GRBL WPos updated: X=179.501 Y=1.000 Z=0.000
[18:02:09.438] GRBL WPos updated: X=180.405 Y=1.000 Z=0.000
[18:02:09.549] GRBL WPos updated: X=181.333 Y=1.000 Z=0.000
[18:02:09.658] GRBL WPos updated: X=182.253 Y=1.000 Z=0.000
[18:02:09.768] GRBL WPos updated: X=183.173 Y=1.000 Z=0.000
[18:02:09.876] GRBL WPos updated: X=184.085 Y=1.000 Z=0.000
[18:02:09.986] GRBL WPos updated: X=184.993 Y=1.000 Z=0.000
[18:02:10.095] GRBL WPos updated: X=185.913 Y=1.000 Z=0.000
[18:02:10.218] GRBL WPos updated: X=186.817 Y=1.000 Z=0.000
[18:02:10.326] GRBL WPos updated: X=187.845 Y=1.000 Z=0.000
[18:02:10.435] GRBL WPos updated: X=188.749 Y=1.000 Z=0.000
[18:02:10.544] GRBL WPos updated: X=189.549 Y=1.000 Z=0.000
[18:02:10.655] GRBL WPos updated: X=190.241 Y=1.000 Z=0.000
[18:02:10.764] GRBL WPos updated: X=190.821 Y=1.000 Z=0.000
[18:02:10.873] GRBL WPos updated: X=191.265 Y=1.000 Z=0.000
[18:02:10.974] GRBL WPos updated: X=191.593 Y=1.000 Z=0.000
[18:02:11.093] GRBL WPos updated: X=191.789 Y=1.000 Z=0.000
[18:02:11.202] GRBL WPos updated: X=191.889 Y=1.000 Z=0.000
[18:02:11.306] GRBL WPos updated: X=191.893 Y=1.000 Z=0.000
[18:02:12.295] GRBL WPos updated: X=191.913 Y=1.000 Z=0.000
[18:02:12.403] GRBL WPos updated: X=192.041 Y=1.000 Z=0.000
[18:02:12.503] GRBL WPos updated: X=192.285 Y=1.000 Z=0.000
[18:02:12.625] GRBL WPos updated: X=192.617 Y=1.000 Z=0.000
[18:02:12.733] GRBL WPos updated: X=193.153 Y=1.000 Z=0.000
[18:02:12.837] GRBL WPos updated: X=193.757 Y=1.000 Z=0.000
[18:02:12.952] GRBL WPos updated: X=194.457 Y=1.000 Z=0.000
[18:02:13.060] GRBL WPos updated: X=195.305 Y=1.000 Z=0.000
[18:02:13.171] GRBL WPos updated: X=196.253 Y=1.000 Z=0.000
[18:02:13.279] GRBL WPos updated: X=197.173 Y=1.000 Z=0.000
[18:02:13.388] GRBL WPos updated: X=198.077 Y=1.000 Z=0.000
[18:02:13.498] GRBL WPos updated: X=198.989 Y=1.000 Z=0.000
[18:02:13.609] GRBL WPos updated: X=199.905 Y=1.000 Z=0.000
[18:02:13.705] GRBL WPos updated: X=200.825 Y=1.000 Z=0.000
[18:02:13.825] GRBL WPos updated: X=201.637 Y=1.000 Z=0.000
[18:02:13.934] GRBL WPos updated: X=202.633 Y=1.000 Z=0.000
[18:02:14.042] GRBL WPos updated: X=203.545 Y=1.000 Z=0.000
[18:02:14.151] GRBL WPos updated: X=204.445 Y=1.000 Z=0.000
[18:02:14.262] GRBL WPos updated: X=205.325 Y=1.000 Z=0.000
[18:02:14.367] GRBL WPos updated: X=206.277 Y=1.000 Z=0.000
[18:02:14.471] GRBL WPos updated: X=207.169 Y=1.000 Z=0.000
[18:02:14.590] GRBL WPos updated: X=207.965 Y=1.000 Z=0.000
[18:02:14.694] GRBL WPos updated: X=208.749 Y=1.000 Z=0.000
[18:02:14.809] GRBL WPos updated: X=209.321 Y=1.000 Z=0.000
[18:02:14.910] GRBL WPos updated: X=209.817 Y=1.000 Z=0.000
[18:02:15.024] GRBL WPos updated: X=210.153 Y=1.000 Z=0.000
[18:02:15.137] GRBL WPos updated: X=210.401 Y=1.000 Z=0.000
[18:02:15.245] GRBL WPos updated: X=210.517 Y=1.000 Z=0.000
[18:02:15.355] GRBL WPos updated: X=210.529 Y=1.016 Z=0.000
[18:02:15.463] GRBL WPos updated: X=210.529 Y=1.120 Z=0.000
[18:02:15.572] GRBL WPos updated: X=210.529 Y=1.364 Z=0.000
[18:02:15.681] GRBL WPos updated: X=210.529 Y=1.720 Z=0.000
[18:02:15.791] GRBL WPos updated: X=210.529 Y=2.196 Z=0.000
[18:02:15.902] GRBL WPos updated: X=210.529 Y=2.800 Z=0.000
[18:02:16.011] GRBL WPos updated: X=210.529 Y=3.524 Z=0.000
[18:02:16.121] GRBL WPos updated: X=210.529 Y=4.368 Z=0.000
[18:02:16.226] GRBL WPos updated: X=210.529 Y=5.280 Z=0.000
[18:02:16.340] GRBL WPos updated: X=210.529 Y=6.156 Z=0.000
[18:02:16.446] GRBL WPos updated: X=210.529 Y=7.108 Z=0.000
[18:02:16.554] GRBL WPos updated: X=210.529 Y=8.004 Z=0.000
[18:02:16.663] GRBL WPos updated: X=210.529 Y=8.844 Z=0.000
[18:02:16.771] GRBL WPos updated: X=210.529 Y=9.804 Z=0.000
[18:02:16.882] GRBL WPos updated: X=210.529 Y=10.712 Z=0.000
[18:02:16.991] GRBL WPos updated: X=210.529 Y=11.632 Z=0.000
[18:02:17.100] GRBL WPos updated: X=210.529 Y=12.552 Z=0.000
[18:02:17.210] GRBL WPos updated: X=210.529 Y=13.456 Z=0.000
[18:02:17.318] GRBL WPos updated: X=210.529 Y=14.372 Z=0.000
[18:02:17.424] GRBL WPos updated: X=210.529 Y=15.280 Z=0.000
[18:02:17.538] GRBL WPos updated: X=210.529 Y=16.172 Z=0.000
[18:02:17.647] GRBL WPos updated: X=210.529 Y=17.116 Z=0.000
[18:02:17.753] GRBL WPos updated: X=210.529 Y=18.028 Z=0.000
[18:02:17.864] GRBL WPos updated: X=210.529 Y=18.864 Z=0.000
[18:02:17.975] GRBL WPos updated: X=210.529 Y=19.844 Z=0.000
[18:02:18.081] GRBL WPos updated: X=210.529 Y=20.764 Z=0.000
[18:02:18.191] GRBL WPos updated: X=210.529 Y=21.656 Z=0.000
[18:02:18.301] GRBL WPos updated: X=210.529 Y=22.568 Z=0.000
[18:02:18.409] GRBL WPos updated: X=210.529 Y=23.488 Z=0.000
[18:02:18.519] GRBL WPos updated: X=210.529 Y=24.400 Z=0.000
[18:02:18.630] GRBL WPos updated: X=210.529 Y=25.308 Z=0.000
[18:02:18.741] GRBL WPos updated: X=210.529 Y=26.236 Z=0.000
[18:02:18.851] GRBL WPos updated: X=210.529 Y=27.164 Z=0.000
[18:02:18.960] GRBL WPos updated: X=210.529 Y=28.084 Z=0.000
[18:02:19.073] GRBL WPos updated: X=210.529 Y=28.996 Z=0.000
[18:02:19.182] GRBL WPos updated: X=210.529 Y=29.932 Z=0.000
[18:02:19.290] GRBL WPos updated: X=210.529 Y=30.844 Z=0.000
[18:02:19.399] GRBL WPos updated: X=210.529 Y=31.744 Z=0.000
[18:02:19.510] GRBL WPos updated: X=210.529 Y=32.640 Z=0.000
[18:02:19.621] GRBL WPos updated: X=210.529 Y=33.584 Z=0.000
[18:02:19.727] GRBL WPos updated: X=210.529 Y=34.504 Z=0.000
[18:02:19.837] GRBL WPos updated: X=210.529 Y=35.400 Z=0.000
[18:02:19.945] GRBL WPos updated: X=210.529 Y=36.320 Z=0.000
[18:02:20.058] GRBL WPos updated: X=210.529 Y=37.212 Z=0.000
[18:02:20.167] GRBL WPos updated: X=210.529 Y=38.156 Z=0.000
[18:02:20.278] GRBL WPos updated: X=210.529 Y=39.076 Z=0.000
[18:02:20.387] GRBL WPos updated: X=210.529 Y=39.996 Z=0.000
[18:02:20.496] GRBL WPos updated: X=210.529 Y=40.908 Z=0.000
[18:02:20.603] GRBL WPos updated: X=210.529 Y=41.816 Z=0.000
[18:02:20.713] GRBL WPos updated: X=210.529 Y=42.660 Z=0.000
[18:02:20.820] GRBL WPos updated: X=210.529 Y=43.624 Z=0.000
[18:02:20.928] GRBL WPos updated: X=210.529 Y=44.528 Z=0.000
[18:02:21.038] GRBL WPos updated: X=210.529 Y=45.432 Z=0.000
[18:02:21.145] GRBL WPos updated: X=210.529 Y=46.340 Z=0.000
[18:02:21.260] GRBL WPos updated: X=210.529 Y=47.244 Z=0.000
[18:02:21.369] GRBL WPos updated: X=210.529 Y=48.196 Z=0.000
[18:02:21.480] GRBL WPos updated: X=210.529 Y=49.108 Z=0.000
[18:02:21.588] GRBL WPos updated: X=210.529 Y=50.028 Z=0.000
[18:02:21.697] GRBL WPos updated: X=210.529 Y=50.940 Z=0.000
[18:02:21.804] GRBL WPos updated: X=210.529 Y=51.840 Z=0.000
[18:02:21.919] GRBL WPos updated: X=210.529 Y=52.680 Z=0.000
[18:02:22.020] GRBL WPos updated: X=210.529 Y=53.696 Z=0.000
[18:02:22.129] GRBL WPos updated: X=210.529 Y=54.540 Z=0.000
[18:02:22.240] GRBL WPos updated: X=210.529 Y=55.460 Z=0.000
[18:02:22.350] GRBL WPos updated: X=210.529 Y=56.388 Z=0.000
[18:02:22.462] GRBL WPos updated: X=210.529 Y=57.300 Z=0.000
[18:02:22.572] GRBL WPos updated: X=210.529 Y=58.236 Z=0.000
[18:02:22.680] GRBL WPos updated: X=210.529 Y=59.148 Z=0.000
[18:02:22.790] GRBL WPos updated: X=210.529 Y=60.064 Z=0.000
[18:02:22.898] GRBL WPos updated: X=210.529 Y=60.968 Z=0.000
[18:02:23.004] GRBL WPos updated: X=210.529 Y=61.800 Z=0.000
[18:02:23.111] GRBL WPos updated: X=210.529 Y=62.500 Z=0.000
[18:02:23.225] GRBL WPos updated: X=210.529 Y=63.088 Z=0.000
[18:02:23.332] GRBL WPos updated: X=210.529 Y=63.588 Z=0.000
[18:02:23.440] GRBL WPos updated: X=210.529 Y=63.936 Z=0.000
[18:02:23.549] GRBL WPos updated: X=210.529 Y=64.168 Z=0.000
[18:02:23.664] GRBL WPos updated: X=210.529 Y=64.292 Z=0.000
[18:02:23.777] GRBL WPos updated: X=210.529 Y=64.304 Z=0.000
[18:02:52.361] GRBL WPos updated: X=210.537 Y=64.304 Z=0.000
[18:02:52.454] GRBL WPos updated: X=210.657 Y=64.304 Z=0.000
[18:02:52.564] GRBL WPos updated: X=210.853 Y=64.304 Z=0.000
[18:02:52.687] GRBL WPos updated: X=211.193 Y=64.304 Z=0.000
[18:02:52.796] GRBL WPos updated: X=211.713 Y=64.304 Z=0.000
[18:02:52.902] GRBL WPos updated: X=212.301 Y=64.304 Z=0.000
[18:02:53.011] GRBL WPos updated: X=213.001 Y=64.304 Z=0.000
[18:02:53.120] GRBL WPos updated: X=213.837 Y=64.304 Z=0.000
[18:02:53.230] GRBL WPos updated: X=214.729 Y=64.304 Z=0.000
[18:02:53.338] GRBL WPos updated: X=215.657 Y=64.304 Z=0.000
[18:02:53.447] GRBL WPos updated: X=216.561 Y=64.304 Z=0.000
[18:02:53.556] GRBL WPos updated: X=217.461 Y=64.304 Z=0.000
[18:02:53.665] GRBL WPos updated: X=218.385 Y=64.304 Z=0.000
[18:02:53.776] GRBL WPos updated: X=219.285 Y=64.304 Z=0.000
[18:02:53.889] GRBL WPos updated: X=220.221 Y=64.304 Z=0.000
[18:02:53.995] GRBL WPos updated: X=221.149 Y=64.304 Z=0.000
[18:02:54.103] GRBL WPos updated: X=222.045 Y=64.304 Z=0.000
[18:02:54.212] GRBL WPos updated: X=222.949 Y=64.304 Z=0.000
[18:02:54.322] GRBL WPos updated: X=223.861 Y=64.304 Z=0.000
[18:02:54.430] GRBL WPos updated: X=224.769 Y=64.304 Z=0.000
[18:02:54.538] GRBL WPos updated: X=225.681 Y=64.304 Z=0.000
[18:02:54.646] GRBL WPos updated: X=226.585 Y=64.304 Z=0.000
[18:02:54.757] GRBL WPos updated: X=227.485 Y=64.304 Z=0.000
[18:02:54.867] GRBL WPos updated: X=228.405 Y=64.304 Z=0.000
[18:02:54.976] GRBL WPos updated: X=229.317 Y=64.304 Z=0.000
[18:02:55.086] GRBL WPos updated: X=230.229 Y=64.304 Z=0.000
[18:02:55.194] GRBL WPos updated: X=231.149 Y=64.304 Z=0.000
[18:02:55.304] GRBL WPos updated: X=232.061 Y=64.304 Z=0.000
[18:02:55.411] GRBL WPos updated: X=232.969 Y=64.304 Z=0.000
[18:02:55.521] GRBL WPos updated: X=233.865 Y=64.304 Z=0.000
[18:02:55.644] GRBL WPos updated: X=234.785 Y=64.304 Z=0.000
[18:02:55.752] GRBL WPos updated: X=235.813 Y=64.304 Z=0.000
[18:02:55.863] GRBL WPos updated: X=236.725 Y=64.304 Z=0.000
[18:02:55.972] GRBL WPos updated: X=237.645 Y=64.304 Z=0.000
[18:02:56.096] GRBL WPos updated: X=238.553 Y=64.304 Z=0.000
[18:02:56.189] GRBL WPos updated: X=239.585 Y=64.304 Z=0.000
[18:02:56.305] GRBL WPos updated: X=240.361 Y=64.304 Z=0.000
[18:02:56.423] GRBL WPos updated: X=241.329 Y=64.304 Z=0.000
[18:02:56.533] GRBL WPos updated: X=242.317 Y=64.304 Z=0.000
[18:02:56.644] GRBL WPos updated: X=243.245 Y=64.304 Z=0.000
[18:02:56.752] GRBL WPos updated: X=244.165 Y=64.304 Z=0.000
[18:02:56.862] GRBL WPos updated: X=245.017 Y=64.304 Z=0.000
[18:02:56.974] GRBL WPos updated: X=245.985 Y=64.304 Z=0.000
[18:02:57.081] GRBL WPos updated: X=246.913 Y=64.304 Z=0.000
[18:02:57.205] GRBL WPos updated: X=247.817 Y=64.304 Z=0.000
[18:02:57.329] GRBL WPos updated: X=248.777 Y=64.304 Z=0.000
[18:02:57.435] GRBL WPos updated: X=249.881 Y=64.304 Z=0.000
[18:02:57.545] GRBL WPos updated: X=250.777 Y=64.304 Z=0.000
[18:02:57.657] GRBL WPos updated: X=251.697 Y=64.304 Z=0.000
[18:02:57.766] GRBL WPos updated: X=252.625 Y=64.304 Z=0.000
[18:02:57.862] GRBL WPos updated: X=253.533 Y=64.304 Z=0.000
[18:02:57.984] GRBL WPos updated: X=254.345 Y=64.304 Z=0.000
[18:02:58.094] GRBL WPos updated: X=255.357 Y=64.304 Z=0.000
[18:02:58.204] GRBL WPos updated: X=256.269 Y=64.304 Z=0.000
[18:02:58.309] GRBL WPos updated: X=257.189 Y=64.304 Z=0.000
[18:02:58.417] GRBL WPos updated: X=258.053 Y=64.304 Z=0.000
[18:02:58.518] GRBL WPos updated: X=258.829 Y=64.304 Z=0.000
[18:02:58.639] GRBL WPos updated: X=259.441 Y=64.304 Z=0.000
[18:02:58.750] GRBL WPos updated: X=260.045 Y=64.304 Z=0.000
[18:02:58.855] GRBL WPos updated: X=260.465 Y=64.304 Z=0.000
[18:02:58.960] GRBL WPos updated: X=260.757 Y=64.304 Z=0.000
[18:02:59.064] GRBL WPos updated: X=260.937 Y=64.304 Z=0.000
[18:02:59.184] GRBL WPos updated: X=260.997 Y=64.304 Z=0.000
[18:02:59.293] GRBL WPos updated: X=261.001 Y=64.344 Z=0.000
[18:02:59.401] GRBL WPos updated: X=261.001 Y=64.500 Z=0.000
[18:02:59.508] GRBL WPos updated: X=261.001 Y=64.768 Z=0.000
[18:02:59.616] GRBL WPos updated: X=261.001 Y=65.160 Z=0.000
[18:02:59.725] GRBL WPos updated: X=261.001 Y=65.664 Z=0.000
[18:02:59.833] GRBL WPos updated: X=261.001 Y=66.288 Z=0.000
[18:02:59.943] GRBL WPos updated: X=261.001 Y=67.040 Z=0.000
[18:03:00.051] GRBL WPos updated: X=261.001 Y=67.908 Z=0.000
[18:03:00.162] GRBL WPos updated: X=261.001 Y=68.820 Z=0.000
[18:03:00.272] GRBL WPos updated: X=261.001 Y=69.748 Z=0.000
[18:03:00.380] GRBL WPos updated: X=261.001 Y=70.660 Z=0.000
[18:03:00.490] GRBL WPos updated: X=261.001 Y=71.560 Z=0.000
[18:03:00.600] GRBL WPos updated: X=261.001 Y=72.472 Z=0.000
[18:03:00.709] GRBL WPos updated: X=261.001 Y=73.400 Z=0.000
[18:03:00.816] GRBL WPos updated: X=261.001 Y=74.304 Z=0.000
[18:03:00.926] GRBL WPos updated: X=261.001 Y=75.208 Z=0.000
[18:03:01.038] GRBL WPos updated: X=261.001 Y=76.116 Z=0.000
[18:03:01.145] GRBL WPos updated: X=261.001 Y=77.052 Z=0.000
[18:03:01.255] GRBL WPos updated: X=261.001 Y=77.956 Z=0.000
[18:03:01.366] GRBL WPos updated: X=261.001 Y=78.876 Z=0.000
[18:03:01.473] GRBL WPos updated: X=261.001 Y=79.788 Z=0.000
[18:03:01.583] GRBL WPos updated: X=261.001 Y=80.700 Z=0.000
[18:03:01.705] GRBL WPos updated: X=261.001 Y=81.608 Z=0.000
[18:03:01.802] GRBL WPos updated: X=261.001 Y=82.552 Z=0.000
[18:03:01.909] GRBL WPos updated: X=261.001 Y=83.432 Z=0.000
[18:03:02.021] GRBL WPos updated: X=261.001 Y=84.328 Z=0.000
[18:03:02.129] GRBL WPos updated: X=261.001 Y=85.264 Z=0.000
[18:03:02.236] GRBL WPos updated: X=261.001 Y=86.156 Z=0.000
[18:03:02.366] GRBL WPos updated: X=261.001 Y=87.068 Z=0.000
[18:03:02.477] GRBL WPos updated: X=261.001 Y=88.148 Z=0.000
[18:03:02.585] GRBL WPos updated: X=261.001 Y=89.076 Z=0.000
[18:03:02.697] GRBL WPos updated: X=261.001 Y=89.976 Z=0.000
[18:03:02.805] GRBL WPos updated: X=261.001 Y=90.904 Z=0.000
[18:03:02.914] GRBL WPos updated: X=261.001 Y=91.808 Z=0.000
[18:03:03.021] GRBL WPos updated: X=261.001 Y=92.720 Z=0.000
[18:03:03.130] GRBL WPos updated: X=261.001 Y=93.612 Z=0.000
[18:03:03.237] GRBL WPos updated: X=261.001 Y=94.524 Z=0.000
[18:03:03.345] GRBL WPos updated: X=261.001 Y=95.420 Z=0.000
[18:03:03.457] GRBL WPos updated: X=261.001 Y=96.332 Z=0.000
[18:03:03.577] GRBL WPos updated: X=261.001 Y=97.260 Z=0.000
[18:03:03.677] GRBL WPos updated: X=261.001 Y=98.268 Z=0.000
[18:03:03.782] GRBL WPos updated: X=261.001 Y=99.064 Z=0.000
[18:03:03.906] GRBL WPos updated: X=261.001 Y=99.796 Z=0.000
[18:03:04.006] GRBL WPos updated: X=261.001 Y=100.512 Z=0.000
[18:03:04.122] GRBL WPos updated: X=261.001 Y=100.988 Z=0.000
[18:03:04.224] GRBL WPos updated: X=261.001 Y=101.400 Z=0.000
[18:03:04.342] GRBL WPos updated: X=261.001 Y=101.660 Z=0.000
[18:03:04.449] GRBL WPos updated: X=261.001 Y=101.824 Z=0.000
[18:03:04.501] BUTTON command sent: 'G10 L20 P1 X0 Y0 Z0'
[18:03:04.501] ZERO ALL: requested; waiting for updated WPos
[18:03:04.560] GRBL WPos updated: X=261.001 Y=101.856 Z=0.000
[18:03:04.670] GRBL WPos updated: X=0.000 Y=0.000 Z=0.000
[18:03:06.434] GRBL WPos updated: X=0.004 Y=0.000 Z=0.000
[18:03:06.542] GRBL WPos updated: X=0.080 Y=0.000 Z=0.000
[18:03:06.653] GRBL WPos updated: X=0.276 Y=0.000 Z=0.000
[18:03:06.763] GRBL WPos updated: X=0.600 Y=0.000 Z=0.000
[18:03:06.864] GRBL WPos updated: X=1.044 Y=0.000 Z=0.000
[18:03:06.981] GRBL WPos updated: X=1.556 Y=0.000 Z=0.000
[18:03:07.092] GRBL WPos updated: X=2.284 Y=0.000 Z=0.000
[18:03:07.202] GRBL WPos updated: X=3.092 Y=0.000 Z=0.000
[18:03:07.313] GRBL WPos updated: X=4.008 Y=0.000 Z=0.000
[18:03:07.423] GRBL WPos updated: X=4.936 Y=0.000 Z=0.000
[18:03:07.531] GRBL WPos updated: X=5.848 Y=0.000 Z=0.000
[18:03:07.625] GRBL WPos updated: X=6.748 Y=0.000 Z=0.000
[18:03:07.736] GRBL WPos updated: X=7.544 Y=0.000 Z=0.000
[18:03:07.862] GRBL WPos updated: X=8.464 Y=0.000 Z=0.000
[18:03:07.986] GRBL WPos updated: X=9.516 Y=0.000 Z=0.000
[18:03:08.108] GRBL WPos updated: X=10.552 Y=0.000 Z=0.000
[18:03:08.217] GRBL WPos updated: X=11.572 Y=0.000 Z=0.000
[18:03:08.326] GRBL WPos updated: X=12.476 Y=0.000 Z=0.000
[18:03:08.424] GRBL WPos updated: X=13.396 Y=0.000 Z=0.000
[18:03:08.545] GRBL WPos updated: X=14.216 Y=0.000 Z=0.000
[18:03:08.650] GRBL WPos updated: X=15.216 Y=0.000 Z=0.000
[18:03:08.766] GRBL WPos updated: X=16.104 Y=0.000 Z=0.000
[18:03:08.877] GRBL WPos updated: X=17.072 Y=0.000 Z=0.000
[18:03:08.984] GRBL WPos updated: X=17.984 Y=0.000 Z=0.000
[18:03:09.092] GRBL WPos updated: X=18.888 Y=0.000 Z=0.000
[18:03:09.198] GRBL WPos updated: X=19.792 Y=0.000 Z=0.000
[18:03:09.307] GRBL WPos updated: X=20.676 Y=0.000 Z=0.000
[18:03:09.416] GRBL WPos updated: X=21.588 Y=0.000 Z=0.000
[18:03:09.527] GRBL WPos updated: X=22.500 Y=0.000 Z=0.000
[18:03:09.637] GRBL WPos updated: X=23.420 Y=0.000 Z=0.000
[18:03:09.742] GRBL WPos updated: X=24.336 Y=0.000 Z=0.000
[18:03:09.858] GRBL WPos updated: X=25.216 Y=0.000 Z=0.000
[18:03:09.967] GRBL WPos updated: X=26.168 Y=0.000 Z=0.000
[18:03:10.078] GRBL WPos updated: X=27.088 Y=0.000 Z=0.000
[18:03:10.185] GRBL WPos updated: X=28.016 Y=0.000 Z=0.000
[18:03:10.293] GRBL WPos updated: X=28.920 Y=0.000 Z=0.000
[18:03:10.402] GRBL WPos updated: X=29.820 Y=0.000 Z=0.000
[18:03:10.513] GRBL WPos updated: X=30.732 Y=0.000 Z=0.000
[18:03:10.620] GRBL WPos updated: X=31.652 Y=0.000 Z=0.000
[18:03:10.732] GRBL WPos updated: X=32.556 Y=0.000 Z=0.000
[18:03:10.829] GRBL WPos updated: X=33.476 Y=0.000 Z=0.000
[18:03:10.943] GRBL WPos updated: X=34.304 Y=0.000 Z=0.000
[18:03:11.060] GRBL WPos updated: X=35.248 Y=0.000 Z=0.000
[18:03:11.170] GRBL WPos updated: X=36.188 Y=0.000 Z=0.000
[18:03:11.279] GRBL WPos updated: X=37.136 Y=0.000 Z=0.000
[18:03:11.388] GRBL WPos updated: X=38.048 Y=0.000 Z=0.000
[18:03:11.498] GRBL WPos updated: X=38.960 Y=0.000 Z=0.000
[18:03:11.606] GRBL WPos updated: X=39.868 Y=0.000 Z=0.000
[18:03:11.717] GRBL WPos updated: X=40.780 Y=0.000 Z=0.000
[18:03:11.825] GRBL WPos updated: X=41.700 Y=0.000 Z=0.000
[18:03:11.929] GRBL WPos updated: X=42.612 Y=0.000 Z=0.000
[18:03:12.048] GRBL WPos updated: X=43.488 Y=0.000 Z=0.000
[18:03:12.142] GRBL WPos updated: X=44.468 Y=0.000 Z=0.000
[18:03:12.263] GRBL WPos updated: X=45.268 Y=0.000 Z=0.000
[18:03:12.374] GRBL WPos updated: X=46.208 Y=0.000 Z=0.000
[18:03:12.485] GRBL WPos updated: X=47.192 Y=0.000 Z=0.000
[18:03:12.593] GRBL WPos updated: X=48.112 Y=0.000 Z=0.000
[18:03:12.702] GRBL WPos updated: X=49.016 Y=0.000 Z=0.000
[18:03:12.811] GRBL WPos updated: X=49.924 Y=0.000 Z=0.000
[18:03:12.920] GRBL WPos updated: X=50.836 Y=0.000 Z=0.000
[18:03:13.027] GRBL WPos updated: X=51.748 Y=0.000 Z=0.000
[18:03:13.139] GRBL WPos updated: X=52.644 Y=0.000 Z=0.000
[18:03:13.250] GRBL WPos updated: X=53.588 Y=0.000 Z=0.000
[18:03:13.361] GRBL WPos updated: X=54.508 Y=0.000 Z=0.000
[18:03:13.464] GRBL WPos updated: X=55.436 Y=0.000 Z=0.000
[18:03:13.579] GRBL WPos updated: X=56.296 Y=0.000 Z=0.000
[18:03:13.686] GRBL WPos updated: X=57.256 Y=0.000 Z=0.000
[18:03:13.788] GRBL WPos updated: X=58.148 Y=0.000 Z=0.000
[18:03:13.901] GRBL WPos updated: X=58.912 Y=0.000 Z=0.000
[18:03:14.005] GRBL WPos updated: X=59.656 Y=0.000 Z=0.000
[18:03:14.116] GRBL WPos updated: X=60.216 Y=0.000 Z=0.000
[18:03:14.230] GRBL WPos updated: X=60.696 Y=0.000 Z=0.000
[18:03:14.339] GRBL WPos updated: X=61.056 Y=0.000 Z=0.000
[18:03:14.450] GRBL WPos updated: X=61.280 Y=0.000 Z=0.000
[18:03:14.558] GRBL WPos updated: X=61.384 Y=0.000 Z=0.000
[18:03:14.664] GRBL WPos updated: X=61.392 Y=0.012 Z=0.000
[18:03:14.776] GRBL WPos updated: X=61.392 Y=0.120 Z=0.000
[18:03:14.886] GRBL WPos updated: X=61.392 Y=0.356 Z=0.000
[18:03:14.995] GRBL WPos updated: X=61.392 Y=0.712 Z=0.000
[18:03:15.105] GRBL WPos updated: X=61.392 Y=1.188 Z=0.000
[18:03:15.207] GRBL WPos updated: X=61.392 Y=1.780 Z=0.000
[18:03:15.327] GRBL WPos updated: X=61.392 Y=2.448 Z=0.000
[18:03:15.437] GRBL WPos updated: X=61.392 Y=3.364 Z=0.000
[18:03:15.542] GRBL WPos updated: X=61.392 Y=4.280 Z=0.000
[18:03:15.653] GRBL WPos updated: X=61.392 Y=5.160 Z=0.000
[18:03:15.761] GRBL WPos updated: X=61.392 Y=6.080 Z=0.000
[18:03:15.864] GRBL WPos updated: X=61.392 Y=6.988 Z=0.000
[18:03:15.978] GRBL WPos updated: X=61.392 Y=7.852 Z=0.000
[18:03:16.086] GRBL WPos updated: X=61.392 Y=8.804 Z=0.000
[18:03:16.196] GRBL WPos updated: X=61.392 Y=9.708 Z=0.000
[18:03:16.303] GRBL WPos updated: X=61.392 Y=10.616 Z=0.000
[18:03:16.413] GRBL WPos updated: X=61.392 Y=11.512 Z=0.000
[18:03:16.523] GRBL WPos updated: X=61.392 Y=12.432 Z=0.000
[18:03:16.632] GRBL WPos updated: X=61.392 Y=13.344 Z=0.000
[18:03:16.740] GRBL WPos updated: X=61.392 Y=14.252 Z=0.000
[18:03:16.850] GRBL WPos updated: X=61.392 Y=15.156 Z=0.000
[18:03:16.959] GRBL WPos updated: X=61.392 Y=16.076 Z=0.000
[18:03:17.063] GRBL WPos updated: X=61.392 Y=16.988 Z=0.000
[18:03:17.177] GRBL WPos updated: X=61.392 Y=17.864 Z=0.000
[18:03:17.285] GRBL WPos updated: X=61.392 Y=18.808 Z=0.000
[18:03:17.393] GRBL WPos updated: X=61.392 Y=19.704 Z=0.000
[18:03:17.506] GRBL WPos updated: X=61.392 Y=20.624 Z=0.000
[18:03:17.615] GRBL WPos updated: X=61.392 Y=21.552 Z=0.000
[18:03:17.724] GRBL WPos updated: X=61.392 Y=22.472 Z=0.000
[18:03:17.833] GRBL WPos updated: X=61.392 Y=23.384 Z=0.000
[18:03:17.942] GRBL WPos updated: X=61.392 Y=24.292 Z=0.000
[18:03:18.051] GRBL WPos updated: X=61.392 Y=25.196 Z=0.000
[18:03:18.159] GRBL WPos updated: X=61.392 Y=26.108 Z=0.000
[18:03:18.269] GRBL WPos updated: X=61.392 Y=27.008 Z=0.000
[18:03:18.379] GRBL WPos updated: X=61.392 Y=27.852 Z=0.000
[18:03:18.488] GRBL WPos updated: X=61.392 Y=28.552 Z=0.000
[18:03:18.597] GRBL WPos updated: X=61.392 Y=29.144 Z=0.000
[18:03:18.704] GRBL WPos updated: X=61.392 Y=29.612 Z=0.000
[18:03:18.816] GRBL WPos updated: X=61.392 Y=29.956 Z=0.000
[18:03:18.932] GRBL WPos updated: X=61.392 Y=30.188 Z=0.000
[18:03:19.035] GRBL WPos updated: X=61.392 Y=30.296 Z=0.000
[18:03:19.145] GRBL WPos updated: X=61.392 Y=30.304 Z=0.000
[18:03:20.148] GRBL WPos updated: X=61.392 Y=30.304 Z=-0.068
[18:03:20.266] GRBL WPos updated: X=61.392 Y=30.304 Z=-0.232
[18:03:20.374] GRBL WPos updated: X=61.392 Y=30.304 Z=-0.552
[18:03:20.484] GRBL WPos updated: X=61.392 Y=30.304 Z=-0.976
[18:03:20.594] GRBL WPos updated: X=61.392 Y=30.304 Z=-1.520
[18:03:20.702] GRBL WPos updated: X=61.392 Y=30.304 Z=-2.196
[18:03:20.811] GRBL WPos updated: X=61.392 Y=30.304 Z=-2.968
[18:03:20.921] GRBL WPos updated: X=61.392 Y=30.304 Z=-3.816
[18:03:21.024] GRBL WPos updated: X=61.392 Y=30.304 Z=-4.768
[18:03:21.138] GRBL WPos updated: X=61.392 Y=30.304 Z=-5.640
[18:03:21.250] GRBL WPos updated: X=61.392 Y=30.304 Z=-6.600
[18:03:21.344] GRBL WPos updated: X=61.392 Y=30.304 Z=-7.520
[18:03:21.459] GRBL WPos updated: X=61.392 Y=30.304 Z=-8.316
[18:03:21.585] GRBL WPos updated: X=61.392 Y=30.304 Z=-9.264
[18:03:21.692] GRBL WPos updated: X=61.392 Y=30.304 Z=-10.312
[18:03:21.817] GRBL WPos updated: X=61.392 Y=30.304 Z=-11.216
[18:03:21.937] GRBL WPos updated: X=61.392 Y=30.304 Z=-12.256
[18:03:22.035] GRBL WPos updated: X=61.392 Y=30.304 Z=-13.256
[18:03:22.145] GRBL WPos updated: X=61.392 Y=30.304 Z=-14.084
[18:03:22.254] GRBL WPos updated: X=61.392 Y=30.304 Z=-14.992
[18:03:22.362] GRBL WPos updated: X=61.392 Y=30.304 Z=-15.908
[18:03:22.472] GRBL WPos updated: X=61.392 Y=30.304 Z=-16.816
[18:03:22.582] GRBL WPos updated: X=61.392 Y=30.304 Z=-17.736
[18:03:22.693] GRBL WPos updated: X=61.392 Y=30.304 Z=-18.644
[18:03:22.799] GRBL WPos updated: X=61.392 Y=30.304 Z=-19.564
[18:03:22.910] GRBL WPos updated: X=61.392 Y=30.304 Z=-20.460
[18:03:23.018] GRBL WPos updated: X=61.392 Y=30.304 Z=-21.348
[18:03:23.144] GRBL WPos updated: X=61.392 Y=30.304 Z=-22.280
[18:03:23.253] GRBL WPos updated: X=61.392 Y=30.304 Z=-23.332
[18:03:23.377] GRBL WPos updated: X=61.392 Y=30.304 Z=-24.244
[18:03:23.474] GRBL WPos updated: X=61.392 Y=30.304 Z=-25.272
[18:03:23.597] GRBL WPos updated: X=61.392 Y=30.304 Z=-26.100
[18:03:23.720] GRBL WPos updated: X=61.392 Y=30.304 Z=-27.116
[18:03:23.828] GRBL WPos updated: X=61.392 Y=30.304 Z=-28.140
[18:03:23.937] GRBL WPos updated: X=61.392 Y=30.304 Z=-29.040
[18:03:24.047] GRBL WPos updated: X=61.392 Y=30.304 Z=-29.952
[18:03:24.144] GRBL WPos updated: X=61.392 Y=30.304 Z=-30.872
[18:03:24.256] GRBL WPos updated: X=61.392 Y=30.304 Z=-31.688
[18:03:24.373] GRBL WPos updated: X=61.392 Y=30.304 Z=-32.620
[18:03:24.480] GRBL WPos updated: X=61.392 Y=30.304 Z=-33.588
[18:03:24.582] GRBL WPos updated: X=61.392 Y=30.304 Z=-34.488
[18:03:24.700] GRBL WPos updated: X=61.392 Y=30.304 Z=-35.252
[18:03:24.811] GRBL WPos updated: X=61.392 Y=30.304 Z=-35.992
[18:03:24.919] GRBL WPos updated: X=61.392 Y=30.304 Z=-36.572
[18:03:25.029] GRBL WPos updated: X=61.392 Y=30.304 Z=-37.008
[18:03:25.137] GRBL WPos updated: X=61.392 Y=30.304 Z=-37.344
[18:03:25.241] GRBL WPos updated: X=61.392 Y=30.304 Z=-37.548
[18:03:25.357] GRBL WPos updated: X=61.392 Y=30.304 Z=-37.632
[18:03:25.463] GRBL WPos updated: X=61.392 Y=30.304 Z=-37.636
[18:03:25.816] EMERGENCY STOP: sent jog cancel and feed hold
[18:03:26.990] GRBL WPos updated: X=61.392 Y=30.304 Z=-37.648
[18:03:27.100] GRBL WPos updated: X=61.392 Y=30.304 Z=-37.752
[18:03:27.209] GRBL WPos updated: X=61.392 Y=30.304 Z=-37.980
[18:03:27.318] GRBL WPos updated: X=61.392 Y=30.304 Z=-38.324
[18:03:27.428] GRBL WPos updated: X=61.392 Y=30.304 Z=-38.792
[18:03:27.536] GRBL WPos updated: X=61.392 Y=30.304 Z=-39.384
[18:03:27.646] GRBL WPos updated: X=61.392 Y=30.304 Z=-40.084
[18:03:27.756] GRBL WPos updated: X=61.392 Y=30.304 Z=-40.920
[18:03:27.864] GRBL WPos updated: X=61.392 Y=30.304 Z=-41.836
[18:03:27.976] GRBL WPos updated: X=61.392 Y=30.304 Z=-42.740
[18:03:28.084] GRBL WPos updated: X=61.392 Y=30.304 Z=-43.668
[18:03:28.191] GRBL WPos updated: X=61.392 Y=30.304 Z=-44.576
[18:03:28.302] GRBL WPos updated: X=61.392 Y=30.304 Z=-45.472
[18:03:28.411] GRBL WPos updated: X=61.392 Y=30.304 Z=-46.400
[18:03:28.519] GRBL WPos updated: X=61.392 Y=30.304 Z=-47.304
[18:03:28.627] GRBL WPos updated: X=61.392 Y=30.304 Z=-48.204
[18:03:28.742] GRBL WPos updated: X=61.392 Y=30.304 Z=-49.116
[18:03:28.860] GRBL WPos updated: X=61.392 Y=30.304 Z=-50.044
[18:03:28.970] GRBL WPos updated: X=61.392 Y=30.304 Z=-50.856
[18:03:29.063] GRBL WPos updated: X=61.392 Y=30.304 Z=-51.488
[18:03:29.142] EMERGENCY STOP: sent jog cancel and feed hold
[18:03:29.183] GRBL WPos updated: X=61.392 Y=30.304 Z=-51.940
[18:03:29.297] GRBL WPos updated: X=61.392 Y=30.304 Z=-52.248
[18:03:31.696] GRBL command error: <Alarm:3|MPos:984.580,248.104,-21.176,0.000,0.000|Bf:1000,1023|FS:0,0|Pn:XYZABP>\r\n\n<Alarm:3|MPos:984.580,248.104,-21.176,0.000,0.000|Bf:1000,1023|FS:0,0|Pn:XYZABP>\r\n\nerror:8\r\n
[18:03:31.805] GRBL command error: <Alarm:3|MPos:984.580,248.104,-21.176,0.000,0.000|Bf:1000,1023|FS:0,0|Pn:XYZABP>\r\n\n<Alarm:3|MPos:984.580,248.104,-21.176,0.000,0.000|Bf:1000,1023|FS:0,0|Pn:XYZABP|Ov:100,100,100|A:S>\r\n\nerror:8\r\n
[18:03:31.914] GRBL command error: <Alarm:3|MPos:984.580,248.104,-21.176,0.000,0.000|Bf:1000,1023|FS:0,0|Pn:XYZABP|WCO:923.188,217.800,31.072,0.000,0.000>\r\n\nerror:8\r\n\n<Alarm:3|MPos:984.580,248.104,-21.176,0.000,0.000|Bf:1000,1023|FS:0,0|Pn:XYZABP>\r\n
[18:03:32.024] GRBL command error: <Alarm:3|MPos:984.580,248.104,-21.176,0.000,0.000|Bf:1000,1023|FS:0,0|Pn:XYZABP>\r\n\nerror:8\r\n
[18:03:32.133] GRBL command error: <Alarm:3|MPos:984.580,248.104,-21.176,0.000,0.000|Bf:1000,1023|FS:0,0|Pn:XYZABP>\r\n\n<Alarm:3|MPos:984.580,248.104,-21.176,0.000,0.000|Bf:1000,1023|FS:0,0|Pn:XYZABP>\r\n\nerror:8\r\n
[18:03:32.242] GRBL command error: <Alarm:3|MPos:984.580,248.104,-21.176,0.000,0.000|Bf:1000,1023|FS:0,0|Pn:XYZABP>\r\n\nerror:8\r\n\n<Alarm:3|MPos:984.580,248.104,-21.176,0.000,0.000|Bf:1000,1023|FS:0,0|Pn:XYZABP>\r\n
[18:03:32.350] GRBL command error: <Alarm:3|MPos:984.580,248.104,-21.176,0.000,0.000|Bf:1000,1023|FS:0,0|Pn:XYZABP>\r\n\nerror:8\r\n
[18:03:32.457] GRBL command error: <Alarm:3|MPos:984.580,248.104,-21.176,0.000,0.000|Bf:1000,1023|FS:0,0|Pn:XYZABP>\r\n\n<Alarm:3|MPos:984.580,248.104,-21.176,0.000,0.000|Bf:1000,1023|FS:0,0|Pn:XYZABP|Ov:100,100,100|A:S>\r\n\nerror:8\r\n
[18:03:32.570] GRBL command error: <Alarm:3|MPos:984.580,248.104,-21.176,0.000,0.000|Bf:1000,1023|FS:0,0|Pn:XYZABP|WCO:923.188,217.800,31.072,0.000,0.000>\r\n\n<Alarm:3|MPos:984.580,248.104,-21.176,0.000,0.000|Bf:1000,1023|FS:0,0|Pn:XYZABP>\r\n\nerror:8\r\n
[18:03:32.678] GRBL command error: <Alarm:3|MPos:984.580,248.104,-21.176,0.000,0.000|Bf:1000,1023|FS:0,0|Pn:XYZABP>\r\n\nerror:8\r\n\n<Alarm:3|MPos:984.580,248.104,-21.176,0.000,0.000|Bf:1000,1023|FS:0,0|Pn:XYZABP>\r\n
[18:03:33.223] GRBL command error: <Alarm:3|MPos:984.580,248.104,-21.176,0.000,0.000|Bf:1000,1023|FS:0,0|Pn:XYZABP|WCO:923.188,217.800,31.072,0.000,0.000>\r\n\n<Alarm:3|MPos:984.580,248.104,-21.176,0.000,0.000|Bf:1000,1023|FS:0,0|Pn:XYZABP>\r\n\nerror:8\r\n
[18:03:33.333] GRBL command error: <Alarm:3|MPos:984.580,248.104,-21.176,0.000,0.000|Bf:1000,1023|FS:0,0|Pn:XYZABP>\r\n\n<Alarm:3|MPos:984.580,248.104,-21.176,0.000,0.000|Bf:1000,1023|FS:0,0|Pn:XYZABP>\r\n\nerror:8\r\n
[18:03:33.442] GRBL command error: <Alarm:3|MPos:984.580,248.104,-21.176,0.000,0.000|Bf:1000,1023|FS:0,0|Pn:XYZABP>\r\n\nerror:8\r\n\n<Alarm:3|MPos:984.580,248.104,-21.176,0.000,0.000|Bf:1000,1023|FS:0,0|Pn:XYZABP>\r\n
[18:03:33.550] GRBL command error: <Alarm:3|MPos:984.580,248.104,-21.176,0.000,0.000|Bf:1000,1023|FS:0,0|Pn:XYZABP>\r\n\nerror:8\r\n
[18:03:33.658] GRBL command error: <Alarm:3|MPos:984.580,248.104,-21.176,0.000,0.000|Bf:1000,1023|FS:0,0|Pn:XYZABP>\r\n\n<Alarm:3|MPos:984.580,248.104,-21.176,0.000,0.000|Bf:1000,1023|FS:0,0|Pn:XYZABP>\r\n\nerror:8\r\n
[18:03:33.767] GRBL command error: <Alarm:3|MPos:984.580,248.104,-21.176,0.000,0.000|Bf:1000,1023|FS:0,0|Pn:XYZABP|Ov:100,100,100>\r\n\n<Alarm:3|MPos:984.580,248.104,-21.176,0.000,0.000|Bf:1000,1023|FS:0,0|Pn:XYZABP|WCO:923.188,217.800,31.072,0.000,0.000>\r\n\nerror:8\r\n
[18:03:33.891] GRBL command error: <Alarm:3|MPos:984.580,248.104,-21.176,0.000,0.000|Bf:1000,1023|FS:0,0|Pn:XYZABP>\r\n\nerror:8\r\n\n<Alarm:3|MPos:984.580,248.104,-21.176,0.000,0.000|Bf:1000,1023|FS:0,0|Pn:XYZABP>\r\n
[18:03:34.003] GRBL command error: <Alarm:3|MPos:984.580,248.104,-21.176,0.000,0.000|Bf:1000,1023|FS:0,0|Pn:XYZABP>\r\n\nerror:8\r\n
[18:03:34.113] GRBL command error: <Alarm:3|MPos:984.580,248.104,-21.176,0.000,0.000|Bf:1000,1023|FS:0,0|Pn:XYZABP>\r\n\n<Alarm:3|MPos:984.580,248.104,-21.176,0.000,0.000|Bf:1000,1023|FS:0,0|Pn:XYZABP>\r\n\nerror:8\r\n
[18:03:34.802] GRBL command error: <Alarm:3|MPos:984.580,248.104,-21.176,0.000,0.000|Bf:1000,1023|FS:0,0|Pn:XYZABP>\r\n\nerror:8\r\n\n<Alarm:3|MPos:984.580,248.104,-21.176,0.000,0.000|Bf:1000,1023|FS:0,0|Pn:XYZABP>\r\n
[18:03:34.911] GRBL command error: <Alarm:3|MPos:984.580,248.104,-21.176,0.000,0.000|Bf:1000,1023|FS:0,0|Pn:XYZABP>\r\n\nerror:8\r\n\n<Alarm:3|MPos:984.580,248.104,-21.176,0.000,0.000|Bf:1000,1023|FS:0,0|Pn:XYZABP>\r\n
[18:03:35.020] GRBL command error: <Alarm:3|MPos:984.580,248.104,-21.176,0.000,0.000|Bf:1000,1023|FS:0,0|Pn:XYZABP|Ov:100,100,100|A:S>\r\n\nerror:8\r\n
[18:03:35.132] GRBL command error: <Alarm:3|MPos:984.580,248.104,-21.176,0.000,0.000|Bf:1000,1023|FS:0,0|Pn:XYZABP|WCO:923.188,217.800,31.072,0.000,0.000>\r\n\n<Alarm:3|MPos:984.580,248.104,-21.176,0.000,0.000|Bf:1000,1023|FS:0,0|Pn:XYZABP>\r\n\nerror:8\r\n
[18:03:35.241] GRBL command error: <Alarm:3|MPos:984.580,248.104,-21.176,0.000,0.000|Bf:1000,1023|FS:0,0|Pn:XYZABP>\r\n\nerror:8\r\n\n<Alarm:3|MPos:984.580,248.104,-21.176,0.000,0.000|Bf:1000,1023|FS:0,0|Pn:XYZABP>\r\n
[18:03:35.367] GRBL command error: <Alarm:3|MPos:984.580,248.104,-21.176,0.000,0.000|Bf:1000,1023|FS:0,0|Pn:XYZABP>\r\n\nerror:8\r\n\n<Alarm:3|MPos:984.580,248.104,-21.176,0.000,0.000|Bf:1000,1023|FS:0,0|Pn:XYZABP>\r\n
[18:03:35.477] GRBL command error: <Alarm:3|MPos:984.580,248.104,-21.176,0.000,0.000|Bf:1000,1023|FS:0,0|Pn:XYZABP>\r\n\nerror:8\r\n
[18:03:35.588] GRBL command error: <Alarm:3|MPos:984.580,248.104,-21.176,0.000,0.000|Bf:1000,1023|FS:0,0|Pn:XYZABP>\r\n\n<Alarm:3|MPos:984.580,248.104,-21.176,0.000,0.000|Bf:1000,1023|FS:0,0|Pn:XYZABP>\r\n\nerror:8\r\n
[18:03:36.020] GRBL command error: <Alarm:3|MPos:984.580,248.104,-21.176,0.000,0.000|Bf:1000,1023|FS:0,0|Pn:XYZABP>\r\n\nerror:8\r\n\n<Alarm:3|MPos:984.580,248.104,-21.176,0.000,0.000|Bf:1000,1023|FS:0,0|Pn:XYZABP>\r\n
[18:03:36.126] GRBL command error: <Alarm:3|MPos:984.580,248.104,-21.176,0.000,0.000|Bf:1000,1023|FS:0,0|Pn:XYZABP>\r\n\nerror:8\r\n\n<Alarm:3|MPos:984.580,248.104,-21.176,0.000,0.000|Bf:1000,1023|FS:0,0|Pn:XYZABP>\r\n
[18:03:36.242] GRBL command error: <Alarm:3|MPos:984.580,248.104,-21.176,0.000,0.000|Bf:1000,1023|FS:0,0|Pn:XYZABP>\r\n\nerror:8\r\n
[18:03:36.349] GRBL command error: <Alarm:3|MPos:984.580,248.104,-21.176,0.000,0.000|Bf:1000,1023|FS:0,0|Pn:XYZABP|Ov:100,100,100|A:S>\r\n\n<Alarm:3|MPos:984.580,248.104,-21.176,0.000,0.000|Bf:1000,1023|FS:0,0|Pn:XYZABP|WCO:923.188,217.800,31.072,0.000,0.000>\r\n\nerror:8\r\n
[18:03:36.457] GRBL command error: <Alarm:3|MPos:984.580,248.104,-21.176,0.000,0.000|Bf:1000,1023|FS:0,0|Pn:XYZABP>\r\n\nerror:8\r\n\n<Alarm:3|MPos:984.580,248.104,-21.176,0.000,0.000|Bf:1000,1023|FS:0,0|Pn:XYZABP>\r\n
[18:03:36.579] GRBL command error: <Alarm:3|MPos:984.580,248.104,-21.176,0.000,0.000|Bf:1000,1023|FS:0,0|Pn:XYZABP>\r\n\nerror:8\r\n\n<Alarm:3|MPos:984.580,248.104,-21.176,0.000,0.000|Bf:1000,1023|FS:0,0|Pn:XYZABP>\r\n
[18:03:36.674] GRBL command error: <Alarm:3|MPos:984.580,248.104,-21.176,0.000,0.000|Bf:1000,1023|FS:0,0|Pn:XYZABP>\r\n\nerror:8\r\n
[18:03:37.223] GRBL command error: <Alarm:3|MPos:984.580,248.104,-21.176,0.000,0.000|Bf:1000,1023|FS:0,0|Pn:XYZABP>\r\n\n<Alarm:3|MPos:984.580,248.104,-21.176,0.000,0.000|Bf:1000,1023|FS:0,0|Pn:XYZABP>\r\n\nerror:8\r\n
[18:03:37.331] GRBL command error: <Alarm:3|MPos:984.580,248.104,-21.176,0.000,0.000|Bf:1000,1023|FS:0,0|Pn:XYZABP>\r\n\nerror:8\r\n\n<Alarm:3|MPos:984.580,248.104,-21.176,0.000,0.000|Bf:1000,1023|FS:0,0|Pn:XYZABP>\r\n
[18:03:37.439] GRBL command error: <Alarm:3|MPos:984.580,248.104,-21.176,0.000,0.000|Bf:1000,1023|FS:0,0|Pn:XYZABP>\r\n\nerror:8\r\n
[18:03:37.548] GRBL command error: <Alarm:3|MPos:984.580,248.104,-21.176,0.000,0.000|Bf:1000,1023|FS:0,0|Pn:XYZABP>\r\n\n<Alarm:3|MPos:984.580,248.104,-21.176,0.000,0.000|Bf:1000,1023|FS:0,0|Pn:XYZABP|Ov:100,100,100|A:S>\r\n\nerror:8\r\n
[18:03:38.864] RESET ALARM: sent $X to GRBL
[18:03:40.200] GRBL WPos updated: X=61.392 Y=30.304 Z=-52.192
[18:03:40.307] GRBL WPos updated: X=61.392 Y=30.304 Z=-52.020
[18:03:40.417] GRBL WPos updated: X=61.392 Y=30.304 Z=-51.736
[18:03:40.526] GRBL WPos updated: X=61.392 Y=30.304 Z=-51.316
[18:03:40.637] GRBL WPos updated: X=61.392 Y=30.304 Z=-50.788
[18:03:40.747] GRBL WPos updated: X=61.392 Y=30.304 Z=-50.124
[18:03:40.855] GRBL WPos updated: X=61.392 Y=30.304 Z=-49.344
[18:03:40.963] GRBL WPos updated: X=61.392 Y=30.304 Z=-48.456
[18:03:41.069] GRBL WPos updated: X=61.392 Y=30.304 Z=-47.564
[18:03:41.178] GRBL WPos updated: X=61.392 Y=30.304 Z=-46.676
[18:03:41.287] GRBL WPos updated: X=61.392 Y=30.304 Z=-45.780
[18:03:41.392] GRBL WPos updated: X=61.392 Y=30.304 Z=-44.964
[18:03:41.508] GRBL WPos updated: X=61.392 Y=30.304 Z=-44.284
[18:03:41.618] GRBL WPos updated: X=61.392 Y=30.304 Z=-43.688
[18:03:41.728] GRBL WPos updated: X=61.392 Y=30.304 Z=-43.224
[18:03:41.835] GRBL WPos updated: X=61.392 Y=30.304 Z=-42.888
[18:03:41.939] GRBL WPos updated: X=61.392 Y=30.304 Z=-42.684
[18:03:42.055] GRBL WPos updated: X=61.392 Y=30.304 Z=-42.588
[18:03:42.162] GRBL WPos updated: X=61.392 Y=30.304 Z=-42.608
[18:03:42.273] GRBL WPos updated: X=61.392 Y=30.304 Z=-42.748
[18:03:42.379] GRBL WPos updated: X=61.392 Y=30.304 Z=-43.008
[18:03:42.490] GRBL WPos updated: X=61.392 Y=30.304 Z=-43.376
[18:03:42.601] GRBL WPos updated: X=61.392 Y=30.304 Z=-43.880
[18:03:42.711] GRBL WPos updated: X=61.392 Y=30.304 Z=-44.504
[18:03:42.821] GRBL WPos updated: X=61.392 Y=30.304 Z=-45.252
[18:03:42.928] GRBL WPos updated: X=61.392 Y=30.304 Z=-46.112
[18:03:43.038] GRBL WPos updated: X=61.392 Y=30.304 Z=-47.012
[18:03:43.148] GRBL WPos updated: X=61.392 Y=30.304 Z=-47.932
[18:03:43.258] GRBL WPos updated: X=61.392 Y=30.304 Z=-48.844
[18:03:43.368] GRBL WPos updated: X=61.392 Y=30.304 Z=-49.764
[18:03:43.477] GRBL WPos updated: X=61.392 Y=30.304 Z=-50.684
[18:03:43.583] GRBL WPos updated: X=61.392 Y=30.304 Z=-51.584
[18:03:43.697] GRBL WPos updated: X=61.392 Y=30.304 Z=-52.488
[18:03:43.804] GRBL WPos updated: X=61.392 Y=30.304 Z=-53.432
[18:03:43.913] GRBL WPos updated: X=61.392 Y=30.304 Z=-54.328
[18:03:44.022] GRBL WPos updated: X=61.392 Y=30.304 Z=-55.172
[18:03:44.132] GRBL WPos updated: X=61.392 Y=30.304 Z=-56.140
[18:03:44.242] GRBL WPos updated: X=61.392 Y=30.304 Z=-57.060
[18:03:44.350] GRBL WPos updated: X=61.392 Y=30.304 Z=-57.980
[18:03:44.458] GRBL WPos updated: X=61.392 Y=30.304 Z=-58.872
[18:03:44.568] GRBL WPos updated: X=61.392 Y=30.304 Z=-59.784
[18:03:44.677] GRBL WPos updated: X=61.392 Y=30.304 Z=-60.696
[18:03:44.785] GRBL WPos updated: X=61.392 Y=30.304 Z=-61.616
[18:03:44.896] GRBL WPos updated: X=61.392 Y=30.304 Z=-62.508
[18:03:45.005] GRBL WPos updated: X=61.392 Y=30.304 Z=-63.436
[18:03:45.113] GRBL WPos updated: X=61.392 Y=30.304 Z=-64.348
[18:03:45.223] GRBL WPos updated: X=61.392 Y=30.304 Z=-65.192
[18:03:45.333] GRBL WPos updated: X=61.392 Y=30.304 Z=-66.168
[18:03:45.441] GRBL WPos updated: X=61.392 Y=30.304 Z=-67.088
[18:03:45.565] GRBL WPos updated: X=61.392 Y=30.304 Z=-68.000
[18:03:45.674] GRBL WPos updated: X=61.392 Y=30.304 Z=-69.028
[18:03:45.783] GRBL WPos updated: X=61.392 Y=30.304 Z=-69.940
[18:03:45.891] GRBL WPos updated: X=61.392 Y=30.304 Z=-70.856
[18:03:46.004] GRBL WPos updated: X=61.392 Y=30.304 Z=-71.740
[18:03:46.110] GRBL WPos updated: X=61.392 Y=30.304 Z=-72.556
[18:03:46.220] GRBL WPos updated: X=61.392 Y=30.304 Z=-73.220
[18:03:46.344] GRBL WPos updated: X=61.392 Y=30.304 Z=-73.776
[18:03:46.451] GRBL WPos updated: X=61.392 Y=30.304 Z=-74.264
[18:03:46.562] GRBL WPos updated: X=61.392 Y=30.304 Z=-74.564
[18:03:46.674] GRBL WPos updated: X=61.392 Y=30.304 Z=-74.744
[18:03:46.786] GRBL WPos updated: X=61.392 Y=30.304 Z=-74.804
[18:03:46.897] GRBL WPos updated: X=61.392 Y=30.304 Z=-74.860
[18:03:47.009] GRBL WPos updated: X=61.392 Y=30.304 Z=-75.036
[18:03:47.120] GRBL WPos updated: X=61.392 Y=30.304 Z=-75.344
[18:03:47.231] GRBL WPos updated: X=61.392 Y=30.304 Z=-75.772
[18:03:47.342] GRBL WPos updated: X=61.392 Y=30.304 Z=-76.324
[18:03:47.438] GRBL WPos updated: X=61.392 Y=30.304 Z=-77.000
[18:03:47.548] GRBL WPos updated: X=61.392 Y=30.304 Z=-77.652
[18:03:47.656] GRBL WPos updated: X=61.392 Y=30.304 Z=-78.300
[18:03:47.768] GRBL WPos updated: X=61.392 Y=30.304 Z=-78.808
[18:03:47.878] GRBL WPos updated: X=61.392 Y=30.304 Z=-79.224
[18:03:47.989] GRBL WPos updated: X=61.392 Y=30.304 Z=-79.504
[18:03:48.099] GRBL WPos updated: X=61.392 Y=30.304 Z=-79.664
[18:03:48.212] GRBL WPos updated: X=61.392 Y=30.304 Z=-79.696
[18:03:48.320] GRBL WPos updated: X=61.392 Y=30.304 Z=-79.652
[18:06:04.367] Detected cameras: ['Camera 0 (dshow)']
[18:06:04.372] Detected serial ports: ['COM1', 'COM4', 'COM3', 'COM5']
[18:06:04.373] Loaded profile from E:\PROGRAM\ProbeCAM-CNC\.git\ProbeCAM-CNC\data\probe_cam_profile.json
[18:06:04.373] Application initialized. Load a profile or start scanning cameras.
[18:06:04.373] Vision: no frame available; start the camera first
[18:06:04.375] Saved profile to E:\PROGRAM\ProbeCAM-CNC\.git\ProbeCAM-CNC\data\probe_cam_profile.json
[18:06:59.747] Detected cameras: ['Camera 0 (dshow)']
[18:06:59.753] Detected serial ports: ['COM1', 'COM4', 'COM3', 'COM5']
[18:06:59.754] Loaded profile from E:\PROGRAM\ProbeCAM-CNC\.git\ProbeCAM-CNC\data\probe_cam_profile.json
[18:06:59.754] Application initialized. Load a profile or start scanning cameras.
[18:07:16.873] Applied camera settings: {'width': 900, 'height': 717, 'fps': 60, 'exposure': -7, 'gain': 52}
[18:07:16.876] Camera started: Camera 0 (dshow)
[18:07:21.588] Connected to COM5 at 115200 baud; status polling started
[18:07:21.712] GRBL WPos updated: X=984.580 Y=248.104 Z=-48.580
[18:07:21.924] GRBL WPos updated: X=61.392 Y=30.304 Z=-79.652
[18:07:39.261] Vision: confidence=0.01, area=667.5
[18:07:59.412] Saved profile to E:\PROGRAM\ProbeCAM-CNC\.git\ProbeCAM-CNC\data\probe_cam_profile.json
[18:07:59.417] Failed to read camera frame
[18:10:08.716] Detected cameras: ['Camera 0 (dshow)']
[18:10:08.721] Detected serial ports: ['COM1', 'COM4', 'COM3', 'COM5']
[18:10:08.722] Loaded profile from E:\PROGRAM\ProbeCAM-CNC\.git\ProbeCAM-CNC\data\probe_cam_profile.json
[18:10:08.722] Application initialized. Load a profile or start scanning cameras.
[18:10:15.578] Detected cameras: ['Camera 0 (dshow)']
[18:10:15.583] Detected serial ports: ['COM1', 'COM4', 'COM3', 'COM5']
[18:10:15.583] Loaded profile from E:\PROGRAM\ProbeCAM-CNC\.git\ProbeCAM-CNC\data\probe_cam_profile.json
[18:10:15.584] Application initialized. Load a profile or start scanning cameras.
[18:10:15.588] Vision: edge detection completed
[18:10:15.589] Vision: center ROI selected
[18:10:15.614] Calibration: checkerboard not found
[18:10:15.615] Calibration saved to E:\PROGRAM\ProbeCAM-CNC\.git\ProbeCAM-CNC\data\camera_calibration.json
[18:10:15.616] Saved profile to E:\PROGRAM\ProbeCAM-CNC\.git\ProbeCAM-CNC\data\probe_cam_profile.json
[18:10:46.084] Detected cameras: ['Camera 0 (dshow)']
[18:10:46.090] Detected serial ports: ['COM1', 'COM4', 'COM3', 'COM5']
[18:10:46.091] Loaded profile from E:\PROGRAM\ProbeCAM-CNC\.git\ProbeCAM-CNC\data\probe_cam_profile.json
[18:10:46.091] Application initialized. Load a profile or start scanning cameras.
[18:10:50.948] Connected to COM5 at 115200 baud; status polling started
[18:10:51.057] GRBL WPos updated: X=61.392 Y=30.304 Z=-79.652
[18:10:58.241] Applied camera settings: {'width': 900, 'height': 717, 'fps': 60, 'exposure': -7, 'gain': 52}
[18:10:58.243] Camera started: Camera 0 (dshow)
[18:11:05.613] Vision: edge detection completed
[18:11:09.433] Vision: center ROI selected
[18:11:13.072] Vision: contour angle=-87.95 degrees
[18:11:17.211] Vision: contour angle=-87.80 degrees
[18:11:19.920] Vision: contour angle=-87.61 degrees
[18:11:23.027] Calibration: checkerboard not found
[18:11:26.366] Calibration: Charuco module checked
[18:11:27.264] Calibration saved to E:\PROGRAM\ProbeCAM-CNC\.git\ProbeCAM-CNC\data\camera_calibration.json
[18:11:28.272] Calibration: Charuco module checked
[18:16:07.036] Detected cameras: ['Camera 0 (dshow)']
[18:16:07.041] Detected serial ports: ['COM1', 'COM4', 'COM3', 'COM5']
[18:16:07.042] Loaded profile from E:\PROGRAM\ProbeCAM-CNC\.git\ProbeCAM-CNC\data\probe_cam_profile.json
[18:16:07.042] Application initialized. Load a profile or start scanning cameras.
[18:16:07.155] Saved profile to E:\PROGRAM\ProbeCAM-CNC\.git\ProbeCAM-CNC\data\probe_cam_profile.json
[18:16:19.323] Detected cameras: ['Camera 0 (dshow)']
[18:16:19.328] Detected serial ports: ['COM1', 'COM4', 'COM3', 'COM5']
[18:16:19.329] Loaded profile from E:\PROGRAM\ProbeCAM-CNC\.git\ProbeCAM-CNC\data\probe_cam_profile.json
[18:16:19.329] Application initialized. Load a profile or start scanning cameras.
[18:16:21.274] Applied camera settings: {'width': 900, 'height': 717, 'fps': 60, 'exposure': -7, 'gain': 52}
[18:16:21.275] Camera started: Camera 0 (dshow)
[18:16:22.568] Camera stopped
[18:16:22.569] Saved profile to E:\PROGRAM\ProbeCAM-CNC\.git\ProbeCAM-CNC\data\probe_cam_profile.json
[18:17:20.273] Detected cameras: ['Camera 0 (dshow)']
[18:17:20.278] Detected serial ports: ['COM1', 'COM4', 'COM3', 'COM5']
[18:17:20.279] Loaded profile from E:\PROGRAM\ProbeCAM-CNC\.git\ProbeCAM-CNC\data\probe_cam_profile.json
[18:17:20.279] Application initialized. Load a profile or start scanning cameras.
[18:17:20.302] Saved profile to E:\PROGRAM\ProbeCAM-CNC\.git\ProbeCAM-CNC\data\probe_cam_profile.json
[18:17:44.510] Detected cameras: ['Camera 0 (dshow)']
[18:17:44.516] Detected serial ports: ['COM1', 'COM4', 'COM3', 'COM5']
[18:17:44.517] Loaded profile from E:\PROGRAM\ProbeCAM-CNC\.git\ProbeCAM-CNC\data\probe_cam_profile.json
[18:17:44.517] Application initialized. Load a profile or start scanning cameras.
[18:17:55.469] Connected to COM5 at 115200 baud; status polling started
[18:17:55.567] GRBL reply without MPos: ok\r\n
[18:17:55.676] GRBL WPos updated: X=984.580 Y=248.104 Z=-48.580
[18:17:56.237] GRBL WPos updated: X=61.392 Y=30.304 Z=-79.652
[18:17:57.839] BUTTON command sent: 'G91\nG0 Y0.01 F600\nG90'
[18:17:57.990] GRBL WPos updated: X=61.392 Y=30.308 Z=-79.652
[18:17:58.100] GRBL WPos updated: X=61.392 Y=30.316 Z=-79.652
[18:17:58.643] BUTTON command sent: 'G91\nG0 Y0.01 F600\nG90'
[18:17:58.865] GRBL WPos updated: X=61.392 Y=30.324 Z=-79.652
[18:17:59.231] BUTTON command sent: 'G91\nG0 Y0.01 F600\nG90'
[18:17:59.401] BUTTON command sent: 'G91\nG0 Y0.01 F600\nG90'
[18:17:59.417] GRBL WPos updated: X=61.392 Y=30.332 Z=-79.652
[18:17:59.636] GRBL WPos updated: X=61.392 Y=30.344 Z=-79.652
[18:17:59.796] BUTTON command sent: 'G91\nG0 Y0.01 F600\nG90'
[18:17:59.962] GRBL WPos updated: X=61.392 Y=30.348 Z=-79.652
[18:18:00.064] GRBL WPos updated: X=61.392 Y=30.352 Z=-79.652
[18:18:00.176] BUTTON command sent: 'G91\nG0 Y0.01 F600\nG90'
[18:18:00.378] BUTTON command sent: 'G91\nG0 Y0.01 F600\nG90'
[18:18:00.398] GRBL WPos updated: X=61.392 Y=30.364 Z=-79.652
[18:18:00.614] GRBL WPos updated: X=61.392 Y=30.372 Z=-79.652
[18:18:00.745] BUTTON command sent: 'G91\nG0 Y0.01 F600\nG90'
[18:18:00.941] GRBL WPos updated: X=61.392 Y=30.380 Z=-79.652
[18:18:01.050] GRBL WPos updated: X=61.392 Y=30.384 Z=-79.652
[18:18:01.361] BUTTON command sent: 'G91\nG0 Y0.01 F600\nG90'
[18:18:01.598] GRBL WPos updated: X=61.392 Y=30.392 Z=-79.652
[18:18:04.344] GRBL WPos updated: X=61.404 Y=30.392 Z=-79.652
[18:18:04.440] GRBL WPos updated: X=61.412 Y=30.392 Z=-79.652
[18:18:05.000] GRBL WPos updated: X=61.416 Y=30.392 Z=-79.652
[18:18:05.109] GRBL WPos updated: X=61.428 Y=30.392 Z=-79.652
[18:18:05.218] GRBL WPos updated: X=61.436 Y=30.392 Z=-79.652
[18:18:05.327] GRBL WPos updated: X=61.452 Y=30.392 Z=-79.652
[18:18:05.423] GRBL WPos updated: X=61.456 Y=30.392 Z=-79.652
[18:18:05.543] GRBL WPos updated: X=61.464 Y=30.392 Z=-79.652
[18:18:05.641] GRBL WPos updated: X=61.476 Y=30.392 Z=-79.652
[18:18:05.751] GRBL WPos updated: X=61.488 Y=30.392 Z=-79.652
[18:18:05.862] GRBL WPos updated: X=61.496 Y=30.392 Z=-79.652
[18:18:05.971] GRBL WPos updated: X=61.504 Y=30.392 Z=-79.652
[18:18:06.095] GRBL WPos updated: X=61.516 Y=30.392 Z=-79.652
[18:18:06.204] GRBL WPos updated: X=61.528 Y=30.392 Z=-79.652
[18:18:06.297] GRBL WPos updated: X=61.536 Y=30.392 Z=-79.652
[18:18:06.407] GRBL WPos updated: X=61.544 Y=30.392 Z=-79.652
[18:18:11.173] Applied camera settings: {'width': 900, 'height': 717, 'fps': 60, 'exposure': -7, 'gain': 52}
[18:18:11.175] Camera started: Camera 0 (dshow)
[18:23:17.532] GRBL WPos updated: X=61.552 Y=30.392 Z=-79.652
[18:23:17.643] GRBL WPos updated: X=61.564 Y=30.392 Z=-79.652
[18:23:18.242] GRBL WPos updated: X=61.576 Y=30.392 Z=-79.652
[18:23:18.352] GRBL WPos updated: X=61.584 Y=30.392 Z=-79.652
[18:23:18.441] GRBL WPos updated: X=61.596 Y=30.392 Z=-79.652
[18:23:18.537] GRBL WPos updated: X=61.604 Y=30.392 Z=-79.652
[18:23:18.631] GRBL WPos updated: X=61.608 Y=30.392 Z=-79.652
[18:23:18.860] GRBL WPos updated: X=61.620 Y=30.392 Z=-79.652
[18:23:19.045] GRBL WPos updated: X=61.636 Y=30.392 Z=-79.652
[18:23:19.142] GRBL WPos updated: X=61.656 Y=30.392 Z=-79.652
[18:23:19.447] GRBL WPos updated: X=61.668 Y=30.392 Z=-79.652
[18:23:19.541] GRBL WPos updated: X=61.676 Y=30.392 Z=-79.652
[18:23:19.644] GRBL WPos updated: X=61.684 Y=30.392 Z=-79.652
[18:23:19.759] GRBL WPos updated: X=61.696 Y=30.392 Z=-79.652
[18:23:19.958] GRBL WPos updated: X=61.704 Y=30.392 Z=-79.652
[18:23:20.066] GRBL WPos updated: X=61.716 Y=30.392 Z=-79.652
[18:23:20.176] GRBL WPos updated: X=61.728 Y=30.392 Z=-79.652
[18:23:20.356] GRBL WPos updated: X=61.736 Y=30.392 Z=-79.652
[18:23:20.454] GRBL WPos updated: X=61.748 Y=30.392 Z=-79.652
[18:23:21.358] GRBL WPos updated: X=61.744 Y=30.392 Z=-79.652
[18:23:21.383] GRBL WPos updated: X=61.728 Y=30.392 Z=-79.652
[18:23:21.660] GRBL WPos updated: X=61.716 Y=30.392 Z=-79.652
[18:23:21.767] GRBL WPos updated: X=61.696 Y=30.392 Z=-79.652
[18:23:21.825] GRBL WPos updated: X=61.688 Y=30.392 Z=-79.652
[18:23:21.957] GRBL WPos updated: X=61.684 Y=30.392 Z=-79.652
[18:23:22.072] GRBL WPos updated: X=61.668 Y=30.392 Z=-79.652
[18:23:22.263] GRBL WPos updated: X=61.656 Y=30.392 Z=-79.652
[18:23:22.374] GRBL WPos updated: X=61.644 Y=30.392 Z=-79.652
[18:23:22.471] GRBL WPos updated: X=61.636 Y=30.392 Z=-79.652
[18:23:22.581] GRBL WPos updated: X=61.628 Y=30.392 Z=-79.652
[18:23:22.692] GRBL WPos updated: X=61.616 Y=30.392 Z=-79.652
[18:23:22.803] GRBL WPos updated: X=61.608 Y=30.392 Z=-79.652
[18:23:22.967] GRBL WPos updated: X=61.596 Y=30.392 Z=-79.652
[18:23:23.083] GRBL WPos updated: X=61.576 Y=30.392 Z=-79.652
[18:23:23.129] GRBL WPos updated: X=61.568 Y=30.392 Z=-79.652
[18:23:23.269] GRBL WPos updated: X=61.564 Y=30.392 Z=-79.652
[18:23:23.366] GRBL WPos updated: X=61.548 Y=30.392 Z=-79.652
[18:23:23.577] GRBL WPos updated: X=61.532 Y=30.392 Z=-79.652
[18:23:23.673] GRBL WPos updated: X=61.528 Y=30.392 Z=-79.652
[18:23:23.785] GRBL WPos updated: X=61.516 Y=30.392 Z=-79.652
[18:23:23.891] GRBL WPos updated: X=61.508 Y=30.392 Z=-79.652
[18:23:24.016] GRBL WPos updated: X=61.496 Y=30.392 Z=-79.652
[18:23:24.183] GRBL WPos updated: X=61.484 Y=30.392 Z=-79.652
[18:23:24.288] GRBL WPos updated: X=61.468 Y=30.392 Z=-79.652
[18:23:24.377] GRBL WPos updated: X=61.456 Y=30.392 Z=-79.652
[18:23:24.489] GRBL WPos updated: X=61.448 Y=30.392 Z=-79.652
[18:23:24.582] GRBL WPos updated: X=61.436 Y=30.392 Z=-79.652
[18:23:24.678] GRBL WPos updated: X=61.428 Y=30.392 Z=-79.652
[18:23:24.788] GRBL WPos updated: X=61.424 Y=30.392 Z=-79.652
[18:23:24.893] GRBL WPos updated: X=61.412 Y=30.392 Z=-79.652
[18:23:25.005] GRBL WPos updated: X=61.408 Y=30.392 Z=-79.652
[18:23:25.114] GRBL WPos updated: X=61.392 Y=30.392 Z=-79.652
[18:23:25.286] GRBL WPos updated: X=61.388 Y=30.392 Z=-79.652
[18:23:25.387] GRBL WPos updated: X=61.368 Y=30.392 Z=-79.652
[18:23:25.498] GRBL WPos updated: X=61.360 Y=30.392 Z=-79.652
[18:23:25.589] GRBL WPos updated: X=61.356 Y=30.392 Z=-79.652
[18:23:25.684] GRBL WPos updated: X=61.348 Y=30.392 Z=-79.652
[18:23:25.782] GRBL WPos updated: X=61.332 Y=30.392 Z=-79.652
[18:23:25.893] GRBL WPos updated: X=61.328 Y=30.392 Z=-79.652
[18:23:25.990] GRBL WPos updated: X=61.316 Y=30.392 Z=-79.652
[18:23:26.099] GRBL WPos updated: X=61.308 Y=30.392 Z=-79.652
[18:23:26.207] GRBL WPos updated: X=61.296 Y=30.392 Z=-79.652
[18:23:26.318] GRBL WPos updated: X=61.288 Y=30.392 Z=-79.652
[18:23:26.424] GRBL WPos updated: X=61.276 Y=30.392 Z=-79.652
[18:23:26.598] GRBL WPos updated: X=61.268 Y=30.392 Z=-79.652
[18:35:07.602] Detected cameras: ['Camera 0 (dshow)']
[18:35:07.608] Detected serial ports: ['COM1', 'COM4', 'COM3', 'COM5']
[18:35:07.608] Loaded profile from E:\PROGRAM\ProbeCAM-CNC\.git\ProbeCAM-CNC\data\probe_cam_profile.json
[18:35:07.608] Application initialized. Load a profile or start scanning cameras.
[18:35:07.666] Saved profile to E:\PROGRAM\ProbeCAM-CNC\.git\ProbeCAM-CNC\data\probe_cam_profile.json
[18:35:24.679] Detected cameras: ['Camera 0 (dshow)']
[18:35:24.684] Detected serial ports: ['COM1', 'COM4', 'COM3', 'COM5']
[18:35:24.685] Loaded profile from E:\PROGRAM\ProbeCAM-CNC\.git\ProbeCAM-CNC\data\probe_cam_profile.json
[18:35:24.686] Application initialized. Load a profile or start scanning cameras.
[18:35:50.883] Detected cameras: ['Camera 0 (dshow)']
[18:35:50.888] Detected serial ports: ['COM1', 'COM4', 'COM3', 'COM5']
[18:35:50.888] Loaded profile from E:\PROGRAM\ProbeCAM-CNC\.git\ProbeCAM-CNC\data\probe_cam_profile.json
[18:35:50.888] Application initialized. Load a profile or start scanning cameras.
[18:35:50.906] Saved profile to E:\PROGRAM\ProbeCAM-CNC\.git\ProbeCAM-CNC\data\probe_cam_profile.json
[18:36:22.292] Detected cameras: ['Camera 0 (dshow)']
[18:36:22.297] Detected serial ports: ['COM1', 'COM4', 'COM3', 'COM5']
[18:36:22.298] Loaded profile from E:\PROGRAM\ProbeCAM-CNC\.git\ProbeCAM-CNC\data\probe_cam_profile.json
[18:36:22.298] Application initialized. Load a profile or start scanning cameras.
[18:36:22.320] Saved profile to E:\PROGRAM\ProbeCAM-CNC\.git\ProbeCAM-CNC\data\probe_cam_profile.json
[18:40:32.507] Detected cameras: ['Camera 0 (dshow)']
[18:40:32.513] Detected serial ports: ['COM1', 'COM4', 'COM3', 'COM5']
[18:40:32.514] Loaded profile from E:\PROGRAM\ProbeCAM-CNC\.git\ProbeCAM-CNC\data\probe_cam_profile.json
[18:40:32.514] Application initialized. Load a profile or start scanning cameras.
[18:40:41.800] Applied camera settings: {'width': 900, 'height': 717, 'fps': 60, 'exposure': -7, 'gain': 52}
[18:40:41.801] Camera started: Camera 0 (dshow)
[18:48:13.241] Applied camera settings: {'width': 900, 'height': 717, 'fps': 60, 'exposure': -5, 'gain': 52}
[18:48:13.251] Saved camera preset for Camera 0 (dshow)
[18:56:52.488] Saved profile to E:\PROGRAM\ProbeCAM-CNC\.git\ProbeCAM-CNC\data\probe_cam_profile.json
[18:56:52.499] Failed to read camera frame
[18:57:12.679] Detected cameras: ['Camera 0 (dshow)']
[18:57:12.685] Detected serial ports: ['COM1', 'COM4', 'COM3', 'COM5']
[18:57:12.690] Loaded profile from E:\PROGRAM\ProbeCAM-CNC\.git\ProbeCAM-CNC\data\probe_cam_profile.json
[18:57:12.690] Application initialized. Load a profile or start scanning cameras.
[18:57:12.693] Saved profile to E:\PROGRAM\ProbeCAM-CNC\.git\ProbeCAM-CNC\data\probe_cam_profile.json
[18:58:24.786] Detected cameras: ['Camera 0 (dshow)']
[18:58:24.791] Detected serial ports: ['COM1', 'COM4', 'COM3', 'COM5']
[18:58:24.792] Loaded profile from E:\PROGRAM\ProbeCAM-CNC\.git\ProbeCAM-CNC\data\probe_cam_profile.json
[18:58:24.793] Application initialized. Load a profile or start scanning cameras.
[18:58:46.716] Vision: no camera frame available
[18:58:52.983] Applied camera settings: {'width': 900, 'height': 717, 'fps': 60, 'exposure': -5, 'gain': 52}
[18:58:52.999] Camera started: Camera 0 (dshow)
[18:59:10.945] Saved profile to E:\PROGRAM\ProbeCAM-CNC\.git\ProbeCAM-CNC\data\probe_cam_profile.json
[18:59:10.956] Failed to read camera frame
[19:00:06.515] Detected cameras: ['Camera 0 (dshow)']
[19:00:06.521] Detected serial ports: ['COM1', 'COM4', 'COM3', 'COM5']
[19:00:06.522] Loaded profile from E:\PROGRAM\ProbeCAM-CNC\.git\ProbeCAM-CNC\data\probe_cam_profile.json
[19:00:06.522] Application initialized. Load a profile or start scanning cameras.
[19:00:08.052] Saved profile to E:\PROGRAM\ProbeCAM-CNC\.git\ProbeCAM-CNC\data\probe_cam_profile.json
[19:00:54.557] Detected cameras: ['Camera 0 (dshow)']
[19:00:54.562] Detected serial ports: ['COM1', 'COM4', 'COM3', 'COM5']
[19:00:54.563] Loaded profile from E:\PROGRAM\ProbeCAM-CNC\.git\ProbeCAM-CNC\data\probe_cam_profile.json
[19:00:54.563] Application initialized. Load a profile or start scanning cameras.
[19:01:16.927] Detected cameras: ['Camera 0 (dshow)']
[19:01:16.932] Detected serial ports: ['COM1', 'COM4', 'COM3', 'COM5']
[19:01:16.933] Loaded profile from E:\PROGRAM\ProbeCAM-CNC\.git\ProbeCAM-CNC\data\probe_cam_profile.json
[19:01:16.933] Application initialized. Load a profile or start scanning cameras.
[19:01:28.423] Detected cameras: ['Camera 0 (dshow)']
[19:01:28.429] Detected serial ports: ['COM1', 'COM4', 'COM3', 'COM5']
[19:01:28.429] Loaded profile from E:\PROGRAM\ProbeCAM-CNC\.git\ProbeCAM-CNC\data\probe_cam_profile.json
[19:01:28.429] Application initialized. Load a profile or start scanning cameras.
[19:01:28.848] Saved profile to E:\PROGRAM\ProbeCAM-CNC\.git\ProbeCAM-CNC\data\probe_cam_profile.json
[19:01:54.297] Detected cameras: ['Camera 0 (dshow)']
[19:01:54.302] Detected serial ports: ['COM1', 'COM4', 'COM3', 'COM5']
[19:01:54.303] Loaded profile from E:\PROGRAM\ProbeCAM-CNC\.git\ProbeCAM-CNC\data\probe_cam_profile.json
[19:01:54.304] Application initialized. Load a profile or start scanning cameras.
[19:01:54.723] Saved profile to E:\PROGRAM\ProbeCAM-CNC\.git\ProbeCAM-CNC\data\probe_cam_profile.json
[19:02:32.190] Detected cameras: ['Camera 0 (dshow)']
[19:02:32.195] Detected serial ports: ['COM1', 'COM4', 'COM3', 'COM5']
[19:02:32.196] Loaded profile from E:\PROGRAM\ProbeCAM-CNC\.git\ProbeCAM-CNC\data\probe_cam_profile.json
[19:02:32.196] Application initialized. Load a profile or start scanning cameras.
[19:02:32.612] Saved profile to E:\PROGRAM\ProbeCAM-CNC\.git\ProbeCAM-CNC\data\probe_cam_profile.json
[19:03:11.353] Detected cameras: ['Camera 0 (dshow)']
[19:03:11.358] Detected serial ports: ['COM1', 'COM4', 'COM3', 'COM5']
[19:03:11.359] Loaded profile from E:\PROGRAM\ProbeCAM-CNC\.git\ProbeCAM-CNC\data\probe_cam_profile.json
[19:03:11.359] Application initialized. Load a profile or start scanning cameras.
[19:03:11.764] Saved profile to E:\PROGRAM\ProbeCAM-CNC\.git\ProbeCAM-CNC\data\probe_cam_profile.json
[19:03:49.149] Detected cameras: ['Camera 0 (dshow)']
[19:03:49.155] Detected serial ports: ['COM1', 'COM4', 'COM3', 'COM5']
[19:03:49.156] Loaded profile from E:\PROGRAM\ProbeCAM-CNC\.git\ProbeCAM-CNC\data\probe_cam_profile.json
[19:03:49.156] Application initialized. Load a profile or start scanning cameras.
[19:05:16.161] Applied camera settings: {'width': 900, 'height': 717, 'fps': 60, 'exposure': -5, 'gain': 52}
[19:05:16.168] Camera started: Camera 0 (dshow)
[19:05:49.941] Saved profile to E:\PROGRAM\ProbeCAM-CNC\.git\ProbeCAM-CNC\data\probe_cam_profile.json
[19:05:49.951] Failed to read camera frame
[19:09:29.293] Detected cameras: ['Camera 0 (dshow)']
[19:09:29.298] Detected serial ports: ['COM1', 'COM4', 'COM3', 'COM5']
[19:09:29.299] Loaded profile from E:\PROGRAM\ProbeCAM-CNC\.git\ProbeCAM-CNC\data\probe_cam_profile.json
[19:09:29.299] Application initialized. Load a profile or start scanning cameras.
[19:09:29.301] Saved profile to E:\PROGRAM\ProbeCAM-CNC\.git\ProbeCAM-CNC\data\probe_cam_profile.json
[19:10:00.686] Detected cameras: ['Camera 0 (dshow)']
[19:10:00.691] Detected serial ports: ['COM1', 'COM4', 'COM3', 'COM5']
[19:10:00.692] Loaded profile from E:\PROGRAM\ProbeCAM-CNC\.git\ProbeCAM-CNC\data\probe_cam_profile.json
[19:10:00.692] Application initialized. Load a profile or start scanning cameras.
[19:10:00.696] Saved profile to E:\PROGRAM\ProbeCAM-CNC\.git\ProbeCAM-CNC\data\probe_cam_profile.json
[19:11:01.454] Detected cameras: ['Camera 0 (dshow)']
[19:11:01.460] Detected serial ports: ['COM1', 'COM4', 'COM3', 'COM5']
[19:11:01.461] Loaded profile from E:\PROGRAM\ProbeCAM-CNC\.git\ProbeCAM-CNC\data\probe_cam_profile.json
[19:11:01.462] Application initialized. Load a profile or start scanning cameras.
[19:11:34.537] Applied camera settings: {'width': 900, 'height': 717, 'fps': 60, 'exposure': -5, 'gain': 52}
[19:11:34.543] Camera started: Camera 0 (dshow)
[19:14:43.001] Applied camera settings: {'width': 900, 'height': 717, 'fps': 60, 'exposure': -5, 'gain': 58}
[19:14:43.010] Saved camera preset for Camera 0 (dshow)
[19:14:51.238] Applied camera settings: {'width': 900, 'height': 717, 'fps': 60, 'exposure': -5, 'gain': 45}
[19:14:51.245] Saved camera preset for Camera 0 (dshow)
[19:14:58.255] Applied camera settings: {'width': 900, 'height': 717, 'fps': 60, 'exposure': -5, 'gain': 29}
[19:14:58.257] Saved camera preset for Camera 0 (dshow)
[19:15:14.468] Applied camera settings: {'width': 900, 'height': 717, 'fps': 60, 'exposure': -6, 'gain': 29}
[19:15:14.474] Saved camera preset for Camera 0 (dshow)
[19:15:39.848] Applied camera settings: {'width': 900, 'height': 717, 'fps': 60, 'exposure': -6, 'gain': 29}
[19:15:39.856] Saved camera preset for Camera 0 (dshow)
[19:15:45.359] Applied camera settings: {'width': 900, 'height': 717, 'fps': 60, 'exposure': -7, 'gain': 29}
[19:15:45.366] Saved camera preset for Camera 0 (dshow)
[19:20:51.056] Applied camera settings: {'width': 900, 'height': 717, 'fps': 60, 'exposure': -3, 'gain': 29}
[19:20:51.064] Saved camera preset for Camera 0 (dshow)
[19:23:51.401] Connected to COM5 at 115200 baud; status polling started
[19:23:51.505] GRBL WPos updated: X=61.268 Y=30.392 Z=-79.652
[19:24:13.517] BUTTON command sent: 'G91\nG0 X0.01 F600\nG90'
[19:24:13.777] GRBL WPos updated: X=61.280 Y=30.392 Z=-79.652
[19:24:15.910] BUTTON command sent: 'G91\nG0 X0.01 F600\nG90'
[19:24:16.160] GRBL WPos updated: X=61.288 Y=30.392 Z=-79.652
[19:27:55.454] Detected cameras: ['Camera 0 (dshow)']
[19:27:55.460] Detected serial ports: ['COM1', 'COM4', 'COM3', 'COM5']
[19:27:55.460] Loaded profile from E:\PROGRAM\ProbeCAM-CNC\.git\ProbeCAM-CNC\data\probe_cam_profile.json
[19:27:55.460] Application initialized. Load a profile or start scanning cameras.
[19:27:55.466] Saved profile to E:\PROGRAM\ProbeCAM-CNC\.git\ProbeCAM-CNC\data\probe_cam_profile.json
[19:28:27.820] Detected cameras: ['Camera 0 (dshow)']
[19:28:27.826] Detected serial ports: ['COM1', 'COM4', 'COM3', 'COM5']
[19:28:27.827] Loaded profile from E:\PROGRAM\ProbeCAM-CNC\.git\ProbeCAM-CNC\data\probe_cam_profile.json
[19:28:27.827] Application initialized. Load a profile or start scanning cameras.
[19:28:57.047] Saved profile to E:\PROGRAM\ProbeCAM-CNC\.git\ProbeCAM-CNC\data\probe_cam_profile.json
[19:33:55.700] Detected cameras: ['Camera 0 (dshow)']
[19:33:55.705] Detected serial ports: ['COM1', 'COM4', 'COM3', 'COM5']
[19:33:55.706] Loaded profile from E:\PROGRAM\ProbeCAM-CNC\.git\ProbeCAM-CNC\data\probe_cam_profile.json
[19:33:55.706] Application initialized. Load a profile or start scanning cameras.
[19:33:55.710] Saved profile to E:\PROGRAM\ProbeCAM-CNC\.git\ProbeCAM-CNC\data\probe_cam_profile.json
[19:34:05.507] Detected cameras: ['Camera 0 (dshow)']
[19:34:05.512] Detected serial ports: ['COM1', 'COM4', 'COM3', 'COM5']
[19:34:05.513] Loaded profile from E:\PROGRAM\ProbeCAM-CNC\.git\ProbeCAM-CNC\data\probe_cam_profile.json
[19:34:05.513] Application initialized. Load a profile or start scanning cameras.
[19:34:05.553] Saved profile to E:\PROGRAM\ProbeCAM-CNC\.git\ProbeCAM-CNC\data\probe_cam_profile.json
[19:36:02.504] Detected cameras: ['Camera 0 (dshow)']
[19:36:02.510] Detected serial ports: ['COM1', 'COM4', 'COM3', 'COM5']
[19:36:02.511] Loaded profile from E:\PROGRAM\ProbeCAM-CNC\.git\ProbeCAM-CNC\data\probe_cam_profile.json
[19:36:02.511] Application initialized. Load a profile or start scanning cameras.
[19:36:31.813] Applied camera settings: {'width': 900, 'height': 717, 'fps': 60, 'exposure': -5, 'gain': 52}
[19:36:31.830] Camera started: Camera 0 (dshow)
[19:36:48.635] Camera stopped
[19:36:57.859] No active camera capture to apply settings to
[19:36:57.865] Saved camera preset for Camera 0 (dshow)
[19:37:07.969] Connected to COM5 at 115200 baud; status polling started
[19:37:08.089] GRBL WPos updated: X=984.476 Y=248.192 Z=-48.580
[19:37:08.416] GRBL WPos updated: X=61.288 Y=30.392 Z=-79.652
[19:37:10.109] BUTTON command sent: 'G91\nG0 X0.01 F600\nG90'
[19:37:10.285] GRBL WPos updated: X=61.292 Y=30.392 Z=-79.652
[19:37:10.393] GRBL WPos updated: X=61.300 Y=30.392 Z=-79.652
[19:37:11.259] BUTTON command sent: 'G91\nG0 X0.01 F600\nG90'
[19:37:11.503] BUTTON command sent: 'G91\nG0 X0.01 F600\nG90'
[19:37:11.513] GRBL WPos updated: X=61.308 Y=30.392 Z=-79.652
[19:37:11.697] BUTTON command sent: 'G91\nG0 X0.01 F600\nG90'
[19:37:11.729] GRBL WPos updated: X=61.320 Y=30.392 Z=-79.652
[19:37:11.941] GRBL WPos updated: X=61.328 Y=30.392 Z=-79.652
[19:37:12.357] BUTTON command sent: 'G91\nG0 Y0.01 F600\nG90'
[19:37:12.563] BUTTON command sent: 'G91\nG0 Y0.01 F600\nG90'
[19:37:12.602] GRBL WPos updated: X=61.328 Y=30.404 Z=-79.652
[19:37:12.711] GRBL WPos updated: X=61.328 Y=30.408 Z=-79.652
[19:37:12.741] BUTTON command sent: 'G91\nG0 Y0.01 F600\nG90'
[19:37:12.819] GRBL WPos updated: X=61.328 Y=30.412 Z=-79.652
[19:37:12.925] GRBL WPos updated: X=61.328 Y=30.420 Z=-79.652
[19:37:19.765] Detected cameras: ['Camera 0 (dshow)']
[19:37:19.770] Detected serial ports: ['COM1', 'COM4', 'COM3', 'COM5']
[19:37:21.695] Applied camera settings: {'width': 900, 'height': 717, 'fps': 60, 'exposure': -7, 'gain': 52}
[19:37:21.700] Camera started: Camera 0 (dshow)
[19:37:31.346] Camera stopped
[19:37:37.862] Applied camera settings: {'width': 900, 'height': 717, 'fps': 60, 'exposure': -7, 'gain': 52}
[19:37:37.867] Camera started: Camera 0 (dshow)
[19:39:00.284] Detected cameras: ['Camera 0 (dshow)']
[19:39:00.290] Detected serial ports: ['COM1', 'COM4', 'COM3', 'COM5']
[19:39:00.290] Loaded profile from E:\PROGRAM\ProbeCAM-CNC\.git\ProbeCAM-CNC\data\probe_cam_profile.json
[19:39:00.291] Application initialized. Load a profile or start scanning cameras.
[19:39:06.999] Applied camera settings: {'width': 900, 'height': 717, 'fps': 60, 'exposure': -5, 'gain': 52}
[19:39:07.004] Camera started: Camera 0 (dshow)
[19:39:17.695] Saved profile to E:\PROGRAM\ProbeCAM-CNC\.git\ProbeCAM-CNC\data\probe_cam_profile.json
[19:39:17.705] Failed to read camera frame
[19:42:07.602] Detected cameras: ['Camera 0 (dshow)']
[19:42:07.607] Detected serial ports: ['COM1', 'COM4', 'COM3', 'COM5']
[19:42:07.607] Loaded profile from E:\PROGRAM\ProbeCAM-CNC\.git\ProbeCAM-CNC\data\probe_cam_profile.json
[19:42:07.608] Application initialized. Load a profile or start scanning cameras.
[19:42:09.499] Applied camera settings: {'width': 900, 'height': 717, 'fps': 60, 'exposure': -5, 'gain': 52, 'auto_exposure': True}
[19:42:09.501] Camera started: Camera 0 (dshow)
[19:42:14.040] Camera stopped
[19:42:14.041] Saved profile to E:\PROGRAM\ProbeCAM-CNC\.git\ProbeCAM-CNC\data\probe_cam_profile.json
[19:42:45.949] Detected cameras: ['Camera 0 (dshow)']
[19:42:45.954] Detected serial ports: ['COM1', 'COM4', 'COM3', 'COM5']
[19:42:45.959] Loaded profile from E:\PROGRAM\ProbeCAM-CNC\.git\ProbeCAM-CNC\data\probe_cam_profile.json
[19:42:45.960] Application initialized. Load a profile or start scanning cameras.
[19:42:47.823] Applied camera settings: {'width': 900, 'height': 717, 'fps': 60, 'exposure': -5, 'gain': 52, 'auto_exposure': True}
[19:42:47.826] Camera started: Camera 0 (dshow)
[19:42:52.614] Камеру повторно відкрито: 640x480, 30 FPS, автоматична експозиція
[19:42:57.066] Camera stopped
[19:42:57.066] Saved profile to E:\PROGRAM\ProbeCAM-CNC\.git\ProbeCAM-CNC\data\probe_cam_profile.json
[19:47:15.899] No camera detected by OpenCV; if you have a webcam or Logitech UVC device, try reconnecting it and click Refresh cameras
[19:47:15.905] Detected serial ports: ['COM1', 'COM4', 'COM3', 'COM5']
[19:47:15.910] Loaded profile from E:\PROGRAM\ProbeCAM-CNC\.git\ProbeCAM-CNC\data\probe_cam_profile.json
[19:47:15.910] Application initialized. Load a profile or start scanning cameras.
[19:47:16.086] No camera selected
[19:52:50.128] Detected cameras: ['Camera 0 (dshow)']
[19:52:50.134] Detected serial ports: ['COM1', 'COM4', 'COM3', 'COM5']
[19:52:50.134] Loaded profile from E:\PROGRAM\ProbeCAM-CNC\.git\ProbeCAM-CNC\data\probe_cam_profile.json
[19:52:50.135] Application initialized. Load a profile or start scanning cameras.
[19:52:57.425] Applied camera settings: {'width': 640, 'height': 480, 'fps': 30, 'exposure': -5, 'gain': 52, 'auto_exposure': True}
[19:52:57.429] Camera started: Camera 0 (dshow)
[19:53:02.239] Камеру повторно відкрито: 640x480, 30 FPS, автоматична експозиція
[19:53:18.789] Saved camera preset for Camera 0 (dshow)
[19:53:22.127] Camera stopped
[19:53:24.448] Detected cameras: ['Camera 0 (dshow)']
[19:53:24.453] Detected serial ports: ['COM1', 'COM4', 'COM3', 'COM5']
[19:53:43.902] Detected cameras: ['Camera 0 (dshow)']
[19:53:43.908] Detected serial ports: ['COM1', 'COM4', 'COM3', 'COM5']
[19:53:45.770] Applied camera settings: {'width': 640, 'height': 480, 'fps': 30, 'exposure': -5, 'gain': 52, 'auto_exposure': True}
[19:53:45.775] Camera started: Camera 0 (dshow)
[19:57:49.663] Saved profile to E:\PROGRAM\ProbeCAM-CNC\.git\ProbeCAM-CNC\data\probe_cam_profile.json
[19:57:49.674] Failed to read camera frame
[17:23:34.458] Detected cameras: ['Camera 0 (v4l2)']
[17:23:34.463] Detected serial ports: ['/dev/ttyACM0']
[17:23:34.464] Loaded profile from /home/uzfm/ProbeCAM-CNC/data/probe_cam_profile.json
[17:23:34.465] Application initialized. Load a profile or start scanning cameras.
[17:23:34.802] Applied camera settings: {'width': 640, 'height': 480, 'fps': 30, 'exposure': -5, 'gain': 52, 'auto_exposure': True}
[17:23:34.804] Camera started: Camera 0 (v4l2)
[17:23:38.874] Saved profile to /home/uzfm/ProbeCAM-CNC/data/probe_cam_profile.json
[17:23:38.879] Failed to read camera frame
[17:24:07.742] Detected cameras: ['Camera 0 (v4l2)']
[17:24:07.747] Detected serial ports: ['/dev/ttyACM0']
[17:24:07.748] Loaded profile from /home/uzfm/ProbeCAM-CNC/data/probe_cam_profile.json
[17:24:07.749] Application initialized. Load a profile or start scanning cameras.
[17:27:05.749] Detected cameras: ['Camera 0 (v4l2)']
[17:27:05.754] Detected serial ports: ['/dev/ttyACM0']
[17:27:05.755] Loaded profile from /home/uzfm/ProbeCAM-CNC/data/probe_cam_profile.json
[17:27:05.756] Application initialized. Load a profile or start scanning cameras.
[17:27:22.451] Applied camera settings: {'width': 640, 'height': 480, 'fps': 30, 'exposure': -5, 'gain': 52, 'auto_exposure': True}
[17:27:22.454] Camera started: Camera 0 (v4l2)
[17:27:43.434] Connected to /dev/ttyACM0 at 115200 baud; status polling started
[17:27:43.633] GRBL reply without MPos: ok\r\n\nok\r\n
[17:27:43.739] GRBL WPos updated: X=109.988 Y=331.925 Z=119.119
[17:27:51.387] BUTTON command sent: 'G91\nG0 X0.01 F600\nG90'
[17:27:51.583] GRBL WPos updated: X=109.998 Y=331.925 Z=119.119
[17:27:53.186] BUTTON command sent: 'G91\nG0 X0.01 F600\nG90'
[17:27:53.384] GRBL WPos updated: X=110.008 Y=331.925 Z=119.119
[17:27:56.686] BUTTON command sent: 'G91\nG0 Y0.01 F600\nG90'
[17:27:56.984] GRBL WPos updated: X=110.008 Y=331.935 Z=119.119
[17:27:58.088] BUTTON command sent: 'G91\nG0 X-0.01 F600\nG90'
[17:27:58.284] GRBL WPos updated: X=109.998 Y=331.935 Z=119.119
[17:27:59.287] BUTTON command sent: 'G91\nG0 X-0.01 F600\nG90'
[17:27:59.484] GRBL WPos updated: X=109.988 Y=331.935 Z=119.119
[17:28:00.839] BUTTON command sent: 'G91\nG0 X-0.01 F600\nG90'
[17:28:01.036] GRBL WPos updated: X=109.978 Y=331.935 Z=119.119
[17:28:02.439] BUTTON command sent: 'G91\nG0 X-0.01 F600\nG90'
[17:28:02.636] GRBL WPos updated: X=109.968 Y=331.935 Z=119.119
[17:28:04.437] GRBL WPos updated: X=109.958 Y=331.935 Z=119.119
[17:28:04.636] GRBL WPos updated: X=109.948 Y=331.935 Z=119.119
[17:28:04.736] GRBL WPos updated: X=109.938 Y=331.935 Z=119.119
[17:28:04.835] GRBL WPos updated: X=109.928 Y=331.935 Z=119.119
[17:28:04.936] GRBL WPos updated: X=109.918 Y=331.935 Z=119.119
[17:28:05.036] GRBL WPos updated: X=109.908 Y=331.935 Z=119.119
[17:28:05.135] GRBL WPos updated: X=109.898 Y=331.935 Z=119.119
[17:28:05.236] GRBL WPos updated: X=109.888 Y=331.935 Z=119.119
[17:28:05.435] GRBL WPos updated: X=109.878 Y=331.935 Z=119.119
[17:28:06.035] GRBL WPos updated: X=109.868 Y=331.935 Z=119.119
[17:28:06.237] GRBL WPos updated: X=109.858 Y=331.935 Z=119.119
[17:28:06.336] GRBL WPos updated: X=109.848 Y=331.935 Z=119.119
[17:28:06.436] GRBL WPos updated: X=109.838 Y=331.935 Z=119.119
[17:28:06.536] GRBL WPos updated: X=109.828 Y=331.935 Z=119.119
[17:28:06.636] GRBL WPos updated: X=109.818 Y=331.935 Z=119.119
[17:28:06.735] GRBL WPos updated: X=109.808 Y=331.935 Z=119.119
[17:28:06.836] GRBL WPos updated: X=109.798 Y=331.935 Z=119.119
[17:28:06.937] GRBL reply without MPos: ok\r\n
[17:28:07.136] GRBL WPos updated: X=109.778 Y=331.935 Z=119.119
[17:28:07.236] GRBL WPos updated: X=109.768 Y=331.935 Z=119.119
[17:28:07.336] GRBL WPos updated: X=109.758 Y=331.935 Z=119.119
[17:28:07.436] GRBL WPos updated: X=109.748 Y=331.935 Z=119.119
[17:28:07.537] GRBL WPos updated: X=109.738 Y=331.935 Z=119.119
[17:28:07.637] GRBL WPos updated: X=109.728 Y=331.935 Z=119.119
[17:28:07.736] GRBL WPos updated: X=109.718 Y=331.935 Z=119.119
[17:28:07.836] GRBL WPos updated: X=109.708 Y=331.935 Z=119.119
[17:28:07.936] GRBL WPos updated: X=109.698 Y=331.935 Z=119.119
[17:28:08.037] GRBL WPos updated: X=109.688 Y=331.935 Z=119.119
[17:28:08.137] GRBL WPos updated: X=109.678 Y=331.935 Z=119.119
[17:28:08.236] GRBL WPos updated: X=109.668 Y=331.935 Z=119.119
[17:28:08.337] GRBL WPos updated: X=109.658 Y=331.935 Z=119.119
[17:28:08.436] GRBL WPos updated: X=109.648 Y=331.935 Z=119.119
[17:28:08.536] GRBL WPos updated: X=109.638 Y=331.935 Z=119.119
[17:28:08.637] GRBL WPos updated: X=109.628 Y=331.935 Z=119.119
[17:28:08.736] GRBL WPos updated: X=109.618 Y=331.935 Z=119.119
[17:28:08.836] GRBL WPos updated: X=109.608 Y=331.935 Z=119.119
[17:28:08.935] GRBL reply without MPos: ok\r\n
[17:28:09.036] GRBL WPos updated: X=109.598 Y=331.935 Z=119.119
[17:28:09.135] GRBL WPos updated: X=109.588 Y=331.935 Z=119.119
[17:28:09.835] GRBL WPos updated: X=109.578 Y=331.935 Z=119.119
[17:28:10.035] GRBL WPos updated: X=109.568 Y=331.935 Z=119.119
[17:28:10.135] GRBL WPos updated: X=109.558 Y=331.935 Z=119.119
[17:28:10.235] GRBL WPos updated: X=109.548 Y=331.935 Z=119.119
[17:28:10.335] GRBL WPos updated: X=109.538 Y=331.935 Z=119.119
[17:28:10.435] GRBL WPos updated: X=109.528 Y=331.935 Z=119.119
[17:28:10.535] GRBL WPos updated: X=109.518 Y=331.935 Z=119.119
[17:28:10.637] GRBL WPos updated: X=109.508 Y=331.935 Z=119.119
[17:28:10.836] GRBL WPos updated: X=109.498 Y=331.935 Z=119.119
[17:28:10.936] GRBL reply without MPos: ok\r\n
[17:28:11.035] GRBL WPos updated: X=109.488 Y=331.935 Z=119.119
[17:28:11.135] GRBL WPos updated: X=109.468 Y=331.935 Z=119.119
[17:28:12.235] GRBL WPos updated: X=109.458 Y=331.935 Z=119.119
[17:28:12.436] GRBL WPos updated: X=109.447 Y=331.935 Z=119.119
[17:28:12.536] GRBL WPos updated: X=109.438 Y=331.935 Z=119.119
[17:28:13.535] GRBL WPos updated: X=109.428 Y=331.935 Z=119.119
[17:28:13.735] GRBL WPos updated: X=109.418 Y=331.935 Z=119.119
[17:28:13.836] GRBL WPos updated: X=109.408 Y=331.935 Z=119.119
[17:28:14.288] GRBL WPos updated: X=109.397 Y=331.935 Z=119.119
[17:28:14.490] GRBL WPos updated: X=109.388 Y=331.935 Z=119.119
[17:28:14.690] GRBL WPos updated: X=109.378 Y=331.935 Z=119.119
[17:28:14.789] GRBL WPos updated: X=109.368 Y=331.935 Z=119.119
[17:28:14.889] GRBL reply without MPos: ok\r\n
[17:28:14.990] GRBL WPos updated: X=109.358 Y=331.935 Z=119.119
[17:28:15.089] GRBL WPos updated: X=109.338 Y=331.935 Z=119.119
[17:28:15.189] GRBL WPos updated: X=109.328 Y=331.935 Z=119.119
[17:28:15.288] GRBL WPos updated: X=109.318 Y=331.935 Z=119.119
[17:28:15.388] GRBL WPos updated: X=109.308 Y=331.935 Z=119.119
[17:28:16.790] GRBL WPos updated: X=109.297 Y=331.935 Z=119.119
[17:28:16.989] GRBL WPos updated: X=109.287 Y=331.935 Z=119.119
[17:28:17.088] GRBL WPos updated: X=109.278 Y=331.935 Z=119.119
[17:28:17.189] GRBL WPos updated: X=109.268 Y=331.935 Z=119.119
[17:28:17.289] GRBL WPos updated: X=109.258 Y=331.935 Z=119.119
[17:28:17.389] GRBL WPos updated: X=109.247 Y=331.935 Z=119.119
[17:28:17.488] GRBL WPos updated: X=109.237 Y=331.935 Z=119.119
[17:28:17.588] GRBL WPos updated: X=109.228 Y=331.935 Z=119.119
[17:28:17.689] GRBL WPos updated: X=109.218 Y=331.935 Z=119.119
[17:28:17.788] GRBL WPos updated: X=109.208 Y=331.935 Z=119.119
[17:28:17.889] GRBL WPos updated: X=109.197 Y=331.935 Z=119.119
[17:28:17.988] GRBL WPos updated: X=109.187 Y=331.935 Z=119.119
[17:28:18.088] GRBL WPos updated: X=109.178 Y=331.935 Z=119.119
[17:28:18.188] GRBL WPos updated: X=109.168 Y=331.935 Z=119.119
[17:28:18.288] GRBL WPos updated: X=109.158 Y=331.935 Z=119.119
[17:28:18.388] GRBL WPos updated: X=109.147 Y=331.935 Z=119.119
[17:28:18.488] GRBL WPos updated: X=109.137 Y=331.935 Z=119.119
[17:28:18.588] GRBL WPos updated: X=109.128 Y=331.935 Z=119.119
[17:28:18.688] GRBL WPos updated: X=109.118 Y=331.935 Z=119.119
[17:28:18.788] GRBL WPos updated: X=109.108 Y=331.935 Z=119.119
[17:28:20.288] GRBL WPos updated: X=109.118 Y=331.935 Z=119.119
[17:28:20.488] GRBL WPos updated: X=109.128 Y=331.935 Z=119.119
[17:28:20.588] GRBL WPos updated: X=109.137 Y=331.935 Z=119.119
[17:28:20.688] GRBL WPos updated: X=109.147 Y=331.935 Z=119.119
[17:28:20.788] GRBL WPos updated: X=109.158 Y=331.935 Z=119.119
[17:28:20.889] GRBL WPos updated: X=109.168 Y=331.935 Z=119.119
[17:28:20.989] GRBL WPos updated: X=109.178 Y=331.935 Z=119.119
[17:28:21.088] GRBL WPos updated: X=109.187 Y=331.935 Z=119.119
[17:28:21.188] GRBL WPos updated: X=109.197 Y=331.935 Z=119.119
[17:28:21.288] GRBL WPos updated: X=109.208 Y=331.935 Z=119.119
[17:28:21.389] GRBL WPos updated: X=109.218 Y=331.935 Z=119.119
[17:28:21.989] GRBL WPos updated: X=109.228 Y=331.935 Z=119.119
[17:28:22.189] GRBL WPos updated: X=109.238 Y=331.935 Z=119.119
[17:28:22.288] GRBL WPos updated: X=109.247 Y=331.935 Z=119.119
[17:28:22.389] GRBL WPos updated: X=109.258 Y=331.935 Z=119.119
[17:28:22.489] GRBL WPos updated: X=109.268 Y=331.935 Z=119.119
[17:28:22.588] GRBL WPos updated: X=109.278 Y=331.935 Z=119.119
[17:28:22.688] GRBL WPos updated: X=109.288 Y=331.935 Z=119.119
[17:28:22.789] GRBL WPos updated: X=109.297 Y=331.935 Z=119.119
[17:28:22.888] GRBL WPos updated: X=109.308 Y=331.935 Z=119.119
[17:28:24.688] GRBL WPos updated: X=109.318 Y=331.935 Z=119.119
[17:28:24.888] GRBL WPos updated: X=109.328 Y=331.935 Z=119.119
[17:28:24.988] GRBL WPos updated: X=109.337 Y=331.935 Z=119.119
[17:28:25.088] GRBL WPos updated: X=109.347 Y=331.935 Z=119.119
[17:28:25.189] GRBL WPos updated: X=109.358 Y=331.935 Z=119.119
[17:28:25.289] GRBL WPos updated: X=109.368 Y=331.935 Z=119.119
[17:28:25.388] GRBL WPos updated: X=109.378 Y=331.935 Z=119.119
[17:28:25.488] GRBL WPos updated: X=109.387 Y=331.935 Z=119.119
[17:28:25.588] GRBL WPos updated: X=109.397 Y=331.935 Z=119.119
[17:28:25.689] GRBL WPos updated: X=109.408 Y=331.935 Z=119.119
[17:32:25.058] GRBL WPos updated: X=109.407 Y=331.935 Z=119.119
[17:32:25.159] GRBL WPos updated: X=109.397 Y=331.935 Z=119.119
[17:32:25.355] GRBL WPos updated: X=109.387 Y=331.935 Z=119.119
[17:32:25.456] GRBL WPos updated: X=109.378 Y=331.935 Z=119.119
[17:32:25.556] GRBL WPos updated: X=109.368 Y=331.935 Z=119.119
[17:32:25.656] GRBL WPos updated: X=109.358 Y=331.935 Z=119.119
[17:32:25.756] GRBL WPos updated: X=109.347 Y=331.935 Z=119.119
[17:32:25.856] GRBL WPos updated: X=109.337 Y=331.935 Z=119.119
[17:32:25.956] GRBL WPos updated: X=109.328 Y=331.935 Z=119.119
[17:32:26.055] GRBL WPos updated: X=109.318 Y=331.935 Z=119.119
[17:32:26.341] GRBL reply without MPos: ok\r\n
[17:32:26.556] GRBL WPos updated: X=109.308 Y=331.935 Z=119.119
[17:32:26.651] GRBL WPos updated: X=109.287 Y=331.935 Z=119.119
[17:32:26.751] GRBL WPos updated: X=109.278 Y=331.935 Z=119.119
[17:32:26.852] GRBL WPos updated: X=109.268 Y=331.935 Z=119.119
[17:32:26.962] GRBL WPos updated: X=109.258 Y=331.935 Z=119.119
[17:32:27.067] GRBL WPos updated: X=109.247 Y=331.935 Z=119.119
[17:32:27.160] GRBL WPos updated: X=109.237 Y=331.935 Z=119.119
[17:32:27.255] GRBL WPos updated: X=109.228 Y=331.935 Z=119.119
[17:32:34.301] GRBL WPos updated: X=109.218 Y=331.935 Z=119.119
[17:32:35.302] GRBL WPos updated: X=109.208 Y=331.935 Z=119.119
[17:32:35.500] GRBL WPos updated: X=109.197 Y=331.935 Z=119.119
[17:32:35.604] GRBL WPos updated: X=109.187 Y=331.935 Z=119.119
[17:32:35.704] GRBL WPos updated: X=109.178 Y=331.935 Z=119.119
[17:32:35.800] GRBL WPos updated: X=109.168 Y=331.935 Z=119.119
[17:32:35.900] GRBL WPos updated: X=109.158 Y=331.935 Z=119.119
[17:32:38.503] GRBL WPos updated: X=108.876 Y=331.935 Z=119.119
[17:32:38.603] GRBL WPos updated: X=108.273 Y=331.935 Z=119.119
[17:32:38.703] GRBL WPos updated: X=108.014 Y=331.935 Z=119.119
[17:32:38.803] GRBL WPos updated: X=107.279 Y=331.935 Z=119.119
[17:32:38.903] GRBL WPos updated: X=106.233 Y=331.935 Z=119.119
[17:32:39.003] GRBL WPos updated: X=105.338 Y=331.935 Z=119.119
[17:32:39.100] GRBL WPos updated: X=104.979 Y=331.935 Z=119.119
[17:32:39.200] GRBL WPos updated: X=104.975 Y=331.935 Z=119.119
[17:32:39.803] GRBL WPos updated: X=104.704 Y=331.935 Z=119.119
[17:32:39.903] GRBL WPos updated: X=104.097 Y=331.935 Z=119.119
[17:32:40.003] GRBL WPos updated: X=103.975 Y=331.935 Z=119.119
[17:32:40.403] GRBL WPos updated: X=103.704 Y=331.935 Z=119.119
[17:32:40.503] GRBL WPos updated: X=103.098 Y=331.935 Z=119.119
[17:32:40.603] GRBL WPos updated: X=102.841 Y=331.935 Z=119.119
[17:32:40.703] GRBL WPos updated: X=102.118 Y=331.935 Z=119.119
[17:32:40.803] GRBL WPos updated: X=101.074 Y=331.935 Z=119.119
[17:32:40.902] GRBL WPos updated: X=100.050 Y=331.935 Z=119.119
[17:32:41.002] GRBL WPos updated: X=99.025 Y=331.935 Z=119.119
[17:32:41.103] GRBL WPos updated: X=98.000 Y=331.935 Z=119.119
[17:32:41.202] GRBL WPos updated: X=97.126 Y=331.935 Z=119.119
[17:32:41.302] GRBL WPos updated: X=96.800 Y=331.935 Z=119.119
[17:32:41.403] GRBL WPos updated: X=96.799 Y=331.935 Z=119.119
[17:32:41.699] GRBL WPos updated: X=96.529 Y=331.935 Z=119.119
[17:32:41.799] GRBL WPos updated: X=95.933 Y=331.935 Z=119.119
[17:32:41.903] GRBL WPos updated: X=95.645 Y=331.935 Z=119.119
[17:32:42.003] GRBL WPos updated: X=94.837 Y=331.935 Z=119.119
[17:32:42.103] GRBL WPos updated: X=93.841 Y=331.935 Z=119.119
[17:32:42.202] GRBL WPos updated: X=92.845 Y=331.935 Z=119.119
[17:32:42.302] GRBL WPos updated: X=91.860 Y=331.935 Z=119.119
[17:32:42.403] GRBL WPos updated: X=90.865 Y=331.935 Z=119.119
[17:32:42.503] GRBL WPos updated: X=89.857 Y=331.935 Z=119.119
[17:32:42.602] GRBL WPos updated: X=88.861 Y=331.935 Z=119.119
[17:32:42.702] GRBL WPos updated: X=87.876 Y=331.935 Z=119.119
[17:32:42.802] GRBL WPos updated: X=86.852 Y=331.935 Z=119.119
[17:32:42.902] GRBL WPos updated: X=85.828 Y=331.935 Z=119.119
[17:32:43.002] GRBL WPos updated: X=84.832 Y=331.935 Z=119.119
[17:32:43.099] GRBL WPos updated: X=83.836 Y=331.935 Z=119.119
[17:32:43.199] GRBL WPos updated: X=82.873 Y=331.935 Z=119.119
[17:32:43.299] GRBL WPos updated: X=82.008 Y=331.935 Z=119.119
[17:32:43.399] GRBL WPos updated: X=81.709 Y=331.935 Z=119.119
[17:32:44.751] GRBL WPos updated: X=80.828 Y=331.935 Z=119.119
[17:32:44.756] GRBL WPos updated: X=80.710 Y=331.935 Z=119.119
[17:32:45.754] GRBL WPos updated: X=80.422 Y=331.935 Z=119.119
[17:32:45.856] GRBL WPos updated: X=79.815 Y=331.935 Z=119.119
[17:32:45.956] GRBL WPos updated: X=79.548 Y=331.935 Z=119.119
[17:32:46.063] GRBL WPos updated: X=78.790 Y=331.935 Z=119.119
[17:32:46.163] GRBL WPos updated: X=77.691 Y=331.935 Z=119.119
[17:32:46.262] GRBL WPos updated: X=76.724 Y=331.935 Z=119.119
[17:32:46.363] GRBL WPos updated: X=75.728 Y=331.935 Z=119.119
[17:32:46.462] GRBL WPos updated: X=74.926 Y=331.935 Z=119.119
[17:32:46.562] GRBL WPos updated: X=74.710 Y=331.935 Z=119.119
[17:32:47.157] GRBL WPos updated: X=74.709 Y=331.935 Z=119.119
[17:32:47.263] GRBL WPos updated: X=74.416 Y=331.935 Z=119.119
[17:32:47.362] GRBL WPos updated: X=73.797 Y=331.935 Z=119.119
[17:32:47.462] GRBL WPos updated: X=73.570 Y=331.935 Z=119.119
[17:32:47.562] GRBL WPos updated: X=72.853 Y=331.935 Z=119.119
[17:32:47.662] GRBL WPos updated: X=71.811 Y=331.935 Z=119.119
[17:32:47.762] GRBL WPos updated: X=70.758 Y=331.935 Z=119.119
[17:32:47.861] GRBL WPos updated: X=69.734 Y=331.935 Z=119.119
[17:32:47.961] GRBL WPos updated: X=68.935 Y=331.935 Z=119.119
[17:32:48.056] GRBL WPos updated: X=68.710 Y=331.935 Z=119.119
[17:32:49.559] GRBL WPos updated: X=69.028 Y=331.935 Z=119.119
[17:32:49.662] GRBL WPos updated: X=69.622 Y=331.935 Z=119.119
[17:32:49.762] GRBL WPos updated: X=69.867 Y=331.935 Z=119.119
[17:32:49.857] GRBL WPos updated: X=70.608 Y=331.935 Z=119.119
[17:32:49.962] GRBL WPos updated: X=71.598 Y=331.935 Z=119.119
[17:32:50.061] GRBL WPos updated: X=72.705 Y=331.935 Z=119.119
[17:32:50.161] GRBL WPos updated: X=73.494 Y=331.935 Z=119.119
[17:32:50.262] GRBL WPos updated: X=73.710 Y=331.935 Z=119.119
[17:32:51.060] GRBL WPos updated: X=73.411 Y=331.935 Z=119.119
[17:32:51.162] GRBL WPos updated: X=72.804 Y=331.935 Z=119.119
[17:32:51.262] GRBL WPos updated: X=72.566 Y=331.935 Z=119.119
[17:32:51.362] GRBL WPos updated: X=71.843 Y=331.935 Z=119.119
[17:32:51.461] GRBL WPos updated: X=70.799 Y=331.935 Z=119.119
[17:32:51.561] GRBL WPos updated: X=69.775 Y=331.935 Z=119.119
[17:32:51.657] GRBL WPos updated: X=68.750 Y=331.935 Z=119.119
[17:32:51.753] GRBL WPos updated: X=67.771 Y=331.935 Z=119.119
[17:32:51.853] GRBL WPos updated: X=66.968 Y=331.935 Z=119.119
[17:32:51.953] GRBL WPos updated: X=66.710 Y=331.935 Z=119.119
[17:32:55.152] GRBL WPos updated: X=66.440 Y=331.935 Z=119.119
[17:32:55.257] GRBL WPos updated: X=66.422 Y=331.935 Z=119.119
[17:32:55.362] GRBL WPos updated: X=65.483 Y=331.935 Z=119.119
[17:32:55.461] GRBL WPos updated: X=63.996 Y=331.935 Z=119.119
[17:32:55.561] GRBL WPos updated: X=62.529 Y=331.935 Z=119.119
[17:32:55.662] GRBL WPos updated: X=61.047 Y=331.935 Z=119.119
[17:32:55.760] GRBL WPos updated: X=59.550 Y=331.935 Z=119.119
[17:32:55.860] GRBL WPos updated: X=58.202 Y=331.935 Z=119.119
[17:32:55.960] GRBL WPos updated: X=57.361 Y=331.935 Z=119.119
[17:32:56.060] GRBL WPos updated: X=57.111 Y=331.935 Z=119.119
[17:32:56.451] GRBL WPos updated: X=57.110 Y=331.935 Z=119.119
[17:32:56.648] GRBL WPos updated: X=56.822 Y=331.935 Z=119.119
[17:32:56.748] GRBL WPos updated: X=54.574 Y=331.935 Z=119.119
[17:32:56.848] GRBL WPos updated: X=53.093 Y=331.935 Z=119.119
[17:32:56.948] GRBL WPos updated: X=51.611 Y=331.935 Z=119.119
[17:32:57.048] GRBL WPos updated: X=50.129 Y=331.935 Z=119.119
[17:32:57.053] GRBL WPos updated: X=48.735 Y=331.935 Z=119.119
[17:32:57.152] GRBL WPos updated: X=48.677 Y=331.935 Z=119.119
[17:32:57.252] GRBL WPos updated: X=47.843 Y=331.935 Z=119.119
[17:32:57.352] GRBL WPos updated: X=47.586 Y=331.935 Z=119.119
[17:32:58.155] GRBL WPos updated: X=47.587 Y=331.935 Z=119.119
[17:32:58.261] GRBL WPos updated: X=47.880 Y=331.935 Z=119.119
[17:32:58.360] GRBL WPos updated: X=48.837 Y=331.935 Z=119.119
[17:32:58.460] GRBL WPos updated: X=50.241 Y=331.935 Z=119.119
[17:32:58.562] GRBL WPos updated: X=51.723 Y=331.935 Z=119.119
[17:32:58.654] GRBL WPos updated: X=53.235 Y=331.935 Z=119.119
[17:32:58.705] GRBL WPos updated: X=54.598 Y=331.935 Z=119.119
[17:32:58.900] GRBL WPos updated: X=55.354 Y=331.935 Z=119.119
[17:32:59.000] GRBL WPos updated: X=57.567 Y=331.935 Z=119.119
[17:32:59.100] GRBL WPos updated: X=57.861 Y=331.935 Z=119.119
[17:32:59.600] GRBL WPos updated: X=57.590 Y=331.935 Z=119.119
[17:32:59.700] GRBL WPos updated: X=56.729 Y=331.935 Z=119.119
[17:32:59.800] GRBL WPos updated: X=55.339 Y=331.935 Z=119.119
[17:32:59.900] GRBL WPos updated: X=53.858 Y=331.935 Z=119.119
[17:33:00.000] GRBL WPos updated: X=52.375 Y=331.935 Z=119.119
[17:33:00.100] GRBL WPos updated: X=50.893 Y=331.935 Z=119.119
[17:33:00.200] GRBL WPos updated: X=49.412 Y=331.935 Z=119.119
[17:33:00.300] GRBL WPos updated: X=48.011 Y=331.935 Z=119.119
[17:33:00.400] GRBL WPos updated: X=47.128 Y=331.935 Z=119.119
[17:33:00.500] GRBL WPos updated: X=46.836 Y=331.935 Z=119.119
[17:33:01.000] GRBL WPos updated: X=46.836 Y=331.659 Z=119.119
[17:33:01.104] GRBL WPos updated: X=46.836 Y=330.791 Z=119.119
[17:33:01.203] GRBL WPos updated: X=46.836 Y=329.340 Z=119.119
[17:33:01.304] GRBL WPos updated: X=46.836 Y=327.873 Z=119.119
[17:33:01.404] GRBL WPos updated: X=46.836 Y=326.377 Z=119.119
[17:33:01.504] GRBL WPos updated: X=46.836 Y=324.967 Z=119.119
[17:33:01.604] GRBL WPos updated: X=46.836 Y=324.069 Z=119.119
[17:33:01.704] GRBL WPos updated: X=46.836 Y=323.761 Z=119.119
[17:33:02.202] GRBL WPos updated: X=46.836 Y=323.491 Z=119.119
[17:33:02.304] GRBL WPos updated: X=46.836 Y=322.594 Z=119.119
[17:33:02.402] GRBL WPos updated: X=46.836 Y=321.180 Z=119.119
[17:33:02.499] GRBL WPos updated: X=46.836 Y=319.713 Z=119.119
[17:33:02.599] GRBL WPos updated: X=46.836 Y=318.276 Z=119.119
[17:33:02.703] GRBL WPos updated: X=46.836 Y=316.795 Z=119.119
[17:33:02.799] GRBL WPos updated: X=46.836 Y=315.253 Z=119.119
[17:33:02.899] GRBL WPos updated: X=46.836 Y=313.831 Z=119.119
[17:33:03.000] GRBL WPos updated: X=46.836 Y=312.349 Z=119.119
[17:33:03.099] GRBL WPos updated: X=46.836 Y=310.853 Z=119.119
[17:33:03.199] GRBL WPos updated: X=46.836 Y=309.466 Z=119.119
[17:33:03.299] GRBL WPos updated: X=46.836 Y=308.580 Z=119.119
[17:33:03.399] GRBL WPos updated: X=46.836 Y=308.287 Z=119.119
[17:33:03.703] GRBL WPos updated: X=46.543 Y=308.287 Z=119.119
[17:33:03.799] GRBL WPos updated: X=45.646 Y=308.287 Z=119.119
[17:33:03.899] GRBL WPos updated: X=44.300 Y=308.287 Z=119.119
[17:33:03.999] GRBL WPos updated: X=42.818 Y=308.287 Z=119.119
[17:33:04.099] GRBL WPos updated: X=41.336 Y=308.287 Z=119.119
[17:33:04.199] GRBL WPos updated: X=39.854 Y=308.287 Z=119.119
[17:33:04.303] GRBL WPos updated: X=38.373 Y=308.287 Z=119.119
[17:33:04.402] GRBL WPos updated: X=36.832 Y=308.287 Z=119.119
[17:33:04.503] GRBL WPos updated: X=35.365 Y=308.287 Z=119.119
[17:33:04.603] GRBL WPos updated: X=33.936 Y=308.287 Z=119.119
[17:33:04.703] GRBL WPos updated: X=33.029 Y=308.287 Z=119.119
[17:33:04.802] GRBL WPos updated: X=32.712 Y=308.287 Z=119.119
[17:33:08.725] Camera stopped
[17:33:11.386] Applied camera settings: {'width': 640, 'height': 480, 'fps': 30, 'exposure': -5, 'gain': 52, 'auto_exposure': True}
[17:33:11.389] Camera started: Camera 0 (v4l2)
[17:33:43.249] GRBL WPos updated: X=32.712 Y=307.766 Z=119.119
[17:33:43.381] GRBL WPos updated: X=32.712 Y=306.239 Z=119.119
[17:33:43.387] GRBL WPos updated: X=32.712 Y=304.284 Z=119.119
[17:33:43.645] GRBL WPos updated: X=32.712 Y=304.195 Z=119.119
[17:33:43.776] GRBL WPos updated: X=32.712 Y=300.372 Z=119.119
[17:33:43.909] GRBL WPos updated: X=32.712 Y=298.631 Z=119.119
[17:33:43.914] GRBL WPos updated: X=32.712 Y=297.825 Z=119.119
[17:33:44.111] GRBL WPos updated: X=32.712 Y=297.816 Z=119.119
[17:33:44.378] GRBL WPos updated: X=32.712 Y=297.787 Z=119.119
[17:33:44.771] GRBL WPos updated: X=32.712 Y=297.320 Z=119.119
[17:33:44.904] GRBL WPos updated: X=32.712 Y=293.903 Z=119.119
[17:33:44.910] GRBL WPos updated: X=32.712 Y=291.932 Z=119.119
[17:33:45.168] GRBL WPos updated: X=32.712 Y=291.843 Z=119.119
[17:33:45.236] GRBL WPos updated: X=32.712 Y=288.020 Z=119.119
[17:33:45.242] GRBL WPos updated: X=32.712 Y=287.013 Z=119.119
[17:33:45.500] GRBL WPos updated: X=32.712 Y=286.924 Z=119.119
[17:33:45.506] GRBL WPos updated: X=32.712 Y=283.102 Z=119.119
[17:33:45.768] GRBL WPos updated: X=32.712 Y=283.012 Z=119.119
[17:33:45.900] GRBL WPos updated: X=32.712 Y=279.130 Z=119.119
[17:33:45.906] GRBL WPos updated: X=32.712 Y=277.175 Z=119.119
[17:33:46.163] GRBL WPos updated: X=32.712 Y=277.086 Z=119.119
[17:33:46.295] GRBL WPos updated: X=32.712 Y=273.278 Z=119.119
[17:33:46.302] GRBL WPos updated: X=32.712 Y=271.322 Z=119.119
[17:33:46.496] GRBL WPos updated: X=32.712 Y=271.218 Z=119.119
[17:33:46.627] GRBL WPos updated: X=32.712 Y=268.344 Z=119.119
[17:33:46.758] GRBL WPos updated: X=32.712 Y=266.403 Z=119.119
[17:33:46.895] GRBL WPos updated: X=32.712 Y=264.462 Z=119.119
[17:33:46.901] GRBL WPos updated: X=32.712 Y=262.432 Z=119.119
[17:33:47.159] GRBL WPos updated: X=32.712 Y=262.343 Z=119.119
[17:33:47.288] GRBL WPos updated: X=32.712 Y=258.520 Z=119.119
[17:33:47.297] GRBL WPos updated: X=32.712 Y=256.609 Z=119.119
[17:33:47.554] GRBL WPos updated: X=32.712 Y=256.476 Z=119.119
[17:33:47.560] GRBL WPos updated: X=32.712 Y=252.668 Z=119.119
[17:33:47.693] GRBL WPos updated: X=32.712 Y=252.579 Z=119.119
[17:33:47.954] GRBL WPos updated: X=32.712 Y=250.609 Z=119.119
[17:33:48.087] GRBL WPos updated: X=32.712 Y=248.145 Z=119.119
[17:33:48.092] GRBL WPos updated: X=32.712 Y=248.113 Z=119.119
[17:33:48.485] GRBL WPos updated: X=32.712 Y=247.630 Z=119.119
[17:33:48.622] GRBL WPos updated: X=32.712 Y=247.608 Z=119.119
[17:33:48.882] GRBL WPos updated: X=32.712 Y=246.006 Z=119.119
[17:33:49.013] GRBL WPos updated: X=32.712 Y=242.154 Z=119.119
[17:33:49.017] GRBL WPos updated: X=32.712 Y=240.213 Z=119.119
[17:33:49.278] GRBL WPos updated: X=32.712 Y=240.153 Z=119.119
[17:33:49.412] GRBL WPos updated: X=32.712 Y=236.287 Z=119.119
[17:33:49.418] GRBL WPos updated: X=32.712 Y=234.287 Z=119.119
[17:33:49.677] GRBL WPos updated: X=32.712 Y=234.198 Z=119.119
[17:33:49.808] GRBL WPos updated: X=32.712 Y=230.360 Z=119.119
[17:33:49.814] GRBL WPos updated: X=32.712 Y=228.616 Z=119.119
[17:33:50.073] GRBL WPos updated: X=32.712 Y=228.566 Z=119.119
[17:33:50.209] GRBL WPos updated: X=32.712 Y=227.764 Z=119.119
[17:33:50.603] GRBL WPos updated: X=32.712 Y=227.274 Z=119.119
[17:33:50.608] GRBL WPos updated: X=32.712 Y=225.790 Z=119.119
[17:33:50.868] GRBL WPos updated: X=32.712 Y=225.716 Z=119.119
[17:33:50.999] GRBL WPos updated: X=32.712 Y=221.864 Z=119.119
[17:33:51.004] GRBL WPos updated: X=32.712 Y=220.127 Z=119.119
[17:33:51.269] GRBL WPos updated: X=32.712 Y=220.078 Z=119.119
[17:33:51.400] GRBL WPos updated: X=32.712 Y=219.290 Z=119.119
[17:33:54.184] GRBL WPos updated: X=32.712 Y=217.302 Z=119.119
[17:33:54.190] GRBL WPos updated: X=32.712 Y=215.346 Z=119.119
[17:33:54.452] GRBL WPos updated: X=32.712 Y=215.257 Z=119.119
[17:33:54.583] GRBL WPos updated: X=32.712 Y=211.375 Z=119.119
[17:33:54.589] GRBL WPos updated: X=32.712 Y=209.434 Z=119.119
[17:33:54.847] GRBL WPos updated: X=32.712 Y=209.345 Z=119.119
[17:33:54.978] GRBL WPos updated: X=32.712 Y=205.523 Z=119.119
[17:33:55.111] GRBL WPos updated: X=32.712 Y=203.581 Z=119.119
[17:33:55.117] GRBL WPos updated: X=32.712 Y=201.611 Z=119.119
[17:33:55.378] GRBL WPos updated: X=32.712 Y=201.522 Z=119.119
[17:33:55.510] GRBL WPos updated: X=32.712 Y=197.655 Z=119.119
[17:33:55.516] GRBL WPos updated: X=32.712 Y=195.698 Z=119.119
[17:33:55.774] GRBL WPos updated: X=32.712 Y=195.610 Z=119.119
[17:33:55.904] GRBL WPos updated: X=32.712 Y=191.787 Z=119.119
[17:33:55.909] GRBL WPos updated: X=32.712 Y=190.045 Z=119.119
[17:33:56.174] GRBL WPos updated: X=32.712 Y=189.995 Z=119.119
[17:33:56.306] GRBL WPos updated: X=32.712 Y=189.166 Z=119.119
[17:34:06.979] GRBL WPos updated: X=32.712 Y=187.162 Z=119.119
[17:34:07.111] GRBL WPos updated: X=32.712 Y=185.222 Z=119.119
[17:34:07.265] GRBL WPos updated: X=32.712 Y=183.473 Z=119.119
[17:34:07.376] GRBL WPos updated: X=32.712 Y=182.646 Z=119.119
[17:34:07.383] GRBL WPos updated: X=32.712 Y=182.641 Z=119.119
[17:34:08.109] GRBL WPos updated: X=32.712 Y=181.033 Z=119.119
[17:34:08.114] GRBL WPos updated: X=32.712 Y=180.805 Z=119.119
[17:34:08.835] GRBL WPos updated: X=32.712 Y=180.681 Z=119.119
[17:34:08.968] GRBL WPos updated: X=32.712 Y=180.098 Z=119.119
[17:34:09.103] GRBL WPos updated: X=32.712 Y=180.079 Z=119.119
[17:34:09.368] GRBL WPos updated: X=32.712 Y=180.077 Z=119.119
[17:34:09.522] GRBL WPos updated: X=32.712 Y=179.930 Z=119.119
[17:34:10.890] GRBL WPos updated: X=32.712 Y=180.405 Z=119.119
[17:34:11.023] GRBL WPos updated: X=32.712 Y=181.451 Z=119.119
[17:34:11.028] GRBL WPos updated: X=32.712 Y=181.663 Z=119.119
[17:34:19.777] GRBL WPos updated: X=32.712 Y=182.146 Z=119.119
[17:34:19.908] GRBL WPos updated: X=32.712 Y=185.652 Z=119.119
[17:34:19.913] GRBL WPos updated: X=32.712 Y=187.401 Z=119.119
[17:34:20.174] GRBL WPos updated: X=32.712 Y=187.451 Z=119.119
[17:34:20.306] GRBL WPos updated: X=32.712 Y=188.262 Z=119.119
[17:34:21.121] GRBL WPos updated: X=32.712 Y=186.334 Z=119.119
[17:34:21.256] GRBL WPos updated: X=32.712 Y=184.393 Z=119.119
[17:34:21.265] GRBL WPos updated: X=32.712 Y=182.589 Z=119.119
[17:34:21.502] GRBL WPos updated: X=32.712 Y=182.502 Z=119.119
[17:34:21.634] GRBL WPos updated: X=32.712 Y=181.738 Z=119.119
[17:34:23.915] GRBL WPos updated: X=33.165 Y=181.738 Z=119.119
[17:34:24.172] GRBL WPos updated: X=33.202 Y=181.738 Z=119.119
[17:34:24.307] GRBL WPos updated: X=34.446 Y=181.738 Z=119.119
[17:34:24.905] GRBL WPos updated: X=34.297 Y=181.738 Z=119.119
[17:34:25.704] GRBL WPos updated: X=33.822 Y=181.738 Z=119.119
[17:34:25.876] GRBL WPos updated: X=33.783 Y=181.738 Z=119.119
[17:34:26.012] GRBL WPos updated: X=32.605 Y=181.738 Z=119.119
[17:34:26.276] GRBL WPos updated: X=32.563 Y=181.738 Z=119.119
[17:34:36.361] BUTTON command sent: 'G91\nG0 X10 F900\nG90'
[17:34:36.487] GRBL WPos updated: X=33.015 Y=181.738 Z=119.119
[17:34:36.749] GRBL WPos updated: X=33.030 Y=181.738 Z=119.119
[17:34:36.881] GRBL WPos updated: X=36.975 Y=181.738 Z=119.119
[17:34:36.885] GRBL WPos updated: X=39.802 Y=181.738 Z=119.119
[17:34:37.147] GRBL WPos updated: X=39.873 Y=181.738 Z=119.119
[17:34:37.229] GRBL WPos updated: X=42.515 Y=181.738 Z=119.119
[17:34:37.371] GRBL WPos updated: X=42.563 Y=181.738 Z=119.119
[17:34:38.172] BUTTON command sent: 'G91\nG0 X-10 F900\nG90'
[17:34:38.302] GRBL WPos updated: X=42.104 Y=181.738 Z=119.119
[17:34:38.488] GRBL WPos updated: X=42.066 Y=181.738 Z=119.119
[17:34:38.621] GRBL WPos updated: X=39.629 Y=181.738 Z=119.119
[17:34:38.757] GRBL WPos updated: X=36.741 Y=181.738 Z=119.119
[17:34:38.893] GRBL WPos updated: X=34.279 Y=181.738 Z=119.119
[17:34:38.901] GRBL WPos updated: X=32.890 Y=181.738 Z=119.119
[17:34:39.164] GRBL WPos updated: X=32.842 Y=181.738 Z=119.119
[17:34:39.296] GRBL WPos updated: X=32.563 Y=181.738 Z=119.119
[17:34:41.290] BUTTON command sent: 'G91\nG0 Y-10 F900\nG90'
[17:34:41.548] GRBL WPos updated: X=32.563 Y=181.737 Z=119.119
[17:34:41.676] GRBL WPos updated: X=32.563 Y=179.780 Z=119.119
[17:34:41.684] GRBL WPos updated: X=32.563 Y=177.373 Z=119.119
[17:34:41.810] GRBL WPos updated: X=32.563 Y=177.191 Z=119.119
[17:34:42.214] GRBL WPos updated: X=32.563 Y=174.500 Z=119.119
[17:34:42.345] GRBL WPos updated: X=32.563 Y=171.738 Z=119.119
[17:34:43.278] BUTTON command sent: 'G91\nG0 Y10 F900\nG90'
[17:34:43.408] GRBL WPos updated: X=32.563 Y=172.205 Z=119.119
[17:34:43.645] GRBL WPos updated: X=32.563 Y=172.228 Z=119.119
[17:34:43.775] GRBL WPos updated: X=32.563 Y=175.688 Z=119.119
[17:34:43.910] GRBL WPos updated: X=32.563 Y=178.550 Z=119.119
[17:34:43.915] GRBL WPos updated: X=32.563 Y=180.624 Z=119.119
[17:34:44.180] GRBL WPos updated: X=32.563 Y=180.680 Z=119.119
[17:34:44.312] GRBL WPos updated: X=32.563 Y=181.738 Z=119.119
[17:34:44.979] BUTTON command sent: 'G91\nG0 Y-10 F900\nG90'
[17:34:45.112] GRBL WPos updated: X=32.563 Y=181.248 Z=119.119
[17:34:45.369] GRBL WPos updated: X=32.563 Y=181.218 Z=119.119
[17:34:45.500] GRBL WPos updated: X=32.563 Y=177.282 Z=119.119
[17:34:45.505] GRBL WPos updated: X=32.563 Y=174.481 Z=119.119
[17:34:45.772] GRBL WPos updated: X=32.563 Y=174.393 Z=119.119
[17:34:45.903] GRBL WPos updated: X=32.563 Y=171.771 Z=119.119
[17:34:45.908] GRBL WPos updated: X=32.563 Y=171.738 Z=119.119
[17:34:47.098] BUTTON command sent: 'G91\nG0 Z-10 F900\nG90'
[17:34:47.235] GRBL WPos updated: X=32.563 Y=171.738 Z=118.599
[17:34:47.495] GRBL WPos updated: X=32.563 Y=171.738 Z=118.567
[17:34:47.624] GRBL WPos updated: X=32.563 Y=171.738 Z=114.503
[17:34:47.760] GRBL WPos updated: X=32.563 Y=171.738 Z=111.774
[17:34:47.764] GRBL WPos updated: X=32.563 Y=171.738 Z=109.916
[17:34:48.019] GRBL WPos updated: X=32.563 Y=171.738 Z=109.878
[17:34:48.160] GRBL WPos updated: X=32.563 Y=171.738 Z=109.119
[17:34:51.809] BUTTON command sent: 'G91\nG0 Z10 F900\nG90'
[17:34:52.006] GRBL WPos updated: X=32.563 Y=171.738 Z=109.121
[17:34:52.271] GRBL WPos updated: X=32.563 Y=171.738 Z=110.250
[17:34:52.403] GRBL WPos updated: X=32.563 Y=171.738 Z=115.221
[17:34:52.408] GRBL WPos updated: X=32.563 Y=171.738 Z=117.528
[17:34:52.668] GRBL WPos updated: X=32.563 Y=171.738 Z=117.596
[17:34:52.859] GRBL error response: Z_LIMIT\r\n\nALARM:1\r\n
[17:34:52.860] GRBL reply without MPos: Z_LIMIT\r\n\nALARM:1\r\n
[17:34:53.397] GRBL reply without MPos: [MSG:Reset to continue]\r\n\n\r\n\nGrbl 1.1f ['$' for help]\r\n\n[MSG:'$H'|'$X' to unlock]\r\n
[17:34:53.402] GRBL WPos updated: X=32.563 Y=171.738 Z=119.084
[17:34:54.065] BUTTON command sent: 'G91\nG0 Z-10 F900\nG90'
[17:34:54.192] GRBL command error: <Alarm|MPos:-77.425,-160.187,-0.035,0.000|FS:0,0|Pn:Z>\r\n\nerror:9\r\n\nerror:9\r\n\nerror:9\r\n
[17:34:56.188] BUTTON command sent: 'G91\nG0 Z-10 F900\nG90'
[17:34:56.191] GRBL command error: <Alarm|MPos:-77.425,-160.187,-0.035,0.000|FS:0,0|Pn:Z|Ov:100,100,100>\r\n\nerror:9\r\n\nerror:9\r\n\nerror:9\r\n
[17:35:00.496] BUTTON command sent: 'G91\nG0 Z-10 F900\nG90'
[17:35:00.503] GRBL command error: <Alarm|MPos:-77.425,-160.187,-0.035,0.000|FS:0,0|Pn:Z>\r\n\nerror:9\r\n\nerror:9\r\n\nerror:9\r\n
[17:35:02.245] BUTTON command sent: 'G91\nG0 Z-10 F900\nG90'
[17:35:02.250] GRBL command error: <Alarm|MPos:-77.425,-160.187,-0.035,0.000|FS:0,0|Pn:Z>\r\n\nerror:9\r\n\nerror:9\r\n\nerror:9\r\n
[17:35:06.330] RESET ALARM: sent $X to GRBL
[17:35:07.947] BUTTON command sent: 'G91\nG0 Z-10 F900\nG90'
[17:35:08.211] GRBL WPos updated: X=32.563 Y=171.738 Z=118.587
[17:35:08.219] GRBL WPos updated: X=32.563 Y=171.738 Z=117.034
[17:35:08.450] GRBL WPos updated: X=32.563 Y=171.738 Z=116.908
[17:35:08.582] GRBL WPos updated: X=32.563 Y=171.738 Z=112.158
[17:35:08.715] GRBL WPos updated: X=32.563 Y=171.738 Z=110.164
[17:35:08.720] GRBL WPos updated: X=32.563 Y=171.738 Z=109.184
[17:35:08.978] GRBL WPos updated: X=32.563 Y=171.738 Z=109.167
[17:35:09.115] GRBL WPos updated: X=32.563 Y=171.738 Z=109.084
[17:35:10.069] BUTTON command sent: 'G91\nG0 Z-10 F900\nG90'
[17:35:10.330] GRBL WPos updated: X=32.563 Y=171.738 Z=108.594
[17:35:10.463] GRBL WPos updated: X=32.563 Y=171.738 Z=107.095
[17:35:10.471] GRBL WPos updated: X=32.563 Y=171.738 Z=104.559
[17:35:10.729] GRBL WPos updated: X=32.563 Y=171.738 Z=104.374
[17:35:10.862] GRBL WPos updated: X=32.563 Y=171.738 Z=99.910
[17:35:10.996] GRBL WPos updated: X=32.563 Y=171.738 Z=99.119
[17:35:11.004] GRBL WPos updated: X=32.563 Y=171.738 Z=99.084
[17:35:31.925] BUTTON command sent: 'G91\nG0 Z-10 F900\nG90'
[17:35:32.187] GRBL WPos updated: X=32.563 Y=171.738 Z=98.587
[17:35:32.192] GRBL WPos updated: X=32.563 Y=171.738 Z=97.064
[17:35:32.451] GRBL WPos updated: X=32.563 Y=171.738 Z=96.987
[17:35:32.586] GRBL WPos updated: X=32.563 Y=171.738 Z=91.739
[17:35:32.591] GRBL WPos updated: X=32.563 Y=171.738 Z=89.890
[17:35:32.851] GRBL WPos updated: X=32.563 Y=171.738 Z=89.842
[17:35:32.983] GRBL WPos updated: X=32.563 Y=171.738 Z=89.084
[17:35:32.988] BUTTON command sent: 'G91\nG0 Z-10 F900\nG90'
[17:35:33.246] GRBL WPos updated: X=32.563 Y=171.738 Z=89.082
[17:35:33.382] GRBL WPos updated: X=32.563 Y=171.738 Z=87.125
[17:35:33.514] GRBL WPos updated: X=32.563 Y=171.738 Z=84.536
[17:35:33.646] GRBL WPos updated: X=32.563 Y=171.738 Z=81.739
[17:35:33.778] GRBL WPos updated: X=32.563 Y=171.738 Z=79.920
[17:35:33.908] GRBL WPos updated: X=32.563 Y=171.738 Z=79.123
[17:35:33.912] GRBL WPos updated: X=32.563 Y=171.738 Z=79.084
[17:35:34.046] BUTTON command sent: 'G91\nG0 Z-10 F900\nG90'
[17:35:34.310] GRBL WPos updated: X=32.563 Y=171.738 Z=78.571
[17:35:34.315] GRBL WPos updated: X=32.563 Y=171.738 Z=77.034
[17:35:34.573] GRBL WPos updated: X=32.563 Y=171.738 Z=76.956
[17:35:34.706] GRBL WPos updated: X=32.563 Y=171.738 Z=71.721
[17:35:34.711] GRBL WPos updated: X=32.563 Y=171.738 Z=69.900
[17:35:34.960] GRBL WPos updated: X=32.563 Y=171.738 Z=69.852
[17:35:35.111] GRBL WPos updated: X=32.563 Y=171.738 Z=69.084
[17:35:35.116] BUTTON command sent: 'G91\nG0 Z-10 F900\nG90'
[17:35:35.375] GRBL WPos updated: X=32.563 Y=171.738 Z=69.082
[17:35:35.505] GRBL WPos updated: X=32.563 Y=171.738 Z=67.110
[17:35:35.510] GRBL WPos updated: X=32.563 Y=171.738 Z=64.650
[17:35:35.769] GRBL WPos updated: X=32.563 Y=171.738 Z=64.536
[17:35:35.905] GRBL WPos updated: X=32.563 Y=171.738 Z=59.971
[17:35:35.909] GRBL WPos updated: X=32.563 Y=171.738 Z=59.124
[17:35:36.169] GRBL WPos updated: X=32.563 Y=171.738 Z=59.117
[17:35:36.302] GRBL WPos updated: X=32.563 Y=171.738 Z=59.084
[17:35:38.624] BUTTON command sent: 'G91\nG0 Y-10 F900\nG90'
[17:35:38.821] GRBL WPos updated: X=32.563 Y=171.248 Z=59.084
[17:35:38.826] GRBL WPos updated: X=32.563 Y=170.595 Z=59.084
[17:35:39.081] GRBL WPos updated: X=32.563 Y=170.537 Z=59.084
[17:35:39.085] GRBL WPos updated: X=32.563 Y=165.742 Z=59.084
[17:35:39.352] GRBL WPos updated: X=32.563 Y=165.657 Z=59.084
[17:35:39.485] GRBL WPos updated: X=32.563 Y=162.023 Z=59.084
[17:35:39.490] GRBL WPos updated: X=32.563 Y=161.738 Z=59.084
[17:35:39.752] BUTTON command sent: 'G91\nG0 Y-10 F900\nG90'
[17:35:39.884] GRBL WPos updated: X=32.563 Y=161.256 Z=59.084
[17:35:40.015] GRBL WPos updated: X=32.563 Y=161.234 Z=59.084
[17:35:40.212] GRBL WPos updated: X=32.563 Y=159.719 Z=59.084
[17:35:40.479] GRBL WPos updated: X=32.563 Y=155.700 Z=59.084
[17:35:40.613] GRBL WPos updated: X=32.563 Y=152.029 Z=59.084
[17:35:40.618] GRBL WPos updated: X=32.563 Y=151.738 Z=59.084
[17:35:40.879] BUTTON command sent: 'G91\nG0 Y-10 F900\nG90'
[17:35:41.010] GRBL WPos updated: X=32.563 Y=151.248 Z=59.084
[17:35:41.269] GRBL WPos updated: X=32.563 Y=151.234 Z=59.084
[17:35:41.336] GRBL WPos updated: X=32.563 Y=147.282 Z=59.084
[17:35:41.341] GRBL WPos updated: X=32.563 Y=145.743 Z=59.084
[17:35:41.603] GRBL WPos updated: X=32.563 Y=145.636 Z=59.084
[17:35:41.608] GRBL WPos updated: X=32.563 Y=142.047 Z=59.084
[17:35:41.872] GRBL WPos updated: X=32.563 Y=142.017 Z=59.084
[17:35:42.004] GRBL WPos updated: X=32.563 Y=141.738 Z=59.084
[17:35:42.138] BUTTON command sent: 'G91\nG0 Y-10 F900\nG90'
[17:35:42.398] GRBL WPos updated: X=32.563 Y=141.248 Z=59.084
[17:35:42.403] GRBL WPos updated: X=32.563 Y=139.749 Z=59.084
[17:35:42.608] GRBL WPos updated: X=32.563 Y=139.673 Z=59.084
[17:35:42.729] GRBL WPos updated: X=32.563 Y=135.467 Z=59.084
[17:35:42.862] GRBL WPos updated: X=32.563 Y=133.371 Z=59.084
[17:35:42.999] GRBL WPos updated: X=32.563 Y=132.047 Z=59.084
[17:35:43.003] GRBL WPos updated: X=32.563 Y=131.738 Z=59.084
[17:35:43.266] BUTTON command sent: 'G91\nG0 Y-10 F900\nG90'
[17:35:43.399] GRBL WPos updated: X=32.563 Y=131.248 Z=59.084
[17:35:43.656] GRBL WPos updated: X=32.563 Y=131.218 Z=59.084
[17:35:43.787] GRBL WPos updated: X=32.563 Y=127.282 Z=59.084
[17:35:43.791] GRBL WPos updated: X=32.563 Y=124.481 Z=59.084
[17:35:43.992] GRBL WPos updated: X=32.563 Y=124.410 Z=59.084
[17:35:44.259] GRBL WPos updated: X=32.563 Y=122.035 Z=59.084
[17:35:44.391] GRBL WPos updated: X=32.563 Y=121.738 Z=59.084
[17:35:44.396] BUTTON command sent: 'G91\nG0 Y-10 F900\nG90'
[17:35:44.653] GRBL WPos updated: X=32.563 Y=121.736 Z=59.084
[17:35:44.784] GRBL WPos updated: X=32.563 Y=119.795 Z=59.084
[17:35:44.791] GRBL WPos updated: X=32.563 Y=117.327 Z=59.084
[17:35:45.070] GRBL WPos updated: X=32.563 Y=117.168 Z=59.084
[17:35:45.140] GRBL WPos updated: X=32.563 Y=112.423 Z=59.084
[17:35:45.146] GRBL WPos updated: X=32.563 Y=111.938 Z=59.084
[17:35:45.382] GRBL WPos updated: X=32.563 Y=111.910 Z=59.084
[17:35:45.387] BUTTON command sent: 'G91\nG0 Y-10 F900\nG90'
[17:35:45.392] GRBL WPos updated: X=32.563 Y=111.738 Z=59.084
[17:35:45.649] GRBL WPos updated: X=32.563 Y=111.737 Z=59.084
[17:35:45.779] GRBL WPos updated: X=32.563 Y=109.719 Z=59.084
[17:35:45.784] GRBL WPos updated: X=32.563 Y=107.236 Z=59.084
[17:35:45.913] GRBL WPos updated: X=32.563 Y=107.121 Z=59.084
[17:35:46.178] GRBL WPos updated: X=32.563 Y=104.392 Z=59.084
[17:35:46.310] GRBL WPos updated: X=32.563 Y=101.775 Z=59.084
[17:35:46.315] GRBL WPos updated: X=32.563 Y=101.738 Z=59.084
[17:35:46.646] BUTTON command sent: 'G91\nG0 Y-10 F900\nG90'
[17:35:46.908] GRBL WPos updated: X=32.563 Y=101.226 Z=59.084
[17:35:46.913] GRBL WPos updated: X=32.563 Y=99.719 Z=59.084
[17:35:47.169] GRBL WPos updated: X=32.563 Y=99.641 Z=59.084
[17:35:47.303] GRBL WPos updated: X=32.563 Y=94.446 Z=59.084
[17:35:47.307] GRBL WPos updated: X=32.563 Y=92.584 Z=59.084
[17:35:47.569] GRBL WPos updated: X=32.563 Y=92.545 Z=59.084
[17:35:47.637] GRBL WPos updated: X=32.563 Y=91.738 Z=59.084
[17:35:51.907] BUTTON command sent: 'G91\nG0 Y-10 F900\nG90'
[17:35:52.165] GRBL WPos updated: X=32.563 Y=91.737 Z=59.084
[17:35:52.295] GRBL WPos updated: X=32.563 Y=89.795 Z=59.084
[17:35:52.303] GRBL WPos updated: X=32.563 Y=87.349 Z=59.084
[17:35:52.560] GRBL WPos updated: X=32.563 Y=87.167 Z=59.084
[17:35:52.695] GRBL WPos updated: X=32.563 Y=82.635 Z=59.084
[17:35:52.703] GRBL WPos updated: X=32.563 Y=81.784 Z=59.084
[17:35:52.959] GRBL WPos updated: X=32.563 Y=81.767 Z=59.084
[17:35:53.096] GRBL WPos updated: X=32.563 Y=81.738 Z=59.084
[17:35:54.958] BUTTON command sent: 'G91\nG0 Y-10 F900\nG90'
[17:35:55.088] GRBL WPos updated: X=32.563 Y=81.279 Z=59.084
[17:35:55.340] GRBL WPos updated: X=32.563 Y=81.241 Z=59.084
[17:35:55.470] GRBL WPos updated: X=32.563 Y=77.461 Z=59.084
[17:35:55.608] GRBL WPos updated: X=32.563 Y=74.645 Z=59.084
[17:35:55.616] GRBL WPos updated: X=32.563 Y=72.655 Z=59.084
[17:35:56.009] GRBL WPos updated: X=32.563 Y=72.574 Z=59.084
[17:35:56.142] GRBL WPos updated: X=32.563 Y=71.738 Z=59.084
[17:35:56.939] BUTTON command sent: 'G91\nG0 X10 F900\nG90'
[17:35:57.175] GRBL WPos updated: X=32.911 Y=71.738 Z=59.084
[17:35:57.314] GRBL WPos updated: X=34.202 Y=71.738 Z=59.084
[17:35:57.319] GRBL WPos updated: X=36.685 Y=71.738 Z=59.084
[17:35:57.581] GRBL WPos updated: X=36.795 Y=71.738 Z=59.084
[17:35:57.714] GRBL WPos updated: X=41.560 Y=71.738 Z=59.084
[17:35:57.719] GRBL WPos updated: X=42.486 Y=71.738 Z=59.084
[17:35:57.979] GRBL WPos updated: X=42.500 Y=71.738 Z=59.084
[17:35:58.115] GRBL WPos updated: X=42.563 Y=71.738 Z=59.084
[17:37:49.919] BUTTON command sent: 'G91\nG0 Y-10 F900\nG90'
[17:37:50.178] GRBL WPos updated: X=42.563 Y=71.256 Z=59.084
[17:37:50.309] GRBL WPos updated: X=42.563 Y=69.765 Z=59.084
[17:37:50.314] GRBL WPos updated: X=42.563 Y=67.282 Z=59.084
[17:37:50.576] GRBL WPos updated: X=42.563 Y=67.168 Z=59.084
[17:37:50.711] GRBL WPos updated: X=42.563 Y=62.574 Z=59.084
[17:37:50.715] GRBL WPos updated: X=42.563 Y=61.773 Z=59.084
[17:37:50.975] GRBL WPos updated: X=42.563 Y=61.764 Z=59.084
[17:37:51.106] GRBL WPos updated: X=42.563 Y=61.738 Z=59.084
[17:39:04.835] Saved profile to /home/uzfm/ProbeCAM-CNC/data/probe_cam_profile.json
[17:39:04.838] Failed to read camera frame
[17:39:11.782] Detected cameras: ['Camera 0 (v4l2)']
[17:39:11.787] Detected serial ports: ['/dev/ttyACM0']
[17:39:11.788] Loaded profile from /home/uzfm/ProbeCAM-CNC/data/probe_cam_profile.json
[17:39:11.789] Application initialized. Load a profile or start scanning cameras.
[17:39:19.472] Applied camera settings: {'width': 640, 'height': 480, 'fps': 30, 'exposure': -5, 'gain': 52, 'auto_exposure': True}
[17:39:19.475] Camera started: Camera 0 (v4l2)
[17:41:10.927] Saved profile to /home/uzfm/ProbeCAM-CNC/data/probe_cam_profile.json
[17:41:10.929] Failed to read camera frame
[18:11:37.058] Detected cameras: ['Camera 0 (v4l2)']
[18:11:37.064] Detected serial ports: ['/dev/ttyACM0']
[18:11:37.065] Loaded profile from /home/uzfm/ProbeCAM-CNC/data/probe_cam_profile.json
[18:11:37.066] Application initialized. Load a profile or start scanning cameras.
[01:16:18.838] No camera detected by OpenCV; if you have a webcam or Logitech UVC device, try reconnecting it and click Refresh cameras
[01:16:18.844] Detected serial ports: ['COM1', 'COM4', 'COM3', 'COM5']
[01:16:18.845] Loaded profile from E:\PROGRAM\ProbeCAM-CNC\.git\ProbeCAM-CNC\data\probe_cam_profile.json
[01:16:18.845] Application initialized. Load a profile or start scanning cameras.
[01:16:37.801] No camera selected
[01:16:56.007] No camera selected
[01:17:04.995] Connected to COM5 at 115200 baud; status polling started
[01:17:05.104] GRBL WPos updated: X=984.588 Y=248.272 Z=-48.580
[01:17:05.760] GRBL WPos updated: X=61.400 Y=30.472 Z=-79.652
[01:17:07.919] BUTTON command sent: 'G91\nG0 X0.01 F600\nG90'
[01:17:08.163] GRBL WPos updated: X=61.408 Y=30.472 Z=-79.652
[01:17:09.436] BUTTON command sent: 'G91\nG0 X0.01 F600\nG90'
[01:17:09.584] GRBL WPos updated: X=61.412 Y=30.472 Z=-79.652
[01:17:09.692] GRBL WPos updated: X=61.420 Y=30.472 Z=-79.652
[01:17:10.201] BUTTON command sent: 'G91\nG0 X0.01 F600\nG90'
[01:17:10.361] GRBL WPos updated: X=61.424 Y=30.472 Z=-79.652
[01:17:10.470] GRBL WPos updated: X=61.428 Y=30.472 Z=-79.652
[01:17:12.380] BUTTON command sent: 'G91\nG0 X0.01 F600\nG90'
[01:17:12.553] GRBL WPos updated: X=61.432 Y=30.472 Z=-79.652
[01:17:12.659] GRBL WPos updated: X=61.440 Y=30.472 Z=-79.652
[01:17:12.692] BUTTON command sent: 'G91\nG0 X0.01 F600\nG90'
[01:17:12.877] GRBL WPos updated: X=61.448 Y=30.472 Z=-79.652
[01:17:12.903] BUTTON command sent: 'G91\nG0 X0.01 F600\nG90'
[01:17:13.098] GRBL WPos updated: X=61.456 Y=30.472 Z=-79.652
[01:17:13.129] BUTTON command sent: 'G91\nG0 X0.01 F600\nG90'
[01:17:13.208] GRBL WPos updated: X=61.460 Y=30.472 Z=-79.652
[01:17:13.318] GRBL WPos updated: X=61.468 Y=30.472 Z=-79.652
[01:17:13.340] BUTTON command sent: 'G91\nG0 X0.01 F600\nG90'
[01:17:13.511] BUTTON command sent: 'G91\nG0 X0.01 F600\nG90'
[01:17:13.533] GRBL WPos updated: X=61.476 Y=30.472 Z=-79.652
[01:17:13.641] GRBL WPos updated: X=61.480 Y=30.472 Z=-79.652
[01:17:13.750] GRBL WPos updated: X=61.488 Y=30.472 Z=-79.652
[01:17:17.052] GRBL WPos updated: X=61.496 Y=30.472 Z=-79.652
[01:17:17.160] GRBL WPos updated: X=61.508 Y=30.472 Z=-79.652
[01:17:17.708] GRBL WPos updated: X=61.520 Y=30.472 Z=-79.652
[01:17:17.927] GRBL WPos updated: X=61.532 Y=30.472 Z=-79.652
[01:17:18.039] GRBL WPos updated: X=61.540 Y=30.472 Z=-79.652
[01:17:18.145] GRBL WPos updated: X=61.556 Y=30.472 Z=-79.652
[01:17:18.256] GRBL WPos updated: X=61.560 Y=30.472 Z=-79.652
[01:17:18.365] GRBL WPos updated: X=61.572 Y=30.472 Z=-79.652
[01:17:18.479] GRBL WPos updated: X=61.580 Y=30.472 Z=-79.652
[01:17:18.587] GRBL WPos updated: X=61.592 Y=30.472 Z=-79.652
[01:17:18.697] GRBL WPos updated: X=61.600 Y=30.472 Z=-79.652
[01:17:18.807] GRBL WPos updated: X=61.612 Y=30.472 Z=-79.652
[01:17:18.916] GRBL WPos updated: X=61.620 Y=30.472 Z=-79.652
[01:17:19.025] GRBL WPos updated: X=61.632 Y=30.472 Z=-79.652
[01:17:19.133] GRBL WPos updated: X=61.640 Y=30.472 Z=-79.652
[01:17:19.243] GRBL WPos updated: X=61.652 Y=30.472 Z=-79.652
[01:17:19.351] GRBL WPos updated: X=61.660 Y=30.472 Z=-79.652
[01:17:19.463] GRBL WPos updated: X=61.672 Y=30.472 Z=-79.652
[01:17:19.571] GRBL WPos updated: X=61.680 Y=30.472 Z=-79.652
[01:17:19.681] GRBL WPos updated: X=61.692 Y=30.472 Z=-79.652
[01:17:19.790] GRBL WPos updated: X=61.700 Y=30.472 Z=-79.652
[01:17:19.898] GRBL WPos updated: X=61.712 Y=30.472 Z=-79.652
[01:17:20.009] GRBL WPos updated: X=61.720 Y=30.472 Z=-79.652
[01:17:20.111] GRBL WPos updated: X=61.732 Y=30.472 Z=-79.652
[01:17:42.900] Vision: no camera frame available
[01:17:43.660] Vision: no camera frame available
[01:17:43.982] Vision: no camera frame available
[01:17:44.207] Vision: no camera frame available
[01:17:45.020] Vision: no camera frame available
[01:17:45.403] Vision: no camera frame available
[01:17:51.068] Vision: no camera frame available
[01:17:51.474] Vision: no camera frame available
[01:17:52.674] Vision: no camera frame available
[01:17:53.635] Vision: no camera frame available
[02:16:13.863] No camera detected by OpenCV; if you have a webcam or Logitech UVC device, try reconnecting it and click Refresh cameras
[02:16:13.885] Detected serial ports: ['COM1', 'COM4', 'COM5', 'COM3']
[02:16:13.885] Loaded profile from E:\PROGRAM\ProbeCAM-CNC\.git\ProbeCAM-CNC\data\probe_cam_profile.json
[02:16:13.886] Application initialized. Load a profile or start scanning cameras.
[02:16:13.890] Saved profile to E:\PROGRAM\ProbeCAM-CNC\.git\ProbeCAM-CNC\data\probe_cam_profile.json
[02:17:51.072] No camera detected by OpenCV; if you have a webcam or Logitech UVC device, try reconnecting it and click Refresh cameras
[02:17:51.077] Detected serial ports: ['COM1', 'COM4', 'COM5', 'COM3']
[02:17:51.083] Loaded profile from E:\PROGRAM\ProbeCAM-CNC\.git\ProbeCAM-CNC\data\probe_cam_profile.json
[02:17:51.083] Application initialized. Load a profile or start scanning cameras.
[02:17:51.085] Saved profile to E:\PROGRAM\ProbeCAM-CNC\.git\ProbeCAM-CNC\data\probe_cam_profile.json
[02:19:07.152] No camera detected by OpenCV; if you have a webcam or Logitech UVC device, try reconnecting it and click Refresh cameras
[02:19:07.158] Detected serial ports: ['COM1', 'COM4', 'COM5', 'COM3']
[02:19:07.160] Loaded profile from E:\PROGRAM\ProbeCAM-CNC\.git\ProbeCAM-CNC\data\probe_cam_profile.json
[02:19:07.160] Application initialized. Load a profile or start scanning cameras.
[02:20:24.513] Saved profile to E:\PROGRAM\ProbeCAM-CNC\.git\ProbeCAM-CNC\data\probe_cam_profile.json
[02:24:05.566] No camera detected by OpenCV; if you have a webcam or Logitech UVC device, try reconnecting it and click Refresh cameras
[02:24:05.572] Detected serial ports: ['COM1', 'COM4', 'COM5', 'COM3']
[02:24:05.573] Loaded profile from E:\PROGRAM\ProbeCAM-CNC\.git\ProbeCAM-CNC\data\probe_cam_profile.json
[02:24:05.573] Application initialized. Load a profile or start scanning cameras.
[02:24:05.575] Saved profile to E:\PROGRAM\ProbeCAM-CNC\.git\ProbeCAM-CNC\data\probe_cam_profile.json
[02:24:22.272] No camera detected by OpenCV; if you have a webcam or Logitech UVC device, try reconnecting it and click Refresh cameras
[02:24:22.277] Detected serial ports: ['COM1', 'COM4', 'COM5', 'COM3']
[02:24:22.278] Loaded profile from E:\PROGRAM\ProbeCAM-CNC\.git\ProbeCAM-CNC\data\probe_cam_profile.json
[02:24:22.278] Application initialized. Load a profile or start scanning cameras.
[02:25:32.985] No camera detected by OpenCV; if you have a webcam or Logitech UVC device, try reconnecting it and click Refresh cameras
[02:25:32.991] Detected serial ports: ['COM1', 'COM4', 'COM5', 'COM3']
[02:25:32.991] Loaded profile from E:\PROGRAM\ProbeCAM-CNC\.git\ProbeCAM-CNC\data\probe_cam_profile.json
[02:25:32.992] Application initialized. Load a profile or start scanning cameras.
[02:25:32.993] Saved profile to E:\PROGRAM\ProbeCAM-CNC\.git\ProbeCAM-CNC\data\probe_cam_profile.json
[02:25:43.762] No camera detected by OpenCV; if you have a webcam or Logitech UVC device, try reconnecting it and click Refresh cameras
[02:25:43.767] Detected serial ports: ['COM1', 'COM4', 'COM5', 'COM3']
[02:25:43.768] Loaded profile from E:\PROGRAM\ProbeCAM-CNC\.git\ProbeCAM-CNC\data\probe_cam_profile.json
[02:25:43.769] Application initialized. Load a profile or start scanning cameras.
[02:25:43.770] Target calibration requires an active camera frame
[02:25:43.770] Camera ↔ Spindle offset stored in calibration profile
[02:25:43.771] Vision: no camera frame available
[02:25:43.771] No active motion connection
[02:25:43.771] ZERO ALL: requested; waiting for updated WPos
[02:25:43.772] Saved profile to E:\PROGRAM\ProbeCAM-CNC\.git\ProbeCAM-CNC\data\probe_cam_profile.json
[02:26:06.994] No camera detected by OpenCV; if you have a webcam or Logitech UVC device, try reconnecting it and click Refresh cameras
[02:26:07.000] Detected serial ports: ['COM1', 'COM4', 'COM5', 'COM3']
[02:26:07.001] Loaded profile from E:\PROGRAM\ProbeCAM-CNC\.git\ProbeCAM-CNC\data\probe_cam_profile.json
[02:26:07.001] Application initialized. Load a profile or start scanning cameras.
[02:26:37.879] Target calibration requires an active camera frame
[02:26:40.318] Camera ↔ Spindle offset stored in calibration profile
[02:28:10.275] Saved profile to E:\PROGRAM\ProbeCAM-CNC\.git\ProbeCAM-CNC\data\probe_cam_profile.json
[02:30:09.464] No camera detected by OpenCV; if you have a webcam or Logitech UVC device, try reconnecting it and click Refresh cameras
[02:30:09.469] Detected serial ports: ['COM1', 'COM4', 'COM5', 'COM3']
[02:30:09.470] Loaded profile from E:\PROGRAM\ProbeCAM-CNC\.git\ProbeCAM-CNC\data\probe_cam_profile.json
[02:30:09.471] Application initialized. Load a profile or start scanning cameras.
[02:30:09.473] Saved profile to E:\PROGRAM\ProbeCAM-CNC\.git\ProbeCAM-CNC\data\probe_cam_profile.json
[02:30:23.708] No camera detected by OpenCV; if you have a webcam or Logitech UVC device, try reconnecting it and click Refresh cameras
[02:30:23.714] Detected serial ports: ['COM1', 'COM4', 'COM5', 'COM3']
[02:30:23.715] Loaded profile from E:\PROGRAM\ProbeCAM-CNC\.git\ProbeCAM-CNC\data\probe_cam_profile.json
[02:30:23.716] Application initialized. Load a profile or start scanning cameras.
[02:31:39.332] Vision: no camera frame available
[02:31:40.135] Vision: no camera frame available
[02:31:40.474] Vision: no camera frame available
[02:31:40.902] Vision: no camera frame available
[02:31:46.917] Vision: no camera frame available
[02:31:47.675] Vision: no camera frame available
[02:31:48.740] Vision: no camera frame available
[02:31:49.526] Vision: no camera frame available
[02:32:06.342] Vision: no camera frame available
[02:32:06.831] Vision: no camera frame available
[02:32:07.308] Vision: no camera frame available
[02:32:45.625] Loaded profile from E:\PROGRAM\ProbeCAM-CNC\.git\ProbeCAM-CNC\data\probe_cam_profile.json
[02:32:57.036] Saved profile to E:\PROGRAM\ProbeCAM-CNC\.git\ProbeCAM-CNC\data\probe_cam_profile.json
